developer_id,user_name,user_email,task_id,task_title,project_id,project_name,dev_experience_years,dev_availability_status,dev_availability_encoded,dev_performance_score,dev_total_skills_count,dev_workload_score,dev_capacity_hours,dev_active_task_count,dev_workload_status,dev_workload_status_encoded,task_estimated_hours,task_complexity,task_complexity_encoded,task_priority,task_priority_encoded,task_status,task_required_skill_count,matching_skill_count,skill_coverage_ratio,avg_required_level,avg_developer_level,avg_proficiency_gap,min_proficiency_gap,weighted_skill_match_score,is_historically_assigned,label_target
00000000-0000-0000-0000-000000004a62,Synthetic Dev 19,synth_dev_19@devalign.research,00000000-0000-0000-0000-0000000061d2,Synthetic Task 5,00000000-0000-0000-0000-00000000273a,Synthetic Project 1,15.0,UNAVAILABLE,0.0,97.8,7,0.0,2.0,0,AVAILABLE,0,60.0,HIGH,3,LOW,1,TODO,3,3,1.0,77.17,61.5,-15.67,-38.3,77.76,1,0
00000000-0000-0000-0000-000000007d2a,Synthetic Dev 32,synth_dev_32@devalign.research,00000000-0000-0000-0000-00000000ea8a,Synthetic Task 12,00000000-0000-0000-0000-00000000755a,Synthetic Project 3,10.0,AVAILABLE,1.0,55.2,4,0.0,40.0,0,AVAILABLE,0,32.5,HIGH,3,HIGH,3,TODO,3,2,0.6667,65.7,42.5,-23.2,-59.7,50.86,0,0
00000000-0000-0000-0000-00000000273a,Synthetic Dev 10,synth_dev_10@devalign.research,00000000-0000-0000-0000-00000000ea8a,Synthetic Task 12,00000000-0000-0000-0000-00000000755a,Synthetic Project 3,11.6,UNAVAILABLE,0.0,60.5,4,1745.0,2.0,3,OVERLOADED,3,32.5,HIGH,3,HIGH,3,TODO,3,2,0.6667,65.7,51.3,-14.4,-72.1,66.67,0,0
00000000-0000-0000-0000-000000004a62,Synthetic Dev 19,synth_dev_19@devalign.research,00000000-0000-0000-0000-000000009c6a,Synthetic Task 8,00000000-0000-0000-0000-000000009c6a,Synthetic Project 4,15.0,UNAVAILABLE,0.0,97.8,7,0.0,2.0,0,AVAILABLE,0,40.8,HIGH,3,LOW,1,TODO,4,2,0.5,75.05,27.52,-47.53,-75.0,34.26,0,0
00000000-0000-0000-0000-000000009c6a,Synthetic Dev 40,synth_dev_40@devalign.research,00000000-0000-0000-0000-00000001119a,Synthetic Task 14,00000000-0000-0000-0000-00000000c37a,Synthetic Project 5,9.3,UNAVAILABLE,0.0,87.2,4,0.0,2.0,0,AVAILABLE,0,52.5,HIGH,3,CRITICAL,4,TODO,4,1,0.25,68.72,22.8,-45.92,-72.1,25.0,0,0
00000000-0000-0000-0000-000000007d2a,Synthetic Dev 32,synth_dev_32@devalign.research,00000000-0000-0000-0000-00000001fbfa,Synthetic Task 26,00000000-0000-0000-0000-000000004e4a,Synthetic Project 2,10.0,AVAILABLE,1.0,55.2,4,0.0,40.0,0,AVAILABLE,0,16.3,LOW,1,HIGH,3,TODO,2,0,0.0,77.95,0.0,-77.95,-78.8,0.0,0,0
00000000-0000-0000-0000-000000009c6a,Synthetic Dev 40,synth_dev_40@devalign.research,00000000-0000-0000-0000-000000014c32,Synthetic Task 17,00000000-0000-0000-0000-00000000755a,Synthetic Project 3,9.3,UNAVAILABLE,0.0,87.2,4,0.0,2.0,0,AVAILABLE,0,53.0,MEDIUM,2,LOW,1,TODO,4,2,0.5,69.43,35.85,-33.58,-76.2,49.2,0,0
00000000-0000-0000-0000-0000000007fa,Synthetic Dev 2,synth_dev_2@devalign.research,00000000-0000-0000-0000-00000000c37a,Synthetic Task 10,00000000-0000-0000-0000-00000000273a,Synthetic Project 1,0.9,UNAVAILABLE,0.0,63.6,6,1585.0,2.0,4,OVERLOADED,3,21.4,HIGH,3,MEDIUM,2,TODO,1,0,0.0,66.3,0.0,-66.3,-66.3,0.0,1,0
00000000-0000-0000-0000-000000005a02,Synthetic Dev 23,synth_dev_23@devalign.research,00000000-0000-0000-0000-00000000aff2,Synthetic Task 9,00000000-0000-0000-0000-00000000c37a,Synthetic Project 5,1.1,AVAILABLE,1.0,70.7,4,0.0,40.0,0,AVAILABLE,0,34.8,LOW,1,HIGH,3,TODO,3,1,0.3333,69.47,28.97,-40.5,-75.2,33.33,0,0
00000000-0000-0000-0000-00000000a052,Synthetic Dev 41,synth_dev_41@devalign.research,00000000-0000-0000-0000-000000017342,Synthetic Task 19,00000000-0000-0000-0000-00000000c37a,Synthetic Project 5,1.6,AVAILABLE,1.0,84.7,5,14.3,40.0,1,AVAILABLE,0,17.1,HIGH,3,LOW,1,TODO,3,1,0.3333,82.57,18.03,-64.53,-89.1,22.43,0,0
00000000-0000-0000-0000-000000009882,Synthetic Dev 39,synth_dev_39@devalign.research,00000000-0000-0000-0000-0000000138aa,Synthetic Task 16,00000000-0000-0000-0000-000000004e4a,Synthetic Project 2,14.3,AVAILABLE,1.0,63.6,4,0.0,40.0,0,AVAILABLE,0,59.4,MEDIUM,2,CRITICAL,4,TODO,2,1,0.5,71.8,30.1,-41.7,-88.6,50.0,1,0
00000000-0000-0000-0000-0000000007fa,Synthetic Dev 2,synth_dev_2@devalign.research,00000000-0000-0000-0000-00000000273a,Synthetic Task 2,00000000-0000-0000-0000-00000000755a,Synthetic Project 3,0.9,UNAVAILABLE,0.0,63.6,6,1585.0,2.0,4,OVERLOADED,3,54.9,HIGH,3,MEDIUM,2,TODO,2,2,1.0,59.45,64.1,4.65,-20.6,81.8,0,0
00000000-0000-0000-0000-00000000273a,Synthetic Dev 10,synth_dev_10@devalign.research,00000000-0000-0000-0000-00000001d4ea,Synthetic Task 24,00000000-0000-0000-0000-00000000c37a,Synthetic Project 5,11.6,UNAVAILABLE,0.0,60.5,4,1745.0,2.0,3,OVERLOADED,3,29.6,MEDIUM,2,HIGH,3,TODO,3,1,0.3333,61.33,24.93,-36.4,-64.4,33.33,0,0
00000000-0000-0000-0000-000000002b22,Synthetic Dev 11,synth_dev_11@devalign.research,00000000-0000-0000-0000-000000023692,Synthetic Task 29,00000000-0000-0000-0000-00000000c37a,Synthetic Project 5,14.9,PARTIAL,0.5,82.9,6,169.5,20.0,3,OVERLOADED,3,15.2,MEDIUM,2,MEDIUM,2,TODO,3,1,0.3333,75.5,14.77,-60.73,-83.0,17.75,0,0
00000000-0000-0000-0000-000000001b82,Synthetic Dev 7,synth_dev_7@devalign.research,00000000-0000-0000-0000-0000000088e2,Synthetic Task 7,00000000-0000-0000-0000-00000000755a,Synthetic Project 3,9.1,PARTIAL,0.5,75.1,3,118.0,20.0,2,OVERLOADED,3,20.1,HIGH,3,CRITICAL,4,TODO,4,1,0.25,70.12,13.03,-57.1,-88.8,20.81,0,0
00000000-0000-0000-0000-0000000084fa,Synthetic Dev 34,synth_dev_34@devalign.research,00000000-0000-0000-0000-00000000273a,Synthetic Task 2,00000000-0000-0000-0000-00000000755a,Synthetic Project 3,7.5,UNAVAILABLE,0.0,65.3,5,830.0,2.0,3,OVERLOADED,3,54.9,HIGH,3,MEDIUM,2,TODO,2,0,0.0,59.45,0.0,-59.45,-62.3,0.0,1,0
00000000-0000-0000-0000-000000004292,Synthetic Dev 17,synth_dev_17@devalign.research,00000000-0000-0000-0000-00000000c37a,Synthetic Task 10,00000000-0000-0000-0000-00000000273a,Synthetic Project 1,13.8,UNAVAILABLE,0.0,77.8,3,0.0,2.0,0,AVAILABLE,0,21.4,HIGH,3,MEDIUM,2,TODO,1,1,1.0,66.3,37.8,-28.5,-28.5,57.01,0,0
00000000-0000-0000-0000-00000000aff2,Synthetic Dev 45,synth_dev_45@devalign.research,00000000-0000-0000-0000-000000015fba,Synthetic Task 18,00000000-0000-0000-0000-000000009c6a,Synthetic Project 4,7.4,PARTIAL,0.5,77.8,7,179.5,20.0,3,OVERLOADED,3,23.0,MEDIUM,2,HIGH,3,TODO,4,4,1.0,75.42,56.55,-18.88,-47.7,73.36,0,0
00000000-0000-0000-0000-000000007172,Synthetic Dev 29,synth_dev_29@devalign.research,00000000-0000-0000-0000-000000014c32,Synthetic Task 17,00000000-0000-0000-0000-00000000755a,Synthetic Project 3,13.6,UNAVAILABLE,0.0,81.5,3,785.0,2.0,2,OVERLOADED,3,53.0,MEDIUM,2,LOW,1,TODO,4,0,0.0,69.43,0.0,-69.43,-78.9,0.0,0,0
00000000-0000-0000-0000-00000000a052,Synthetic Dev 41,synth_dev_41@devalign.research,00000000-0000-0000-0000-000000012522,Synthetic Task 15,00000000-0000-0000-0000-00000000273a,Synthetic Project 1,1.6,AVAILABLE,1.0,84.7,5,14.3,40.0,1,AVAILABLE,0,36.0,LOW,1,MEDIUM,2,TODO,2,1,0.5,65.8,31.45,-34.35,-62.7,45.65,0,0
00000000-0000-0000-0000-000000003ac2,Synthetic Dev 15,synth_dev_15@devalign.research,00000000-0000-0000-0000-00000002230a,Synthetic Task 28,00000000-0000-0000-0000-000000009c6a,Synthetic Project 4,13.9,AVAILABLE,1.0,91.5,6,19.5,40.0,1,AVAILABLE,0,45.0,LOW,1,HIGH,3,TODO,1,0,0.0,63.1,0.0,-63.1,-63.1,0.0,0,0
00000000-0000-0000-0000-0000000090b2,Synthetic Dev 37,synth_dev_37@devalign.research,00000000-0000-0000-0000-0000000061d2,Synthetic Task 5,00000000-0000-0000-0000-00000000273a,Synthetic Project 1,8.2,UNAVAILABLE,0.0,94.0,3,1790.0,2.0,4,OVERLOADED,3,60.0,HIGH,3,LOW,1,TODO,3,1,0.3333,77.17,15.63,-61.53,-76.1,18.05,0,0
00000000-0000-0000-0000-0000000013b2,Synthetic Dev 5,synth_dev_5@devalign.research,00000000-0000-0000-0000-000000019a52,Synthetic Task 21,00000000-0000-0000-0000-000000004e4a,Synthetic Project 2,4.0,UNAVAILABLE,0.0,74.9,7,1195.0,2.0,2,OVERLOADED,3,33.7,LOW,1,MEDIUM,2,TODO,2,2,1.0,69.0,64.15,-4.85,-29.1,82.84,0,0
00000000-0000-0000-0000-0000000069a2,Synthetic Dev 27,synth_dev_27@devalign.research,00000000-0000-0000-0000-000000017342,Synthetic Task 19,00000000-0000-0000-0000-00000000c37a,Synthetic Project 5,6.8,UNAVAILABLE,0.0,86.3,7,805.0,2.0,2,OVERLOADED,3,17.1,HIGH,3,LOW,1,TODO,3,3,1.0,82.57,73.6,-8.97,-16.6,87.69,0,0
00000000-0000-0000-0000-00000000179a,Synthetic Dev 6,synth_dev_6@devalign.research,00000000-0000-0000-0000-00000001c162,Synthetic Task 23,00000000-0000-0000-0000-000000009c6a,Synthetic Project 4,7.2,UNAVAILABLE,0.0,66.4,7,510.0,2.0,1,OVERLOADED,3,54.3,HIGH,3,LOW,1,TODO,4,3,0.75,70.15,35.95,-34.2,-75.6,51.88,0,0
00000000-0000-0000-0000-000000005232,Synthetic Dev 21,synth_dev_21@devalign.research,00000000-0000-0000-0000-000000014c32,Synthetic Task 17,00000000-0000-0000-0000-00000000755a,Synthetic Project 3,9.7,UNAVAILABLE,0.0,66.4,3,1015.0,2.0,3,OVERLOADED,3,53.0,MEDIUM,2,LOW,1,TODO,4,1,0.25,69.43,8.22,-61.2,-76.2,10.42,0,0
00000000-0000-0000-0000-000000000412,Synthetic Dev 1,synth_dev_1@devalign.research,00000000-0000-0000-0000-000000023692,Synthetic Task 29,00000000-0000-0000-0000-00000000c37a,Synthetic Project 5,2.1,UNAVAILABLE,0.0,86.9,3,330.0,2.0,1,OVERLOADED,3,15.2,MEDIUM,2,MEDIUM,2,TODO,3,1,0.3333,75.5,10.7,-64.8,-83.0,12.86,0,0
00000000-0000-0000-0000-000000004292,Synthetic Dev 17,synth_dev_17@devalign.research,00000000-0000-0000-0000-00000000aff2,Synthetic Task 9,00000000-0000-0000-0000-00000000c37a,Synthetic Project 5,13.8,UNAVAILABLE,0.0,77.8,3,0.0,2.0,0,AVAILABLE,0,34.8,LOW,1,HIGH,3,TODO,3,1,0.3333,69.47,15.1,-54.37,-75.2,18.41,0,0
00000000-0000-0000-0000-00000000c37a,Synthetic Dev 50,synth_dev_50@devalign.research,00000000-0000-0000-0000-00000000fe12,Synthetic Task 13,00000000-0000-0000-0000-000000009c6a,Synthetic Project 4,1.7,UNAVAILABLE,0.0,65.3,3,1105.0,2.0,4,OVERLOADED,3,52.4,HIGH,3,MEDIUM,2,TODO,3,1,0.3333,68.67,16.3,-52.37,-61.9,19.69,0,0
00000000-0000-0000-0000-00000000b7c2,Synthetic Dev 47,synth_dev_47@devalign.research,00000000-0000-0000-0000-00000001c162,Synthetic Task 23,00000000-0000-0000-0000-000000009c6a,Synthetic Project 4,4.5,AVAILABLE,1.0,96.9,4,70.5,40.0,4,BALANCED,1,54.3,HIGH,3,LOW,1,TODO,4,2,0.5,70.15,36.23,-33.92,-73.5,42.23,0,0
00000000-0000-0000-0000-000000008112,Synthetic Dev 33,synth_dev_33@devalign.research,00000000-0000-0000-0000-00000000755a,Synthetic Task 6,00000000-0000-0000-0000-000000004e4a,Synthetic Project 2,10.2,PARTIAL,0.5,97.5,6,144.5,20.0,4,OVERLOADED,3,39.5,LOW,1,CRITICAL,4,TODO,4,2,0.5,71.9,29.55,-42.35,-84.3,40.23,0,0
00000000-0000-0000-0000-000000003ac2,Synthetic Dev 15,synth_dev_15@devalign.research,00000000-0000-0000-0000-000000003ac2,Synthetic Task 3,00000000-0000-0000-0000-000000009c6a,Synthetic Project 4,13.9,AVAILABLE,1.0,91.5,6,19.5,40.0,1,AVAILABLE,0,28.6,HIGH,3,HIGH,3,TODO,4,3,0.75,74.65,49.23,-25.42,-71.6,61.93,0,0
00000000-0000-0000-0000-0000000032f2,Synthetic Dev 13,synth_dev_13@devalign.research,00000000-0000-0000-0000-000000020f82,Synthetic Task 27,00000000-0000-0000-0000-00000000755a,Synthetic Project 3,6.5,PARTIAL,0.5,92.1,3,0.0,20.0,0,AVAILABLE,0,39.2,HIGH,3,MEDIUM,2,TODO,1,0,0.0,81.5,0.0,-81.5,-81.5,0.0,0,0
00000000-0000-0000-0000-0000000088e2,Synthetic Dev 35,synth_dev_35@devalign.research,00000000-0000-0000-0000-00000000273a,Synthetic Task 2,00000000-0000-0000-0000-00000000755a,Synthetic Project 3,6.4,PARTIAL,0.5,78.3,6,81.5,20.0,3,HIGH,2,54.9,HIGH,3,MEDIUM,2,TODO,2,1,0.5,59.45,27.65,-31.8,-56.6,44.38,1,0
00000000-0000-0000-0000-000000000fca,Synthetic Dev 4,synth_dev_4@devalign.research,00000000-0000-0000-0000-000000023692,Synthetic Task 29,00000000-0000-0000-0000-00000000c37a,Synthetic Project 5,12.9,AVAILABLE,1.0,92.3,5,52.0,40.0,3,BALANCED,1,15.2,MEDIUM,2,MEDIUM,2,TODO,3,1,0.3333,75.5,24.03,-51.47,-83.0,28.89,0,0
00000000-0000-0000-0000-000000003ac2,Synthetic Dev 15,synth_dev_15@devalign.research,00000000-0000-0000-0000-000000012522,Synthetic Task 15,00000000-0000-0000-0000-00000000273a,Synthetic Project 1,13.9,AVAILABLE,1.0,91.5,6,19.5,40.0,1,AVAILABLE,0,36.0,LOW,1,MEDIUM,2,TODO,2,2,1.0,65.8,64.1,-1.7,-15.5,87.64,0,1
00000000-0000-0000-0000-0000000036da,Synthetic Dev 14,synth_dev_14@devalign.research,00000000-0000-0000-0000-000000009c6a,Synthetic Task 8,00000000-0000-0000-0000-000000009c6a,Synthetic Project 4,7.0,UNAVAILABLE,0.0,73.1,3,825.0,2.0,2,OVERLOADED,3,40.8,HIGH,3,LOW,1,TODO,4,0,0.0,75.05,0.0,-75.05,-80.4,0.0,0,0
00000000-0000-0000-0000-000000002b22,Synthetic Dev 11,synth_dev_11@devalign.research,00000000-0000-0000-0000-00000001119a,Synthetic Task 14,00000000-0000-0000-0000-00000000c37a,Synthetic Project 5,14.9,PARTIAL,0.5,82.9,6,169.5,20.0,3,OVERLOADED,3,52.5,HIGH,3,CRITICAL,4,TODO,4,2,0.5,68.72,28.82,-39.9,-71.7,40.36,0,0
00000000-0000-0000-0000-0000000036da,Synthetic Dev 14,synth_dev_14@devalign.research,00000000-0000-0000-0000-000000015fba,Synthetic Task 18,00000000-0000-0000-0000-000000009c6a,Synthetic Project 4,7.0,UNAVAILABLE,0.0,73.1,3,825.0,2.0,2,OVERLOADED,3,23.0,MEDIUM,2,HIGH,3,TODO,4,1,0.25,75.42,21.07,-54.35,-85.5,25.0,0,0
00000000-0000-0000-0000-00000000467a,Synthetic Dev 18,synth_dev_18@devalign.research,00000000-0000-0000-0000-000000017342,Synthetic Task 19,00000000-0000-0000-0000-00000000c37a,Synthetic Project 5,4.1,UNAVAILABLE,0.0,80.6,7,1115.0,2.0,4,OVERLOADED,3,17.1,HIGH,3,LOW,1,TODO,3,2,0.6667,82.57,60.4,-22.17,-89.1,66.67,0,0
00000000-0000-0000-0000-00000000467a,Synthetic Dev 18,synth_dev_18@devalign.research,00000000-0000-0000-0000-00000000273a,Synthetic Task 2,00000000-0000-0000-0000-00000000755a,Synthetic Project 3,4.1,UNAVAILABLE,0.0,80.6,7,1115.0,2.0,4,OVERLOADED,3,54.9,HIGH,3,MEDIUM,2,TODO,2,1,0.5,59.45,45.2,-14.25,-62.3,50.0,0,0
00000000-0000-0000-0000-000000002f0a,Synthetic Dev 12,synth_dev_12@devalign.research,00000000-0000-0000-0000-00000000755a,Synthetic Task 6,00000000-0000-0000-0000-000000004e4a,Synthetic Project 2,13.0,AVAILABLE,1.0,58.0,6,17.2,40.0,1,AVAILABLE,0,39.5,LOW,1,CRITICAL,4,TODO,4,2,0.5,71.9,25.77,-46.12,-76.8,36.59,0,0
00000000-0000-0000-0000-000000007d2a,Synthetic Dev 32,synth_dev_32@devalign.research,00000000-0000-0000-0000-000000004e4a,Synthetic Task 4,00000000-0000-0000-0000-00000000c37a,Synthetic Project 5,10.0,AVAILABLE,1.0,55.2,4,0.0,40.0,0,AVAILABLE,0,37.8,HIGH,3,HIGH,3,TODO,1,0,0.0,59.2,0.0,-59.2,-59.2,0.0,0,0
00000000-0000-0000-0000-00000000ac0a,Synthetic Dev 44,synth_dev_44@devalign.research,00000000-0000-0000-0000-000000012522,Synthetic Task 15,00000000-0000-0000-0000-00000000273a,Synthetic Project 1,0.6,UNAVAILABLE,0.0,95.8,6,0.0,2.0,0,AVAILABLE,0,36.0,LOW,1,MEDIUM,2,TODO,2,1,0.5,65.8,36.6,-29.2,-68.9,50.0,0,0
00000000-0000-0000-0000-000000004a62,Synthetic Dev 19,synth_dev_19@devalign.research,00000000-0000-0000-0000-000000004e4a,Synthetic Task 4,00000000-0000-0000-0000-00000000c37a,Synthetic Project 5,15.0,UNAVAILABLE,0.0,97.8,7,0.0,2.0,0,AVAILABLE,0,37.8,HIGH,3,HIGH,3,TODO,1,1,1.0,59.2,94.2,35.0,35.0,100.0,0,0
00000000-0000-0000-0000-000000008cca,Synthetic Dev 36,synth_dev_36@devalign.research,00000000-0000-0000-0000-00000000ea8a,Synthetic Task 12,00000000-0000-0000-0000-00000000755a,Synthetic Project 3,13.5,UNAVAILABLE,0.0,76.0,3,805.0,2.0,2,OVERLOADED,3,32.5,HIGH,3,HIGH,3,TODO,3,1,0.3333,65.7,25.7,-40.0,-72.1,33.33,0,0
00000000-0000-0000-0000-000000008cca,Synthetic Dev 36,synth_dev_36@devalign.research,00000000-0000-0000-0000-00000001fbfa,Synthetic Task 26,00000000-0000-0000-0000-000000004e4a,Synthetic Project 2,13.5,UNAVAILABLE,0.0,76.0,3,805.0,2.0,2,OVERLOADED,3,16.3,LOW,1,HIGH,3,TODO,2,1,0.5,77.95,44.9,-33.05,-78.8,50.0,0,0
00000000-0000-0000-0000-000000004a62,Synthetic Dev 19,synth_dev_19@devalign.research,00000000-0000-0000-0000-000000020f82,Synthetic Task 27,00000000-0000-0000-0000-00000000755a,Synthetic Project 3,15.0,UNAVAILABLE,0.0,97.8,7,0.0,2.0,0,AVAILABLE,0,39.2,HIGH,3,MEDIUM,2,TODO,1,1,1.0,81.5,40.3,-41.2,-41.2,49.45,0,0
00000000-0000-0000-0000-000000001f6a,Synthetic Dev 8,synth_dev_8@devalign.research,00000000-0000-0000-0000-00000000c37a,Synthetic Task 10,00000000-0000-0000-0000-00000000273a,Synthetic Project 1,7.1,AVAILABLE,1.0,96.0,4,59.0,40.0,2,BALANCED,1,21.4,HIGH,3,MEDIUM,2,TODO,1,1,1.0,66.3,71.5,5.2,5.2,100.0,0,1
00000000-0000-0000-0000-00000000ac0a,Synthetic Dev 44,synth_dev_44@devalign.research,00000000-0000-0000-0000-0000000138aa,Synthetic Task 16,00000000-0000-0000-0000-000000004e4a,Synthetic Project 2,0.6,UNAVAILABLE,0.0,95.8,6,0.0,2.0,0,AVAILABLE,0,59.4,MEDIUM,2,CRITICAL,4,TODO,2,1,0.5,71.8,29.55,-42.25,-88.6,50.0,0,0
00000000-0000-0000-0000-00000000561a,Synthetic Dev 22,synth_dev_22@devalign.research,00000000-0000-0000-0000-000000024a1a,Synthetic Task 30,00000000-0000-0000-0000-00000000273a,Synthetic Project 1,2.8,PARTIAL,0.5,74.0,3,134.0,20.0,3,OVERLOADED,3,45.8,MEDIUM,2,HIGH,3,TODO,3,1,0.3333,76.23,28.07,-48.17,-88.7,33.33,0,0
00000000-0000-0000-0000-000000008cca,Synthetic Dev 36,synth_dev_36@devalign.research,00000000-0000-0000-0000-000000014c32,Synthetic Task 17,00000000-0000-0000-0000-00000000755a,Synthetic Project 3,13.5,UNAVAILABLE,0.0,76.0,3,805.0,2.0,2,OVERLOADED,3,53.0,MEDIUM,2,LOW,1,TODO,4,0,0.0,69.43,0.0,-69.43,-78.9,0.0,0,0
00000000-0000-0000-0000-000000001f6a,Synthetic Dev 8,synth_dev_8@devalign.research,00000000-0000-0000-0000-00000001c162,Synthetic Task 23,00000000-0000-0000-0000-000000009c6a,Synthetic Project 4,7.1,AVAILABLE,1.0,96.0,4,59.0,40.0,2,BALANCED,1,54.3,HIGH,3,LOW,1,TODO,4,2,0.5,70.15,27.85,-42.3,-75.6,39.73,0,0
00000000-0000-0000-0000-00000000179a,Synthetic Dev 6,synth_dev_6@devalign.research,00000000-0000-0000-0000-000000004e4a,Synthetic Task 4,00000000-0000-0000-0000-00000000c37a,Synthetic Project 5,7.2,UNAVAILABLE,0.0,66.4,7,510.0,2.0,1,OVERLOADED,3,37.8,HIGH,3,HIGH,3,TODO,1,1,1.0,59.2,81.5,22.3,22.3,100.0,0,0
00000000-0000-0000-0000-00000000c37a,Synthetic Dev 50,synth_dev_50@devalign.research,00000000-0000-0000-0000-00000000755a,Synthetic Task 6,00000000-0000-0000-0000-000000004e4a,Synthetic Project 2,1.7,UNAVAILABLE,0.0,65.3,3,1105.0,2.0,4,OVERLOADED,3,39.5,LOW,1,CRITICAL,4,TODO,4,1,0.25,71.9,11.25,-60.65,-84.3,14.65,0,0
00000000-0000-0000-0000-00000000ac0a,Synthetic Dev 44,synth_dev_44@devalign.research,00000000-0000-0000-0000-000000009c6a,Synthetic Task 8,00000000-0000-0000-0000-000000009c6a,Synthetic Project 4,0.6,UNAVAILABLE,0.0,95.8,6,0.0,2.0,0,AVAILABLE,0,40.8,HIGH,3,LOW,1,TODO,4,2,0.5,75.05,30.58,-44.48,-80.4,41.37,0,0
00000000-0000-0000-0000-000000007942,Synthetic Dev 31,synth_dev_31@devalign.research,00000000-0000-0000-0000-000000014c32,Synthetic Task 17,00000000-0000-0000-0000-00000000755a,Synthetic Project 3,2.6,AVAILABLE,1.0,57.0,3,69.5,40.0,3,BALANCED,1,53.0,MEDIUM,2,LOW,1,TODO,4,1,0.25,69.43,19.18,-50.25,-78.9,25.0,0,0
00000000-0000-0000-0000-0000000061d2,Synthetic Dev 25,synth_dev_25@devalign.research,00000000-0000-0000-0000-00000002230a,Synthetic Task 28,00000000-0000-0000-0000-000000009c6a,Synthetic Project 4,2.8,PARTIAL,0.5,85.2,6,166.5,20.0,3,OVERLOADED,3,45.0,LOW,1,HIGH,3,TODO,1,0,0.0,63.1,0.0,-63.1,-63.1,0.0,0,0
00000000-0000-0000-0000-000000009c6a,Synthetic Dev 40,synth_dev_40@devalign.research,00000000-0000-0000-0000-00000000ea8a,Synthetic Task 12,00000000-0000-0000-0000-00000000755a,Synthetic Project 3,9.3,UNAVAILABLE,0.0,87.2,4,0.0,2.0,0,AVAILABLE,0,32.5,HIGH,3,HIGH,3,TODO,3,0,0.0,65.7,0.0,-65.7,-72.1,0.0,0,0
00000000-0000-0000-0000-00000000bf92,Synthetic Dev 49,synth_dev_49@devalign.research,00000000-0000-0000-0000-000000017342,Synthetic Task 19,00000000-0000-0000-0000-00000000c37a,Synthetic Project 5,2.2,AVAILABLE,1.0,87.9,7,91.8,40.0,4,HIGH,2,17.1,HIGH,3,LOW,1,TODO,3,2,0.6667,82.57,39.8,-42.77,-80.4,48.3,0,0
00000000-0000-0000-0000-0000000065ba,Synthetic Dev 26,synth_dev_26@devalign.research,00000000-0000-0000-0000-00000000aff2,Synthetic Task 9,00000000-0000-0000-0000-00000000c37a,Synthetic Project 5,9.8,PARTIAL,0.5,72.2,3,146.5,20.0,4,OVERLOADED,3,34.8,LOW,1,HIGH,3,TODO,3,1,0.3333,69.47,22.57,-46.9,-75.2,27.52,0,0
00000000-0000-0000-0000-000000004e4a,Synthetic Dev 20,synth_dev_20@devalign.research,00000000-0000-0000-0000-00000002230a,Synthetic Task 28,00000000-0000-0000-0000-000000009c6a,Synthetic Project 4,4.8,UNAVAILABLE,0.0,83.5,3,345.0,2.0,1,OVERLOADED,3,45.0,LOW,1,HIGH,3,TODO,1,1,1.0,63.1,52.3,-10.8,-10.8,82.88,0,0
00000000-0000-0000-0000-00000000467a,Synthetic Dev 18,synth_dev_18@devalign.research,00000000-0000-0000-0000-0000000013b2,Synthetic Task 1,00000000-0000-0000-0000-000000004e4a,Synthetic Project 2,4.1,UNAVAILABLE,0.0,80.6,7,1115.0,2.0,4,OVERLOADED,3,8.0,HIGH,3,CRITICAL,4,TODO,2,0,0.0,69.4,0.0,-69.4,-71.8,0.0,0,0
00000000-0000-0000-0000-000000008112,Synthetic Dev 33,synth_dev_33@devalign.research,00000000-0000-0000-0000-00000001e872,Synthetic Task 25,00000000-0000-0000-0000-00000000273a,Synthetic Project 1,10.2,PARTIAL,0.5,97.5,6,144.5,20.0,4,OVERLOADED,3,5.2,MEDIUM,2,HIGH,3,TODO,4,3,0.75,82.55,53.17,-29.38,-83.3,62.18,0,0
00000000-0000-0000-0000-00000000bbaa,Synthetic Dev 48,synth_dev_48@devalign.research,00000000-0000-0000-0000-00000000273a,Synthetic Task 2,00000000-0000-0000-0000-00000000755a,Synthetic Project 3,14.1,PARTIAL,0.5,75.5,3,0.0,20.0,0,AVAILABLE,0,54.9,HIGH,3,MEDIUM,2,TODO,2,1,0.5,59.45,33.3,-26.15,-56.6,50.0,0,0
00000000-0000-0000-0000-00000000273a,Synthetic Dev 10,synth_dev_10@devalign.research,00000000-0000-0000-0000-00000000fe12,Synthetic Task 13,00000000-0000-0000-0000-000000009c6a,Synthetic Project 4,11.6,UNAVAILABLE,0.0,60.5,4,1745.0,2.0,3,OVERLOADED,3,52.4,HIGH,3,MEDIUM,2,TODO,3,2,0.6667,68.67,55.07,-13.6,-61.3,63.45,0,0
00000000-0000-0000-0000-00000000bbaa,Synthetic Dev 48,synth_dev_48@devalign.research,00000000-0000-0000-0000-0000000013b2,Synthetic Task 1,00000000-0000-0000-0000-000000004e4a,Synthetic Project 2,14.1,PARTIAL,0.5,75.5,3,0.0,20.0,0,AVAILABLE,0,8.0,HIGH,3,CRITICAL,4,TODO,2,0,0.0,69.4,0.0,-69.4,-71.8,0.0,0,0
00000000-0000-0000-0000-000000005232,Synthetic Dev 21,synth_dev_21@devalign.research,00000000-0000-0000-0000-0000000186ca,Synthetic Task 20,00000000-0000-0000-0000-00000000273a,Synthetic Project 1,9.7,UNAVAILABLE,0.0,66.4,3,1015.0,2.0,3,OVERLOADED,3,13.3,LOW,1,CRITICAL,4,TODO,3,0,0.0,69.5,0.0,-69.5,-81.8,0.0,0,0
00000000-0000-0000-0000-000000004292,Synthetic Dev 17,synth_dev_17@devalign.research,00000000-0000-0000-0000-00000001fbfa,Synthetic Task 26,00000000-0000-0000-0000-000000004e4a,Synthetic Project 2,13.8,UNAVAILABLE,0.0,77.8,3,0.0,2.0,0,AVAILABLE,0,16.3,LOW,1,HIGH,3,TODO,2,0,0.0,77.95,0.0,-77.95,-78.8,0.0,0,0
00000000-0000-0000-0000-00000000179a,Synthetic Dev 6,synth_dev_6@devalign.research,00000000-0000-0000-0000-00000001e872,Synthetic Task 25,00000000-0000-0000-0000-00000000273a,Synthetic Project 1,7.2,UNAVAILABLE,0.0,66.4,7,510.0,2.0,1,OVERLOADED,3,5.2,MEDIUM,2,HIGH,3,TODO,4,2,0.5,82.55,18.25,-64.3,-83.3,22.02,0,0
00000000-0000-0000-0000-00000000a822,Synthetic Dev 43,synth_dev_43@devalign.research,00000000-0000-0000-0000-00000001fbfa,Synthetic Task 26,00000000-0000-0000-0000-000000004e4a,Synthetic Project 2,13.3,PARTIAL,0.5,65.5,6,135.0,20.0,3,OVERLOADED,3,16.3,LOW,1,HIGH,3,TODO,2,0,0.0,77.95,0.0,-77.95,-78.8,0.0,0,0
00000000-0000-0000-0000-00000000179a,Synthetic Dev 6,synth_dev_6@devalign.research,00000000-0000-0000-0000-000000012522,Synthetic Task 15,00000000-0000-0000-0000-00000000273a,Synthetic Project 1,7.2,UNAVAILABLE,0.0,66.4,7,510.0,2.0,1,OVERLOADED,3,36.0,LOW,1,MEDIUM,2,TODO,2,1,0.5,65.8,16.55,-49.25,-68.9,26.4,0,0
00000000-0000-0000-0000-000000004e4a,Synthetic Dev 20,synth_dev_20@devalign.research,00000000-0000-0000-0000-000000009c6a,Synthetic Task 8,00000000-0000-0000-0000-000000009c6a,Synthetic Project 4,4.8,UNAVAILABLE,0.0,83.5,3,345.0,2.0,1,OVERLOADED,3,40.8,HIGH,3,LOW,1,TODO,4,1,0.25,75.05,13.07,-61.98,-80.3,16.26,0,0
00000000-0000-0000-0000-0000000084fa,Synthetic Dev 34,synth_dev_34@devalign.research,00000000-0000-0000-0000-00000000755a,Synthetic Task 6,00000000-0000-0000-0000-000000004e4a,Synthetic Project 2,7.5,UNAVAILABLE,0.0,65.3,5,830.0,2.0,3,OVERLOADED,3,39.5,LOW,1,CRITICAL,4,TODO,4,2,0.5,71.9,22.52,-49.38,-76.8,30.21,0,0
00000000-0000-0000-0000-00000000bbaa,Synthetic Dev 48,synth_dev_48@devalign.research,00000000-0000-0000-0000-000000003ac2,Synthetic Task 3,00000000-0000-0000-0000-000000009c6a,Synthetic Project 4,14.1,PARTIAL,0.5,75.5,3,0.0,20.0,0,AVAILABLE,0,28.6,HIGH,3,HIGH,3,TODO,4,1,0.25,74.65,9.93,-64.72,-85.6,13.43,0,0
00000000-0000-0000-0000-00000000467a,Synthetic Dev 18,synth_dev_18@devalign.research,00000000-0000-0000-0000-0000000061d2,Synthetic Task 5,00000000-0000-0000-0000-00000000273a,Synthetic Project 1,4.1,UNAVAILABLE,0.0,80.6,7,1115.0,2.0,4,OVERLOADED,3,60.0,HIGH,3,LOW,1,TODO,3,2,0.6667,77.17,35.67,-41.5,-76.1,45.9,0,0
00000000-0000-0000-0000-0000000061d2,Synthetic Dev 25,synth_dev_25@devalign.research,00000000-0000-0000-0000-0000000088e2,Synthetic Task 7,00000000-0000-0000-0000-00000000755a,Synthetic Project 3,2.8,PARTIAL,0.5,85.2,6,166.5,20.0,3,OVERLOADED,3,20.1,HIGH,3,CRITICAL,4,TODO,4,2,0.5,70.12,32.2,-37.92,-62.9,40.74,0,0
00000000-0000-0000-0000-000000002f0a,Synthetic Dev 12,synth_dev_12@devalign.research,00000000-0000-0000-0000-000000004e4a,Synthetic Task 4,00000000-0000-0000-0000-00000000c37a,Synthetic Project 5,13.0,AVAILABLE,1.0,58.0,6,17.2,40.0,1,AVAILABLE,0,37.8,HIGH,3,HIGH,3,TODO,1,0,0.0,59.2,0.0,-59.2,-59.2,0.0,0,0
00000000-0000-0000-0000-00000000467a,Synthetic Dev 18,synth_dev_18@devalign.research,00000000-0000-0000-0000-000000020f82,Synthetic Task 27,00000000-0000-0000-0000-00000000755a,Synthetic Project 3,4.1,UNAVAILABLE,0.0,80.6,7,1115.0,2.0,4,OVERLOADED,3,39.2,HIGH,3,MEDIUM,2,TODO,1,0,0.0,81.5,0.0,-81.5,-81.5,0.0,0,0
00000000-0000-0000-0000-00000000949a,Synthetic Dev 38,synth_dev_38@devalign.research,00000000-0000-0000-0000-0000000013b2,Synthetic Task 1,00000000-0000-0000-0000-000000004e4a,Synthetic Project 2,3.6,PARTIAL,0.5,69.1,6,104.0,20.0,3,OVERLOADED,3,8.0,HIGH,3,CRITICAL,4,TODO,2,1,0.5,69.4,16.7,-52.7,-71.8,24.93,0,0
00000000-0000-0000-0000-000000001f6a,Synthetic Dev 8,synth_dev_8@devalign.research,00000000-0000-0000-0000-00000000aff2,Synthetic Task 9,00000000-0000-0000-0000-00000000c37a,Synthetic Project 5,7.1,AVAILABLE,1.0,96.0,4,59.0,40.0,2,BALANCED,1,34.8,LOW,1,HIGH,3,TODO,3,1,0.3333,69.47,23.2,-46.27,-75.2,28.29,0,0
00000000-0000-0000-0000-00000000273a,Synthetic Dev 10,synth_dev_10@devalign.research,00000000-0000-0000-0000-000000003ac2,Synthetic Task 3,00000000-0000-0000-0000-000000009c6a,Synthetic Project 4,11.6,UNAVAILABLE,0.0,60.5,4,1745.0,2.0,3,OVERLOADED,3,28.6,HIGH,3,HIGH,3,TODO,4,2,0.5,74.65,41.3,-33.35,-85.6,50.0,0,0
00000000-0000-0000-0000-00000000949a,Synthetic Dev 38,synth_dev_38@devalign.research,00000000-0000-0000-0000-0000000138aa,Synthetic Task 16,00000000-0000-0000-0000-000000004e4a,Synthetic Project 2,3.6,PARTIAL,0.5,69.1,6,104.0,20.0,3,OVERLOADED,3,59.4,MEDIUM,2,CRITICAL,4,TODO,2,2,1.0,71.8,39.55,-32.25,-54.1,60.01,0,0
00000000-0000-0000-0000-0000000013b2,Synthetic Dev 5,synth_dev_5@devalign.research,00000000-0000-0000-0000-000000015fba,Synthetic Task 18,00000000-0000-0000-0000-000000009c6a,Synthetic Project 4,4.0,UNAVAILABLE,0.0,74.9,7,1195.0,2.0,2,OVERLOADED,3,23.0,MEDIUM,2,HIGH,3,TODO,4,3,0.75,75.42,50.83,-24.6,-69.5,62.78,0,0
00000000-0000-0000-0000-000000000412,Synthetic Dev 1,synth_dev_1@devalign.research,00000000-0000-0000-0000-000000012522,Synthetic Task 15,00000000-0000-0000-0000-00000000273a,Synthetic Project 1,2.1,UNAVAILABLE,0.0,86.9,3,330.0,2.0,1,OVERLOADED,3,36.0,LOW,1,MEDIUM,2,TODO,2,1,0.5,65.8,22.55,-43.25,-68.9,35.96,0,0
00000000-0000-0000-0000-00000000b3da,Synthetic Dev 46,synth_dev_46@devalign.research,00000000-0000-0000-0000-00000001d4ea,Synthetic Task 24,00000000-0000-0000-0000-00000000c37a,Synthetic Project 5,4.5,PARTIAL,0.5,80.4,3,183.5,20.0,4,OVERLOADED,3,29.6,MEDIUM,2,HIGH,3,TODO,3,1,0.3333,61.33,17.83,-43.5,-65.3,32.84,0,0
00000000-0000-0000-0000-00000000a822,Synthetic Dev 43,synth_dev_43@devalign.research,00000000-0000-0000-0000-00000001119a,Synthetic Task 14,00000000-0000-0000-0000-00000000c37a,Synthetic Project 5,13.3,PARTIAL,0.5,65.5,6,135.0,20.0,3,OVERLOADED,3,52.5,HIGH,3,CRITICAL,4,TODO,4,3,0.75,68.72,44.33,-24.4,-72.1,63.94,0,0
00000000-0000-0000-0000-00000000949a,Synthetic Dev 38,synth_dev_38@devalign.research,00000000-0000-0000-0000-000000024a1a,Synthetic Task 30,00000000-0000-0000-0000-00000000273a,Synthetic Project 1,3.6,PARTIAL,0.5,69.1,6,104.0,20.0,3,OVERLOADED,3,45.8,MEDIUM,2,HIGH,3,TODO,3,3,1.0,76.23,56.37,-19.87,-51.8,62.97,1,0
00000000-0000-0000-0000-000000004a62,Synthetic Dev 19,synth_dev_19@devalign.research,00000000-0000-0000-0000-00000000fe12,Synthetic Task 13,00000000-0000-0000-0000-000000009c6a,Synthetic Project 4,15.0,UNAVAILABLE,0.0,97.8,7,0.0,2.0,0,AVAILABLE,0,52.4,HIGH,3,MEDIUM,2,TODO,3,2,0.6667,68.67,38.67,-30.0,-82.8,55.04,0,0
00000000-0000-0000-0000-00000000a052,Synthetic Dev 41,synth_dev_41@devalign.research,00000000-0000-0000-0000-000000024a1a,Synthetic Task 30,00000000-0000-0000-0000-00000000273a,Synthetic Project 1,1.6,AVAILABLE,1.0,84.7,5,14.3,40.0,1,AVAILABLE,0,45.8,MEDIUM,2,HIGH,3,TODO,3,2,0.6667,76.23,37.3,-38.93,-88.7,55.26,0,0
00000000-0000-0000-0000-00000000ac0a,Synthetic Dev 44,synth_dev_44@devalign.research,00000000-0000-0000-0000-00000002230a,Synthetic Task 28,00000000-0000-0000-0000-000000009c6a,Synthetic Project 4,0.6,UNAVAILABLE,0.0,95.8,6,0.0,2.0,0,AVAILABLE,0,45.0,LOW,1,HIGH,3,TODO,1,0,0.0,63.1,0.0,-63.1,-63.1,0.0,0,0
00000000-0000-0000-0000-000000005dea,Synthetic Dev 24,synth_dev_24@devalign.research,00000000-0000-0000-0000-00000001d4ea,Synthetic Task 24,00000000-0000-0000-0000-00000000c37a,Synthetic Project 5,13.0,AVAILABLE,1.0,97.0,3,28.0,40.0,1,AVAILABLE,0,29.6,MEDIUM,2,HIGH,3,TODO,3,1,0.3333,61.33,27.57,-33.77,-64.4,33.33,0,0
00000000-0000-0000-0000-000000009c6a,Synthetic Dev 40,synth_dev_40@devalign.research,00000000-0000-0000-0000-000000015fba,Synthetic Task 18,00000000-0000-0000-0000-000000009c6a,Synthetic Project 4,9.3,UNAVAILABLE,0.0,87.2,4,0.0,2.0,0,AVAILABLE,0,23.0,MEDIUM,2,HIGH,3,TODO,4,2,0.5,75.42,45.05,-30.37,-85.5,50.0,0,0
00000000-0000-0000-0000-0000000032f2,Synthetic Dev 13,synth_dev_13@devalign.research,00000000-0000-0000-0000-00000000273a,Synthetic Task 2,00000000-0000-0000-0000-00000000755a,Synthetic Project 3,6.5,PARTIAL,0.5,92.1,3,0.0,20.0,0,AVAILABLE,0,54.9,HIGH,3,MEDIUM,2,TODO,2,1,0.5,59.45,41.0,-18.45,-56.6,50.0,0,0
00000000-0000-0000-0000-000000000412,Synthetic Dev 1,synth_dev_1@devalign.research,00000000-0000-0000-0000-000000019a52,Synthetic Task 21,00000000-0000-0000-0000-000000004e4a,Synthetic Project 2,2.1,UNAVAILABLE,0.0,86.9,3,330.0,2.0,1,OVERLOADED,3,33.7,LOW,1,MEDIUM,2,TODO,2,0,0.0,69.0,0.0,-69.0,-84.8,0.0,0,0
00000000-0000-0000-0000-000000001f6a,Synthetic Dev 8,synth_dev_8@devalign.research,00000000-0000-0000-0000-000000012522,Synthetic Task 15,00000000-0000-0000-0000-00000000273a,Synthetic Project 1,7.1,AVAILABLE,1.0,96.0,4,59.0,40.0,2,BALANCED,1,36.0,LOW,1,MEDIUM,2,TODO,2,1,0.5,65.8,39.8,-26.0,-68.9,50.0,1,0
00000000-0000-0000-0000-000000007942,Synthetic Dev 31,synth_dev_31@devalign.research,00000000-0000-0000-0000-000000012522,Synthetic Task 15,00000000-0000-0000-0000-00000000273a,Synthetic Project 1,2.6,AVAILABLE,1.0,57.0,3,69.5,40.0,3,BALANCED,1,36.0,LOW,1,MEDIUM,2,TODO,2,1,0.5,65.8,27.5,-38.3,-68.9,43.86,0,0
00000000-0000-0000-0000-00000000bf92,Synthetic Dev 49,synth_dev_49@devalign.research,00000000-0000-0000-0000-00000000755a,Synthetic Task 6,00000000-0000-0000-0000-000000004e4a,Synthetic Project 2,2.2,AVAILABLE,1.0,87.9,7,91.8,40.0,4,HIGH,2,39.5,LOW,1,CRITICAL,4,TODO,4,3,0.75,71.9,46.27,-25.62,-63.3,57.66,0,0
00000000-0000-0000-0000-0000000084fa,Synthetic Dev 34,synth_dev_34@devalign.research,00000000-0000-0000-0000-00000001e872,Synthetic Task 25,00000000-0000-0000-0000-00000000273a,Synthetic Project 1,7.5,UNAVAILABLE,0.0,65.3,5,830.0,2.0,3,OVERLOADED,3,5.2,MEDIUM,2,HIGH,3,TODO,4,2,0.5,82.55,20.92,-61.62,-83.3,25.22,0,0
00000000-0000-0000-0000-000000009882,Synthetic Dev 39,synth_dev_39@devalign.research,00000000-0000-0000-0000-00000000aff2,Synthetic Task 9,00000000-0000-0000-0000-00000000c37a,Synthetic Project 5,14.3,AVAILABLE,1.0,63.6,4,0.0,40.0,0,AVAILABLE,0,34.8,LOW,1,HIGH,3,TODO,3,2,0.6667,69.47,35.63,-33.83,-75.2,52.32,0,0
00000000-0000-0000-0000-0000000013b2,Synthetic Dev 5,synth_dev_5@devalign.research,00000000-0000-0000-0000-000000024a1a,Synthetic Task 30,00000000-0000-0000-0000-00000000273a,Synthetic Project 1,4.0,UNAVAILABLE,0.0,74.9,7,1195.0,2.0,2,OVERLOADED,3,45.8,MEDIUM,2,HIGH,3,TODO,3,3,1.0,76.23,64.4,-11.83,-38.2,74.31,0,0
00000000-0000-0000-0000-000000009882,Synthetic Dev 39,synth_dev_39@devalign.research,00000000-0000-0000-0000-000000014c32,Synthetic Task 17,00000000-0000-0000-0000-00000000755a,Synthetic Project 3,14.3,AVAILABLE,1.0,63.6,4,0.0,40.0,0,AVAILABLE,0,53.0,MEDIUM,2,LOW,1,TODO,4,2,0.5,69.43,26.73,-42.7,-66.4,34.55,0,0
00000000-0000-0000-0000-000000005a02,Synthetic Dev 23,synth_dev_23@devalign.research,00000000-0000-0000-0000-000000024a1a,Synthetic Task 30,00000000-0000-0000-0000-00000000273a,Synthetic Project 1,1.1,AVAILABLE,1.0,70.7,4,0.0,40.0,0,AVAILABLE,0,45.8,MEDIUM,2,HIGH,3,TODO,3,1,0.3333,76.23,28.97,-47.27,-88.7,33.33,0,0
00000000-0000-0000-0000-00000000aff2,Synthetic Dev 45,synth_dev_45@devalign.research,00000000-0000-0000-0000-00000000755a,Synthetic Task 6,00000000-0000-0000-0000-000000004e4a,Synthetic Project 2,7.4,PARTIAL,0.5,77.8,7,179.5,20.0,3,OVERLOADED,3,39.5,LOW,1,CRITICAL,4,TODO,4,3,0.75,71.9,29.92,-41.98,-63.2,40.93,0,0
00000000-0000-0000-0000-000000000fca,Synthetic Dev 4,synth_dev_4@devalign.research,00000000-0000-0000-0000-00000001c162,Synthetic Task 23,00000000-0000-0000-0000-000000009c6a,Synthetic Project 4,12.9,AVAILABLE,1.0,92.3,5,52.0,40.0,3,BALANCED,1,54.3,HIGH,3,LOW,1,TODO,4,2,0.5,70.15,29.88,-40.27,-75.6,41.12,0,0
00000000-0000-0000-0000-000000002b22,Synthetic Dev 11,synth_dev_11@devalign.research,00000000-0000-0000-0000-00000000c37a,Synthetic Task 10,00000000-0000-0000-0000-00000000273a,Synthetic Project 1,14.9,PARTIAL,0.5,82.9,6,169.5,20.0,3,OVERLOADED,3,21.4,HIGH,3,MEDIUM,2,TODO,1,1,1.0,66.3,44.3,-22.0,-22.0,66.82,0,0
00000000-0000-0000-0000-000000000412,Synthetic Dev 1,synth_dev_1@devalign.research,00000000-0000-0000-0000-00000000aff2,Synthetic Task 9,00000000-0000-0000-0000-00000000c37a,Synthetic Project 5,2.1,UNAVAILABLE,0.0,86.9,3,330.0,2.0,1,OVERLOADED,3,34.8,LOW,1,HIGH,3,TODO,3,1,0.3333,69.47,12.03,-57.43,-75.2,14.67,0,0
00000000-0000-0000-0000-00000000a43a,Synthetic Dev 42,synth_dev_42@devalign.research,00000000-0000-0000-0000-000000009c6a,Synthetic Task 8,00000000-0000-0000-0000-000000009c6a,Synthetic Project 4,2.0,PARTIAL,0.5,96.3,6,149.5,20.0,3,OVERLOADED,3,40.8,HIGH,3,LOW,1,TODO,4,3,0.75,75.05,51.33,-23.73,-80.3,64.13,0,0
00000000-0000-0000-0000-000000004a62,Synthetic Dev 19,synth_dev_19@devalign.research,00000000-0000-0000-0000-00000001119a,Synthetic Task 14,00000000-0000-0000-0000-00000000c37a,Synthetic Project 5,15.0,UNAVAILABLE,0.0,97.8,7,0.0,2.0,0,AVAILABLE,0,52.5,HIGH,3,CRITICAL,4,TODO,4,3,0.75,68.72,58.1,-10.62,-71.7,75.0,0,0
00000000-0000-0000-0000-00000000bbaa,Synthetic Dev 48,synth_dev_48@devalign.research,00000000-0000-0000-0000-000000009c6a,Synthetic Task 8,00000000-0000-0000-0000-000000009c6a,Synthetic Project 4,14.1,PARTIAL,0.5,75.5,3,0.0,20.0,0,AVAILABLE,0,40.8,HIGH,3,LOW,1,TODO,4,1,0.25,75.05,16.65,-58.4,-80.4,20.73,0,0
00000000-0000-0000-0000-0000000088e2,Synthetic Dev 35,synth_dev_35@devalign.research,00000000-0000-0000-0000-00000000d702,Synthetic Task 11,00000000-0000-0000-0000-000000004e4a,Synthetic Project 2,6.4,PARTIAL,0.5,78.3,6,81.5,20.0,3,HIGH,2,29.8,LOW,1,LOW,1,TODO,1,1,1.0,69.9,77.8,7.9,7.9,100.0,0,1
00000000-0000-0000-0000-000000007942,Synthetic Dev 31,synth_dev_31@devalign.research,00000000-0000-0000-0000-00000000d702,Synthetic Task 11,00000000-0000-0000-0000-000000004e4a,Synthetic Project 2,2.6,AVAILABLE,1.0,57.0,3,69.5,40.0,3,BALANCED,1,29.8,LOW,1,LOW,1,TODO,1,0,0.0,69.9,0.0,-69.9,-69.9,0.0,0,0
00000000-0000-0000-0000-00000000a052,Synthetic Dev 41,synth_dev_41@devalign.research,00000000-0000-0000-0000-000000003ac2,Synthetic Task 3,00000000-0000-0000-0000-000000009c6a,Synthetic Project 4,1.6,AVAILABLE,1.0,84.7,5,14.3,40.0,1,AVAILABLE,0,28.6,HIGH,3,HIGH,3,TODO,4,2,0.5,74.65,35.75,-38.9,-85.6,44.55,0,0
00000000-0000-0000-0000-00000000b7c2,Synthetic Dev 47,synth_dev_47@devalign.research,00000000-0000-0000-0000-0000000013b2,Synthetic Task 1,00000000-0000-0000-0000-000000004e4a,Synthetic Project 2,4.5,AVAILABLE,1.0,96.9,4,70.5,40.0,4,BALANCED,1,8.0,HIGH,3,CRITICAL,4,TODO,2,1,0.5,69.4,46.4,-23.0,-71.8,50.0,0,0
00000000-0000-0000-0000-0000000084fa,Synthetic Dev 34,synth_dev_34@devalign.research,00000000-0000-0000-0000-000000004e4a,Synthetic Task 4,00000000-0000-0000-0000-00000000c37a,Synthetic Project 5,7.5,UNAVAILABLE,0.0,65.3,5,830.0,2.0,3,OVERLOADED,3,37.8,HIGH,3,HIGH,3,TODO,1,0,0.0,59.2,0.0,-59.2,-59.2,0.0,1,0
00000000-0000-0000-0000-000000007d2a,Synthetic Dev 32,synth_dev_32@devalign.research,00000000-0000-0000-0000-0000000138aa,Synthetic Task 16,00000000-0000-0000-0000-000000004e4a,Synthetic Project 2,10.0,AVAILABLE,1.0,55.2,4,0.0,40.0,0,AVAILABLE,0,59.4,MEDIUM,2,CRITICAL,4,TODO,2,2,1.0,71.8,38.3,-33.5,-49.9,56.29,0,0
00000000-0000-0000-0000-00000000aff2,Synthetic Dev 45,synth_dev_45@devalign.research,00000000-0000-0000-0000-00000000aff2,Synthetic Task 9,00000000-0000-0000-0000-00000000c37a,Synthetic Project 5,7.4,PARTIAL,0.5,77.8,7,179.5,20.0,3,OVERLOADED,3,34.8,LOW,1,HIGH,3,TODO,3,3,1.0,69.47,41.47,-28.0,-37.9,61.37,0,0
00000000-0000-0000-0000-00000000561a,Synthetic Dev 22,synth_dev_22@devalign.research,00000000-0000-0000-0000-00000001adda,Synthetic Task 22,00000000-0000-0000-0000-00000000755a,Synthetic Project 3,2.8,PARTIAL,0.5,74.0,3,134.0,20.0,3,OVERLOADED,3,31.9,HIGH,3,MEDIUM,2,TODO,2,0,0.0,71.95,0.0,-71.95,-75.5,0.0,0,0
00000000-0000-0000-0000-00000000b7c2,Synthetic Dev 47,synth_dev_47@devalign.research,00000000-0000-0000-0000-00000000273a,Synthetic Task 2,00000000-0000-0000-0000-00000000755a,Synthetic Project 3,4.5,AVAILABLE,1.0,96.9,4,70.5,40.0,4,BALANCED,1,54.9,HIGH,3,MEDIUM,2,TODO,2,2,1.0,59.45,56.6,-2.85,-10.2,91.81,0,1
00000000-0000-0000-0000-0000000036da,Synthetic Dev 14,synth_dev_14@devalign.research,00000000-0000-0000-0000-0000000186ca,Synthetic Task 20,00000000-0000-0000-0000-00000000273a,Synthetic Project 1,7.0,UNAVAILABLE,0.0,73.1,3,825.0,2.0,2,OVERLOADED,3,13.3,LOW,1,CRITICAL,4,TODO,3,0,0.0,69.5,0.0,-69.5,-81.8,0.0,0,0
00000000-0000-0000-0000-000000006d8a,Synthetic Dev 28,synth_dev_28@devalign.research,00000000-0000-0000-0000-00000000aff2,Synthetic Task 9,00000000-0000-0000-0000-00000000c37a,Synthetic Project 5,13.9,UNAVAILABLE,0.0,81.8,5,0.0,2.0,0,AVAILABLE,0,34.8,LOW,1,HIGH,3,TODO,3,0,0.0,69.47,0.0,-69.47,-82.0,0.0,0,0
00000000-0000-0000-0000-000000006d8a,Synthetic Dev 28,synth_dev_28@devalign.research,00000000-0000-0000-0000-00000001c162,Synthetic Task 23,00000000-0000-0000-0000-000000009c6a,Synthetic Project 4,13.9,UNAVAILABLE,0.0,81.8,5,0.0,2.0,0,AVAILABLE,0,54.3,HIGH,3,LOW,1,TODO,4,3,0.75,70.15,53.62,-16.52,-75.6,74.27,0,0
00000000-0000-0000-0000-000000009c6a,Synthetic Dev 40,synth_dev_40@devalign.research,00000000-0000-0000-0000-000000017342,Synthetic Task 19,00000000-0000-0000-0000-00000000c37a,Synthetic Project 5,9.3,UNAVAILABLE,0.0,87.2,4,0.0,2.0,0,AVAILABLE,0,17.1,HIGH,3,LOW,1,TODO,3,1,0.3333,82.57,29.67,-52.9,-89.1,33.33,0,0
00000000-0000-0000-0000-00000000755a,Synthetic Dev 30,synth_dev_30@devalign.research,00000000-0000-0000-0000-00000001119a,Synthetic Task 14,00000000-0000-0000-0000-00000000c37a,Synthetic Project 5,6.9,PARTIAL,0.5,84.1,4,166.0,20.0,4,OVERLOADED,3,52.5,HIGH,3,CRITICAL,4,TODO,4,1,0.25,68.72,18.43,-50.3,-72.1,25.0,0,0
00000000-0000-0000-0000-0000000065ba,Synthetic Dev 26,synth_dev_26@devalign.research,00000000-0000-0000-0000-000000020f82,Synthetic Task 27,00000000-0000-0000-0000-00000000755a,Synthetic Project 3,9.8,PARTIAL,0.5,72.2,3,146.5,20.0,4,OVERLOADED,3,39.2,HIGH,3,MEDIUM,2,TODO,1,1,1.0,81.5,93.9,12.4,12.4,100.0,0,0
00000000-0000-0000-0000-0000000036da,Synthetic Dev 14,synth_dev_14@devalign.research,00000000-0000-0000-0000-00000000273a,Synthetic Task 2,00000000-0000-0000-0000-00000000755a,Synthetic Project 3,7.0,UNAVAILABLE,0.0,73.1,3,825.0,2.0,2,OVERLOADED,3,54.9,HIGH,3,MEDIUM,2,TODO,2,1,0.5,59.45,42.15,-17.3,-62.3,50.0,1,0
00000000-0000-0000-0000-00000000b7c2,Synthetic Dev 47,synth_dev_47@devalign.research,00000000-0000-0000-0000-00000001119a,Synthetic Task 14,00000000-0000-0000-0000-00000000c37a,Synthetic Project 5,4.5,AVAILABLE,1.0,96.9,4,70.5,40.0,4,BALANCED,1,52.5,HIGH,3,CRITICAL,4,TODO,4,1,0.25,68.72,12.12,-56.6,-72.1,16.91,0,0
00000000-0000-0000-0000-000000007d2a,Synthetic Dev 32,synth_dev_32@devalign.research,00000000-0000-0000-0000-0000000088e2,Synthetic Task 7,00000000-0000-0000-0000-00000000755a,Synthetic Project 3,10.0,AVAILABLE,1.0,55.2,4,0.0,40.0,0,AVAILABLE,0,20.1,HIGH,3,CRITICAL,4,TODO,4,3,0.75,70.12,41.55,-28.58,-66.2,51.05,0,0
00000000-0000-0000-0000-00000000bbaa,Synthetic Dev 48,synth_dev_48@devalign.research,00000000-0000-0000-0000-00000001d4ea,Synthetic Task 24,00000000-0000-0000-0000-00000000c37a,Synthetic Project 5,14.1,PARTIAL,0.5,75.5,3,0.0,20.0,0,AVAILABLE,0,29.6,MEDIUM,2,HIGH,3,TODO,3,0,0.0,61.33,0.0,-61.33,-65.3,0.0,0,0
00000000-0000-0000-0000-000000005232,Synthetic Dev 21,synth_dev_21@devalign.research,00000000-0000-0000-0000-00000002230a,Synthetic Task 28,00000000-0000-0000-0000-000000009c6a,Synthetic Project 4,9.7,UNAVAILABLE,0.0,66.4,3,1015.0,2.0,3,OVERLOADED,3,45.0,LOW,1,HIGH,3,TODO,1,1,1.0,63.1,38.5,-24.6,-24.6,61.01,0,0
00000000-0000-0000-0000-0000000090b2,Synthetic Dev 37,synth_dev_37@devalign.research,00000000-0000-0000-0000-000000012522,Synthetic Task 15,00000000-0000-0000-0000-00000000273a,Synthetic Project 1,8.2,UNAVAILABLE,0.0,94.0,3,1790.0,2.0,4,OVERLOADED,3,36.0,LOW,1,MEDIUM,2,TODO,2,1,0.5,65.8,20.9,-44.9,-68.9,33.33,0,0
00000000-0000-0000-0000-000000008112,Synthetic Dev 33,synth_dev_33@devalign.research,00000000-0000-0000-0000-00000000aff2,Synthetic Task 9,00000000-0000-0000-0000-00000000c37a,Synthetic Project 5,10.2,PARTIAL,0.5,97.5,6,144.5,20.0,4,OVERLOADED,3,34.8,LOW,1,HIGH,3,TODO,3,2,0.6667,69.47,45.03,-24.43,-82.0,63.8,0,0
00000000-0000-0000-0000-00000000bbaa,Synthetic Dev 48,synth_dev_48@devalign.research,00000000-0000-0000-0000-00000001119a,Synthetic Task 14,00000000-0000-0000-0000-00000000c37a,Synthetic Project 5,14.1,PARTIAL,0.5,75.5,3,0.0,20.0,0,AVAILABLE,0,52.5,HIGH,3,CRITICAL,4,TODO,4,1,0.25,68.72,12.43,-56.3,-72.1,19.75,0,0
00000000-0000-0000-0000-00000000b7c2,Synthetic Dev 47,synth_dev_47@devalign.research,00000000-0000-0000-0000-000000009c6a,Synthetic Task 8,00000000-0000-0000-0000-000000009c6a,Synthetic Project 4,4.5,AVAILABLE,1.0,96.9,4,70.5,40.0,4,BALANCED,1,40.8,HIGH,3,LOW,1,TODO,4,2,0.5,75.05,36.23,-38.83,-75.0,41.22,0,0
00000000-0000-0000-0000-000000002f0a,Synthetic Dev 12,synth_dev_12@devalign.research,00000000-0000-0000-0000-0000000186ca,Synthetic Task 20,00000000-0000-0000-0000-00000000273a,Synthetic Project 1,13.0,AVAILABLE,1.0,58.0,6,17.2,40.0,1,AVAILABLE,0,13.3,LOW,1,CRITICAL,4,TODO,3,1,0.3333,69.5,14.13,-55.37,-81.8,21.74,0,0
00000000-0000-0000-0000-0000000036da,Synthetic Dev 14,synth_dev_14@devalign.research,00000000-0000-0000-0000-0000000013b2,Synthetic Task 1,00000000-0000-0000-0000-000000004e4a,Synthetic Project 2,7.0,UNAVAILABLE,0.0,73.1,3,825.0,2.0,2,OVERLOADED,3,8.0,HIGH,3,CRITICAL,4,TODO,2,0,0.0,69.4,0.0,-69.4,-71.8,0.0,0,0
00000000-0000-0000-0000-000000003eaa,Synthetic Dev 16,synth_dev_16@devalign.research,00000000-0000-0000-0000-000000009c6a,Synthetic Task 8,00000000-0000-0000-0000-000000009c6a,Synthetic Project 4,10.1,UNAVAILABLE,0.0,75.9,3,355.0,2.0,1,OVERLOADED,3,40.8,HIGH,3,LOW,1,TODO,4,1,0.25,75.05,17.0,-58.05,-80.4,21.17,0,0
00000000-0000-0000-0000-0000000065ba,Synthetic Dev 26,synth_dev_26@devalign.research,00000000-0000-0000-0000-000000004e4a,Synthetic Task 4,00000000-0000-0000-0000-00000000c37a,Synthetic Project 5,9.8,PARTIAL,0.5,72.2,3,146.5,20.0,4,OVERLOADED,3,37.8,HIGH,3,HIGH,3,TODO,1,1,1.0,59.2,67.7,8.5,8.5,100.0,1,0
00000000-0000-0000-0000-000000003eaa,Synthetic Dev 16,synth_dev_16@devalign.research,00000000-0000-0000-0000-0000000013b2,Synthetic Task 1,00000000-0000-0000-0000-000000004e4a,Synthetic Project 2,10.1,UNAVAILABLE,0.0,75.9,3,355.0,2.0,1,OVERLOADED,3,8.0,HIGH,3,CRITICAL,4,TODO,2,0,0.0,69.4,0.0,-69.4,-71.8,0.0,0,0
00000000-0000-0000-0000-000000007942,Synthetic Dev 31,synth_dev_31@devalign.research,00000000-0000-0000-0000-00000001d4ea,Synthetic Task 24,00000000-0000-0000-0000-00000000c37a,Synthetic Project 5,2.6,AVAILABLE,1.0,57.0,3,69.5,40.0,3,BALANCED,1,29.6,MEDIUM,2,HIGH,3,TODO,3,3,1.0,61.33,62.57,1.23,-10.3,94.74,0,1
00000000-0000-0000-0000-00000000273a,Synthetic Dev 10,synth_dev_10@devalign.research,00000000-0000-0000-0000-00000000755a,Synthetic Task 6,00000000-0000-0000-0000-000000004e4a,Synthetic Project 2,11.6,UNAVAILABLE,0.0,60.5,4,1745.0,2.0,3,OVERLOADED,3,39.5,LOW,1,CRITICAL,4,TODO,4,1,0.25,71.9,19.07,-52.83,-84.3,25.0,0,0
00000000-0000-0000-0000-00000000467a,Synthetic Dev 18,synth_dev_18@devalign.research,00000000-0000-0000-0000-0000000088e2,Synthetic Task 7,00000000-0000-0000-0000-00000000755a,Synthetic Project 3,4.1,UNAVAILABLE,0.0,80.6,7,1115.0,2.0,4,OVERLOADED,3,20.1,HIGH,3,CRITICAL,4,TODO,4,3,0.75,70.12,29.1,-41.02,-62.9,41.85,0,0
00000000-0000-0000-0000-0000000065ba,Synthetic Dev 26,synth_dev_26@devalign.research,00000000-0000-0000-0000-00000001119a,Synthetic Task 14,00000000-0000-0000-0000-00000000c37a,Synthetic Project 5,9.8,PARTIAL,0.5,72.2,3,146.5,20.0,4,OVERLOADED,3,52.5,HIGH,3,CRITICAL,4,TODO,4,1,0.25,68.72,8.12,-60.6,-72.1,12.92,0,0
00000000-0000-0000-0000-000000008cca,Synthetic Dev 36,synth_dev_36@devalign.research,00000000-0000-0000-0000-000000019a52,Synthetic Task 21,00000000-0000-0000-0000-000000004e4a,Synthetic Project 2,13.5,UNAVAILABLE,0.0,76.0,3,805.0,2.0,2,OVERLOADED,3,33.7,LOW,1,MEDIUM,2,TODO,2,1,0.5,69.0,44.9,-24.1,-53.2,50.0,0,0
00000000-0000-0000-0000-0000000036da,Synthetic Dev 14,synth_dev_14@devalign.research,00000000-0000-0000-0000-00000000d702,Synthetic Task 11,00000000-0000-0000-0000-000000004e4a,Synthetic Project 2,7.0,UNAVAILABLE,0.0,73.1,3,825.0,2.0,2,OVERLOADED,3,29.8,LOW,1,LOW,1,TODO,1,0,0.0,69.9,0.0,-69.9,-69.9,0.0,0,0
00000000-0000-0000-0000-000000002f0a,Synthetic Dev 12,synth_dev_12@devalign.research,00000000-0000-0000-0000-0000000138aa,Synthetic Task 16,00000000-0000-0000-0000-000000004e4a,Synthetic Project 2,13.0,AVAILABLE,1.0,58.0,6,17.2,40.0,1,AVAILABLE,0,59.4,MEDIUM,2,CRITICAL,4,TODO,2,0,0.0,71.8,0.0,-71.8,-88.6,0.0,0,0
00000000-0000-0000-0000-000000002352,Synthetic Dev 9,synth_dev_9@devalign.research,00000000-0000-0000-0000-000000004e4a,Synthetic Task 4,00000000-0000-0000-0000-00000000c37a,Synthetic Project 5,14.3,UNAVAILABLE,0.0,94.7,6,0.0,2.0,0,AVAILABLE,0,37.8,HIGH,3,HIGH,3,TODO,1,1,1.0,59.2,87.1,27.9,27.9,100.0,0,0
00000000-0000-0000-0000-000000003ac2,Synthetic Dev 15,synth_dev_15@devalign.research,00000000-0000-0000-0000-00000000aff2,Synthetic Task 9,00000000-0000-0000-0000-00000000c37a,Synthetic Project 5,13.9,AVAILABLE,1.0,91.5,6,19.5,40.0,1,AVAILABLE,0,34.8,LOW,1,HIGH,3,TODO,3,3,1.0,69.47,69.77,0.3,-22.4,83.05,0,0
00000000-0000-0000-0000-000000000be2,Synthetic Dev 3,synth_dev_3@devalign.research,00000000-0000-0000-0000-0000000013b2,Synthetic Task 1,00000000-0000-0000-0000-000000004e4a,Synthetic Project 2,9.3,PARTIAL,0.5,89.7,6,131.5,20.0,3,OVERLOADED,3,8.0,HIGH,3,CRITICAL,4,TODO,2,1,0.5,69.4,21.25,-48.15,-71.8,31.72,0,0
00000000-0000-0000-0000-000000003eaa,Synthetic Dev 16,synth_dev_16@devalign.research,00000000-0000-0000-0000-0000000061d2,Synthetic Task 5,00000000-0000-0000-0000-00000000273a,Synthetic Project 1,10.1,UNAVAILABLE,0.0,75.9,3,355.0,2.0,1,OVERLOADED,3,60.0,HIGH,3,LOW,1,TODO,3,2,0.6667,77.17,48.87,-28.3,-86.6,63.12,1,0
00000000-0000-0000-0000-00000000755a,Synthetic Dev 30,synth_dev_30@devalign.research,00000000-0000-0000-0000-000000014c32,Synthetic Task 17,00000000-0000-0000-0000-00000000755a,Synthetic Project 3,6.9,PARTIAL,0.5,84.1,4,166.0,20.0,4,OVERLOADED,3,53.0,MEDIUM,2,LOW,1,TODO,4,2,0.5,69.43,31.95,-37.48,-76.2,44.84,0,0
00000000-0000-0000-0000-000000003ac2,Synthetic Dev 15,synth_dev_15@devalign.research,00000000-0000-0000-0000-000000015fba,Synthetic Task 18,00000000-0000-0000-0000-000000009c6a,Synthetic Project 4,13.9,AVAILABLE,1.0,91.5,6,19.5,40.0,1,AVAILABLE,0,23.0,MEDIUM,2,HIGH,3,TODO,4,2,0.5,75.42,26.7,-48.72,-85.5,36.82,0,0
00000000-0000-0000-0000-0000000069a2,Synthetic Dev 27,synth_dev_27@devalign.research,00000000-0000-0000-0000-00000001d4ea,Synthetic Task 24,00000000-0000-0000-0000-00000000c37a,Synthetic Project 5,6.8,UNAVAILABLE,0.0,86.3,7,805.0,2.0,2,OVERLOADED,3,29.6,MEDIUM,2,HIGH,3,TODO,3,3,1.0,61.33,66.6,5.27,-21.6,88.82,1,0
00000000-0000-0000-0000-000000003ac2,Synthetic Dev 15,synth_dev_15@devalign.research,00000000-0000-0000-0000-00000001adda,Synthetic Task 22,00000000-0000-0000-0000-00000000755a,Synthetic Project 3,13.9,AVAILABLE,1.0,91.5,6,19.5,40.0,1,AVAILABLE,0,31.9,HIGH,3,MEDIUM,2,TODO,2,2,1.0,71.95,93.1,21.15,18.5,100.0,0,1
00000000-0000-0000-0000-000000007d2a,Synthetic Dev 32,synth_dev_32@devalign.research,00000000-0000-0000-0000-000000019a52,Synthetic Task 21,00000000-0000-0000-0000-000000004e4a,Synthetic Project 2,10.0,AVAILABLE,1.0,55.2,4,0.0,40.0,0,AVAILABLE,0,33.7,LOW,1,MEDIUM,2,TODO,2,1,0.5,69.0,33.1,-35.9,-84.8,50.0,1,0
00000000-0000-0000-0000-00000000561a,Synthetic Dev 22,synth_dev_22@devalign.research,00000000-0000-0000-0000-0000000061d2,Synthetic Task 5,00000000-0000-0000-0000-00000000273a,Synthetic Project 1,2.8,PARTIAL,0.5,74.0,3,134.0,20.0,3,OVERLOADED,3,60.0,HIGH,3,LOW,1,TODO,3,2,0.6667,77.17,35.83,-41.33,-68.8,43.48,0,0
00000000-0000-0000-0000-000000005a02,Synthetic Dev 23,synth_dev_23@devalign.research,00000000-0000-0000-0000-00000000fe12,Synthetic Task 13,00000000-0000-0000-0000-000000009c6a,Synthetic Project 4,1.1,AVAILABLE,1.0,70.7,4,0.0,40.0,0,AVAILABLE,0,52.4,HIGH,3,MEDIUM,2,TODO,3,2,0.6667,68.67,57.33,-11.33,-61.9,65.02,0,0
00000000-0000-0000-0000-00000000aff2,Synthetic Dev 45,synth_dev_45@devalign.research,00000000-0000-0000-0000-00000002230a,Synthetic Task 28,00000000-0000-0000-0000-000000009c6a,Synthetic Project 4,7.4,PARTIAL,0.5,77.8,7,179.5,20.0,3,OVERLOADED,3,45.0,LOW,1,HIGH,3,TODO,1,0,0.0,63.1,0.0,-63.1,-63.1,0.0,0,0
00000000-0000-0000-0000-000000007172,Synthetic Dev 29,synth_dev_29@devalign.research,00000000-0000-0000-0000-00000000273a,Synthetic Task 2,00000000-0000-0000-0000-00000000755a,Synthetic Project 3,13.6,UNAVAILABLE,0.0,81.5,3,785.0,2.0,2,OVERLOADED,3,54.9,HIGH,3,MEDIUM,2,TODO,2,0,0.0,59.45,0.0,-59.45,-62.3,0.0,0,0
00000000-0000-0000-0000-000000001b82,Synthetic Dev 7,synth_dev_7@devalign.research,00000000-0000-0000-0000-000000014c32,Synthetic Task 17,00000000-0000-0000-0000-00000000755a,Synthetic Project 3,9.1,PARTIAL,0.5,75.1,3,118.0,20.0,2,OVERLOADED,3,53.0,MEDIUM,2,LOW,1,TODO,4,2,0.5,69.43,33.02,-36.4,-76.2,44.62,0,0
00000000-0000-0000-0000-000000000fca,Synthetic Dev 4,synth_dev_4@devalign.research,00000000-0000-0000-0000-00000000c37a,Synthetic Task 10,00000000-0000-0000-0000-00000000273a,Synthetic Project 1,12.9,AVAILABLE,1.0,92.3,5,52.0,40.0,3,BALANCED,1,21.4,HIGH,3,MEDIUM,2,TODO,1,1,1.0,66.3,72.1,5.8,5.8,100.0,0,1
00000000-0000-0000-0000-000000005a02,Synthetic Dev 23,synth_dev_23@devalign.research,00000000-0000-0000-0000-00000000273a,Synthetic Task 2,00000000-0000-0000-0000-00000000755a,Synthetic Project 3,1.1,AVAILABLE,1.0,70.7,4,0.0,40.0,0,AVAILABLE,0,54.9,HIGH,3,MEDIUM,2,TODO,2,1,0.5,59.45,43.45,-16.0,-62.3,50.0,0,0
00000000-0000-0000-0000-00000000a822,Synthetic Dev 43,synth_dev_43@devalign.research,00000000-0000-0000-0000-00000000d702,Synthetic Task 11,00000000-0000-0000-0000-000000004e4a,Synthetic Project 2,13.3,PARTIAL,0.5,65.5,6,135.0,20.0,3,OVERLOADED,3,29.8,LOW,1,LOW,1,TODO,1,1,1.0,69.9,68.8,-1.1,-1.1,98.43,0,0
00000000-0000-0000-0000-000000006d8a,Synthetic Dev 28,synth_dev_28@devalign.research,00000000-0000-0000-0000-00000001fbfa,Synthetic Task 26,00000000-0000-0000-0000-000000004e4a,Synthetic Project 2,13.9,UNAVAILABLE,0.0,81.8,5,0.0,2.0,0,AVAILABLE,0,16.3,LOW,1,HIGH,3,TODO,2,1,0.5,77.95,33.0,-44.95,-77.1,41.88,0,0
00000000-0000-0000-0000-000000004a62,Synthetic Dev 19,synth_dev_19@devalign.research,00000000-0000-0000-0000-000000003ac2,Synthetic Task 3,00000000-0000-0000-0000-000000009c6a,Synthetic Project 4,15.0,UNAVAILABLE,0.0,97.8,7,0.0,2.0,0,AVAILABLE,0,28.6,HIGH,3,HIGH,3,TODO,4,2,0.5,74.65,17.7,-56.95,-85.6,24.39,0,0
00000000-0000-0000-0000-00000000b7c2,Synthetic Dev 47,synth_dev_47@devalign.research,00000000-0000-0000-0000-00000000d702,Synthetic Task 11,00000000-0000-0000-0000-000000004e4a,Synthetic Project 2,4.5,AVAILABLE,1.0,96.9,4,70.5,40.0,4,BALANCED,1,29.8,LOW,1,LOW,1,TODO,1,0,0.0,69.9,0.0,-69.9,-69.9,0.0,0,0
00000000-0000-0000-0000-00000000a052,Synthetic Dev 41,synth_dev_41@devalign.research,00000000-0000-0000-0000-000000019a52,Synthetic Task 21,00000000-0000-0000-0000-000000004e4a,Synthetic Project 2,1.6,AVAILABLE,1.0,84.7,5,14.3,40.0,1,AVAILABLE,0,33.7,LOW,1,MEDIUM,2,TODO,2,2,1.0,69.0,55.0,-14.0,-27.0,83.14,0,0
00000000-0000-0000-0000-00000000179a,Synthetic Dev 6,synth_dev_6@devalign.research,00000000-0000-0000-0000-00000002230a,Synthetic Task 28,00000000-0000-0000-0000-000000009c6a,Synthetic Project 4,7.2,UNAVAILABLE,0.0,66.4,7,510.0,2.0,1,OVERLOADED,3,45.0,LOW,1,HIGH,3,TODO,1,1,1.0,63.1,35.9,-27.2,-27.2,56.89,0,0
00000000-0000-0000-0000-0000000061d2,Synthetic Dev 25,synth_dev_25@devalign.research,00000000-0000-0000-0000-0000000013b2,Synthetic Task 1,00000000-0000-0000-0000-000000004e4a,Synthetic Project 2,2.8,PARTIAL,0.5,85.2,6,166.5,20.0,3,OVERLOADED,3,8.0,HIGH,3,CRITICAL,4,TODO,2,1,0.5,69.4,22.25,-47.15,-67.0,30.99,0,0
00000000-0000-0000-0000-000000002352,Synthetic Dev 9,synth_dev_9@devalign.research,00000000-0000-0000-0000-00000000c37a,Synthetic Task 10,00000000-0000-0000-0000-00000000273a,Synthetic Project 1,14.3,UNAVAILABLE,0.0,94.7,6,0.0,2.0,0,AVAILABLE,0,21.4,HIGH,3,MEDIUM,2,TODO,1,1,1.0,66.3,34.5,-31.8,-31.8,52.04,1,0
00000000-0000-0000-0000-000000008112,Synthetic Dev 33,synth_dev_33@devalign.research,00000000-0000-0000-0000-00000000ea8a,Synthetic Task 12,00000000-0000-0000-0000-00000000755a,Synthetic Project 3,10.2,PARTIAL,0.5,97.5,6,144.5,20.0,4,OVERLOADED,3,32.5,HIGH,3,HIGH,3,TODO,3,3,1.0,65.7,62.0,-3.7,-25.3,88.3,0,0
00000000-0000-0000-0000-00000000273a,Synthetic Dev 10,synth_dev_10@devalign.research,00000000-0000-0000-0000-000000012522,Synthetic Task 15,00000000-0000-0000-0000-00000000273a,Synthetic Project 1,11.6,UNAVAILABLE,0.0,60.5,4,1745.0,2.0,3,OVERLOADED,3,36.0,LOW,1,MEDIUM,2,TODO,2,1,0.5,65.8,37.4,-28.4,-68.9,50.0,0,0
00000000-0000-0000-0000-00000000bbaa,Synthetic Dev 48,synth_dev_48@devalign.research,00000000-0000-0000-0000-0000000186ca,Synthetic Task 20,00000000-0000-0000-0000-00000000273a,Synthetic Project 1,14.1,PARTIAL,0.5,75.5,3,0.0,20.0,0,AVAILABLE,0,13.3,LOW,1,CRITICAL,4,TODO,3,2,0.6667,69.5,35.43,-34.07,-65.0,48.59,0,0
00000000-0000-0000-0000-000000007172,Synthetic Dev 29,synth_dev_29@devalign.research,00000000-0000-0000-0000-000000023692,Synthetic Task 29,00000000-0000-0000-0000-00000000c37a,Synthetic Project 5,13.6,UNAVAILABLE,0.0,81.5,3,785.0,2.0,2,OVERLOADED,3,15.2,MEDIUM,2,MEDIUM,2,TODO,3,2,0.6667,75.5,41.87,-33.63,-83.2,56.59,0,0
00000000-0000-0000-0000-000000005a02,Synthetic Dev 23,synth_dev_23@devalign.research,00000000-0000-0000-0000-00000000ea8a,Synthetic Task 12,00000000-0000-0000-0000-00000000755a,Synthetic Project 3,1.1,AVAILABLE,1.0,70.7,4,0.0,40.0,0,AVAILABLE,0,32.5,HIGH,3,HIGH,3,TODO,3,1,0.3333,65.7,26.23,-39.47,-72.1,33.33,0,0
00000000-0000-0000-0000-0000000090b2,Synthetic Dev 37,synth_dev_37@devalign.research,00000000-0000-0000-0000-000000009c6a,Synthetic Task 8,00000000-0000-0000-0000-000000009c6a,Synthetic Project 4,8.2,UNAVAILABLE,0.0,94.0,3,1790.0,2.0,4,OVERLOADED,3,40.8,HIGH,3,LOW,1,TODO,4,1,0.25,75.05,10.45,-64.6,-80.4,16.2,0,0
00000000-0000-0000-0000-00000000bf92,Synthetic Dev 49,synth_dev_49@devalign.research,00000000-0000-0000-0000-000000004e4a,Synthetic Task 4,00000000-0000-0000-0000-00000000c37a,Synthetic Project 5,2.2,AVAILABLE,1.0,87.9,7,91.8,40.0,4,HIGH,2,37.8,HIGH,3,HIGH,3,TODO,1,0,0.0,59.2,0.0,-59.2,-59.2,0.0,0,0
00000000-0000-0000-0000-00000000179a,Synthetic Dev 6,synth_dev_6@devalign.research,00000000-0000-0000-0000-000000019a52,Synthetic Task 21,00000000-0000-0000-0000-000000004e4a,Synthetic Project 2,7.2,UNAVAILABLE,0.0,66.4,7,510.0,2.0,1,OVERLOADED,3,33.7,LOW,1,MEDIUM,2,TODO,2,1,0.5,69.0,35.4,-33.6,-84.8,50.0,0,0
00000000-0000-0000-0000-000000002352,Synthetic Dev 9,synth_dev_9@devalign.research,00000000-0000-0000-0000-00000001fbfa,Synthetic Task 26,00000000-0000-0000-0000-000000004e4a,Synthetic Project 2,14.3,UNAVAILABLE,0.0,94.7,6,0.0,2.0,0,AVAILABLE,0,16.3,LOW,1,HIGH,3,TODO,2,0,0.0,77.95,0.0,-77.95,-78.8,0.0,0,0
00000000-0000-0000-0000-000000007172,Synthetic Dev 29,synth_dev_29@devalign.research,00000000-0000-0000-0000-000000015fba,Synthetic Task 18,00000000-0000-0000-0000-000000009c6a,Synthetic Project 4,13.6,UNAVAILABLE,0.0,81.5,3,785.0,2.0,2,OVERLOADED,3,23.0,MEDIUM,2,HIGH,3,TODO,4,0,0.0,75.42,0.0,-75.42,-85.5,0.0,0,0
00000000-0000-0000-0000-0000000069a2,Synthetic Dev 27,synth_dev_27@devalign.research,00000000-0000-0000-0000-0000000138aa,Synthetic Task 16,00000000-0000-0000-0000-000000004e4a,Synthetic Project 2,6.8,UNAVAILABLE,0.0,86.3,7,805.0,2.0,2,OVERLOADED,3,59.4,MEDIUM,2,CRITICAL,4,TODO,2,2,1.0,71.8,60.35,-11.45,-12.2,82.87,0,0
00000000-0000-0000-0000-000000003ac2,Synthetic Dev 15,synth_dev_15@devalign.research,00000000-0000-0000-0000-000000024a1a,Synthetic Task 30,00000000-0000-0000-0000-00000000273a,Synthetic Project 1,13.9,AVAILABLE,1.0,91.5,6,19.5,40.0,1,AVAILABLE,0,45.8,MEDIUM,2,HIGH,3,TODO,3,3,1.0,76.23,69.77,-6.47,-26.9,89.38,0,0
00000000-0000-0000-0000-000000008cca,Synthetic Dev 36,synth_dev_36@devalign.research,00000000-0000-0000-0000-0000000061d2,Synthetic Task 5,00000000-0000-0000-0000-00000000273a,Synthetic Project 1,13.5,UNAVAILABLE,0.0,76.0,3,805.0,2.0,2,OVERLOADED,3,60.0,HIGH,3,LOW,1,TODO,3,1,0.3333,77.17,29.93,-47.23,-86.6,33.33,1,0
00000000-0000-0000-0000-000000009c6a,Synthetic Dev 40,synth_dev_40@devalign.research,00000000-0000-0000-0000-00000002230a,Synthetic Task 28,00000000-0000-0000-0000-000000009c6a,Synthetic Project 4,9.3,UNAVAILABLE,0.0,87.2,4,0.0,2.0,0,AVAILABLE,0,45.0,LOW,1,HIGH,3,TODO,1,1,1.0,63.1,67.4,4.3,4.3,100.0,0,0
00000000-0000-0000-0000-00000000949a,Synthetic Dev 38,synth_dev_38@devalign.research,00000000-0000-0000-0000-000000017342,Synthetic Task 19,00000000-0000-0000-0000-00000000c37a,Synthetic Project 5,3.6,PARTIAL,0.5,69.1,6,104.0,20.0,3,OVERLOADED,3,17.1,HIGH,3,LOW,1,TODO,3,1,0.3333,82.57,30.63,-51.93,-89.1,33.33,0,0
00000000-0000-0000-0000-000000002352,Synthetic Dev 9,synth_dev_9@devalign.research,00000000-0000-0000-0000-0000000013b2,Synthetic Task 1,00000000-0000-0000-0000-000000004e4a,Synthetic Project 2,14.3,UNAVAILABLE,0.0,94.7,6,0.0,2.0,0,AVAILABLE,0,8.0,HIGH,3,CRITICAL,4,TODO,2,0,0.0,69.4,0.0,-69.4,-71.8,0.0,0,0
00000000-0000-0000-0000-0000000007fa,Synthetic Dev 2,synth_dev_2@devalign.research,00000000-0000-0000-0000-00000000aff2,Synthetic Task 9,00000000-0000-0000-0000-00000000c37a,Synthetic Project 5,0.9,UNAVAILABLE,0.0,63.6,6,1585.0,2.0,4,OVERLOADED,3,34.8,LOW,1,HIGH,3,TODO,3,2,0.6667,69.47,29.37,-40.1,-51.2,37.73,0,0
00000000-0000-0000-0000-00000000bf92,Synthetic Dev 49,synth_dev_49@devalign.research,00000000-0000-0000-0000-00000000ea8a,Synthetic Task 12,00000000-0000-0000-0000-00000000755a,Synthetic Project 3,2.2,AVAILABLE,1.0,87.9,7,91.8,40.0,4,HIGH,2,32.5,HIGH,3,HIGH,3,TODO,3,3,1.0,65.7,77.2,11.5,5.1,100.0,0,1
00000000-0000-0000-0000-0000000084fa,Synthetic Dev 34,synth_dev_34@devalign.research,00000000-0000-0000-0000-00000001119a,Synthetic Task 14,00000000-0000-0000-0000-00000000c37a,Synthetic Project 5,7.5,UNAVAILABLE,0.0,65.3,5,830.0,2.0,3,OVERLOADED,3,52.5,HIGH,3,CRITICAL,4,TODO,4,3,0.75,68.72,34.67,-34.05,-71.7,51.21,0,0
00000000-0000-0000-0000-0000000088e2,Synthetic Dev 35,synth_dev_35@devalign.research,00000000-0000-0000-0000-000000019a52,Synthetic Task 21,00000000-0000-0000-0000-000000004e4a,Synthetic Project 2,6.4,PARTIAL,0.5,78.3,6,81.5,20.0,3,HIGH,2,33.7,LOW,1,MEDIUM,2,TODO,2,2,1.0,69.0,82.9,13.9,3.2,100.0,1,1
00000000-0000-0000-0000-000000009882,Synthetic Dev 39,synth_dev_39@devalign.research,00000000-0000-0000-0000-00000000755a,Synthetic Task 6,00000000-0000-0000-0000-000000004e4a,Synthetic Project 2,14.3,AVAILABLE,1.0,63.6,4,0.0,40.0,0,AVAILABLE,0,39.5,LOW,1,CRITICAL,4,TODO,4,2,0.5,71.9,26.73,-45.17,-84.3,38.04,0,0
00000000-0000-0000-0000-00000000aff2,Synthetic Dev 45,synth_dev_45@devalign.research,00000000-0000-0000-0000-00000001e872,Synthetic Task 25,00000000-0000-0000-0000-00000000273a,Synthetic Project 1,7.4,PARTIAL,0.5,77.8,7,179.5,20.0,3,OVERLOADED,3,5.2,MEDIUM,2,HIGH,3,TODO,4,2,0.5,82.55,21.12,-61.42,-83.3,25.31,0,0
00000000-0000-0000-0000-00000000aff2,Synthetic Dev 45,synth_dev_45@devalign.research,00000000-0000-0000-0000-000000024a1a,Synthetic Task 30,00000000-0000-0000-0000-00000000273a,Synthetic Project 1,7.4,PARTIAL,0.5,77.8,7,179.5,20.0,3,OVERLOADED,3,45.8,MEDIUM,2,HIGH,3,TODO,3,3,1.0,76.23,41.47,-34.77,-50.9,57.43,0,0
00000000-0000-0000-0000-000000003eaa,Synthetic Dev 16,synth_dev_16@devalign.research,00000000-0000-0000-0000-00000000aff2,Synthetic Task 9,00000000-0000-0000-0000-00000000c37a,Synthetic Project 5,10.1,UNAVAILABLE,0.0,75.9,3,355.0,2.0,1,OVERLOADED,3,34.8,LOW,1,HIGH,3,TODO,3,1,0.3333,69.47,26.2,-43.27,-82.0,33.33,0,0
00000000-0000-0000-0000-000000008112,Synthetic Dev 33,synth_dev_33@devalign.research,00000000-0000-0000-0000-000000024a1a,Synthetic Task 30,00000000-0000-0000-0000-00000000273a,Synthetic Project 1,10.2,PARTIAL,0.5,97.5,6,144.5,20.0,4,OVERLOADED,3,45.8,MEDIUM,2,HIGH,3,TODO,3,2,0.6667,76.23,45.03,-31.2,-55.6,50.92,0,0
00000000-0000-0000-0000-0000000007fa,Synthetic Dev 2,synth_dev_2@devalign.research,00000000-0000-0000-0000-00000001119a,Synthetic Task 14,00000000-0000-0000-0000-00000000c37a,Synthetic Project 5,0.9,UNAVAILABLE,0.0,63.6,6,1585.0,2.0,4,OVERLOADED,3,52.5,HIGH,3,CRITICAL,4,TODO,4,0,0.0,68.72,0.0,-68.72,-72.1,0.0,0,0
00000000-0000-0000-0000-00000000a822,Synthetic Dev 43,synth_dev_43@devalign.research,00000000-0000-0000-0000-000000019a52,Synthetic Task 21,00000000-0000-0000-0000-000000004e4a,Synthetic Project 2,13.3,PARTIAL,0.5,65.5,6,135.0,20.0,3,OVERLOADED,3,33.7,LOW,1,MEDIUM,2,TODO,2,1,0.5,69.0,34.4,-34.6,-84.8,50.0,0,0
00000000-0000-0000-0000-000000005232,Synthetic Dev 21,synth_dev_21@devalign.research,00000000-0000-0000-0000-00000001adda,Synthetic Task 22,00000000-0000-0000-0000-00000000755a,Synthetic Project 3,9.7,UNAVAILABLE,0.0,66.4,3,1015.0,2.0,3,OVERLOADED,3,31.9,HIGH,3,MEDIUM,2,TODO,2,0,0.0,71.95,0.0,-71.95,-75.5,0.0,0,0
00000000-0000-0000-0000-000000005a02,Synthetic Dev 23,synth_dev_23@devalign.research,00000000-0000-0000-0000-000000017342,Synthetic Task 19,00000000-0000-0000-0000-00000000c37a,Synthetic Project 5,1.1,AVAILABLE,1.0,70.7,4,0.0,40.0,0,AVAILABLE,0,17.1,HIGH,3,LOW,1,TODO,3,3,1.0,82.57,77.33,-5.23,-22.7,91.51,0,0
00000000-0000-0000-0000-0000000090b2,Synthetic Dev 37,synth_dev_37@devalign.research,00000000-0000-0000-0000-00000000755a,Synthetic Task 6,00000000-0000-0000-0000-000000004e4a,Synthetic Project 2,8.2,UNAVAILABLE,0.0,94.0,3,1790.0,2.0,4,OVERLOADED,3,39.5,LOW,1,CRITICAL,4,TODO,4,1,0.25,71.9,21.57,-50.33,-84.3,25.0,0,0
00000000-0000-0000-0000-0000000065ba,Synthetic Dev 26,synth_dev_26@devalign.research,00000000-0000-0000-0000-00000000273a,Synthetic Task 2,00000000-0000-0000-0000-00000000755a,Synthetic Project 3,9.8,PARTIAL,0.5,72.2,3,146.5,20.0,4,OVERLOADED,3,54.9,HIGH,3,MEDIUM,2,TODO,2,1,0.5,59.45,33.85,-25.6,-62.3,50.0,0,0
00000000-0000-0000-0000-00000000a43a,Synthetic Dev 42,synth_dev_42@devalign.research,00000000-0000-0000-0000-00000000273a,Synthetic Task 2,00000000-0000-0000-0000-00000000755a,Synthetic Project 3,2.0,PARTIAL,0.5,96.3,6,149.5,20.0,3,OVERLOADED,3,54.9,HIGH,3,MEDIUM,2,TODO,2,0,0.0,59.45,0.0,-59.45,-62.3,0.0,0,0
00000000-0000-0000-0000-00000000b7c2,Synthetic Dev 47,synth_dev_47@devalign.research,00000000-0000-0000-0000-00000002230a,Synthetic Task 28,00000000-0000-0000-0000-000000009c6a,Synthetic Project 4,4.5,AVAILABLE,1.0,96.9,4,70.5,40.0,4,BALANCED,1,45.0,LOW,1,HIGH,3,TODO,1,1,1.0,63.1,92.8,29.7,29.7,100.0,0,1
00000000-0000-0000-0000-00000000bbaa,Synthetic Dev 48,synth_dev_48@devalign.research,00000000-0000-0000-0000-00000000ea8a,Synthetic Task 12,00000000-0000-0000-0000-00000000755a,Synthetic Project 3,14.1,PARTIAL,0.5,75.5,3,0.0,20.0,0,AVAILABLE,0,32.5,HIGH,3,HIGH,3,TODO,3,0,0.0,65.7,0.0,-65.7,-72.1,0.0,0,0
00000000-0000-0000-0000-000000005dea,Synthetic Dev 24,synth_dev_24@devalign.research,00000000-0000-0000-0000-00000001119a,Synthetic Task 14,00000000-0000-0000-0000-00000000c37a,Synthetic Project 5,13.0,AVAILABLE,1.0,97.0,3,28.0,40.0,1,AVAILABLE,0,52.5,HIGH,3,CRITICAL,4,TODO,4,2,0.5,68.72,42.08,-26.65,-72.1,50.0,0,0
00000000-0000-0000-0000-0000000061d2,Synthetic Dev 25,synth_dev_25@devalign.research,00000000-0000-0000-0000-00000000aff2,Synthetic Task 9,00000000-0000-0000-0000-00000000c37a,Synthetic Project 5,2.8,PARTIAL,0.5,85.2,6,166.5,20.0,3,OVERLOADED,3,34.8,LOW,1,HIGH,3,TODO,3,3,1.0,69.47,69.7,0.23,-2.3,98.29,0,0
00000000-0000-0000-0000-00000000bf92,Synthetic Dev 49,synth_dev_49@devalign.research,00000000-0000-0000-0000-00000001c162,Synthetic Task 23,00000000-0000-0000-0000-000000009c6a,Synthetic Project 4,2.2,AVAILABLE,1.0,87.9,7,91.8,40.0,4,HIGH,2,54.3,HIGH,3,LOW,1,TODO,4,2,0.5,70.15,28.48,-41.67,-75.6,39.8,0,0
00000000-0000-0000-0000-0000000032f2,Synthetic Dev 13,synth_dev_13@devalign.research,00000000-0000-0000-0000-00000000fe12,Synthetic Task 13,00000000-0000-0000-0000-000000009c6a,Synthetic Project 4,6.5,PARTIAL,0.5,92.1,3,0.0,20.0,0,AVAILABLE,0,52.4,HIGH,3,MEDIUM,2,TODO,3,2,0.6667,68.67,26.53,-42.13,-61.9,38.05,0,0
00000000-0000-0000-0000-00000000273a,Synthetic Dev 10,synth_dev_10@devalign.research,00000000-0000-0000-0000-00000001119a,Synthetic Task 14,00000000-0000-0000-0000-00000000c37a,Synthetic Project 5,11.6,UNAVAILABLE,0.0,60.5,4,1745.0,2.0,3,OVERLOADED,3,52.5,HIGH,3,CRITICAL,4,TODO,4,1,0.25,68.72,19.77,-48.95,-71.7,25.0,1,0
00000000-0000-0000-0000-000000007172,Synthetic Dev 29,synth_dev_29@devalign.research,00000000-0000-0000-0000-000000004e4a,Synthetic Task 4,00000000-0000-0000-0000-00000000c37a,Synthetic Project 5,13.6,UNAVAILABLE,0.0,81.5,3,785.0,2.0,2,OVERLOADED,3,37.8,HIGH,3,HIGH,3,TODO,1,0,0.0,59.2,0.0,-59.2,-59.2,0.0,0,0
00000000-0000-0000-0000-000000001f6a,Synthetic Dev 8,synth_dev_8@devalign.research,00000000-0000-0000-0000-00000001e872,Synthetic Task 25,00000000-0000-0000-0000-00000000273a,Synthetic Project 1,7.1,AVAILABLE,1.0,96.0,4,59.0,40.0,2,BALANCED,1,5.2,MEDIUM,2,HIGH,3,TODO,4,2,0.5,82.55,27.85,-54.7,-83.3,33.26,0,0
00000000-0000-0000-0000-00000000a052,Synthetic Dev 41,synth_dev_41@devalign.research,00000000-0000-0000-0000-00000000ea8a,Synthetic Task 12,00000000-0000-0000-0000-00000000755a,Synthetic Project 3,1.6,AVAILABLE,1.0,84.7,5,14.3,40.0,1,AVAILABLE,0,32.5,HIGH,3,HIGH,3,TODO,3,0,0.0,65.7,0.0,-65.7,-72.1,0.0,0,0
00000000-0000-0000-0000-00000000273a,Synthetic Dev 10,synth_dev_10@devalign.research,00000000-0000-0000-0000-000000009c6a,Synthetic Task 8,00000000-0000-0000-0000-000000009c6a,Synthetic Project 4,11.6,UNAVAILABLE,0.0,60.5,4,1745.0,2.0,3,OVERLOADED,3,40.8,HIGH,3,LOW,1,TODO,4,2,0.5,75.05,41.3,-33.75,-80.3,50.0,0,0
00000000-0000-0000-0000-00000000949a,Synthetic Dev 38,synth_dev_38@devalign.research,00000000-0000-0000-0000-000000003ac2,Synthetic Task 3,00000000-0000-0000-0000-000000009c6a,Synthetic Project 4,3.6,PARTIAL,0.5,69.1,6,104.0,20.0,3,OVERLOADED,3,28.6,HIGH,3,HIGH,3,TODO,4,3,0.75,74.65,27.65,-47.0,-67.5,35.72,0,0
00000000-0000-0000-0000-00000000467a,Synthetic Dev 18,synth_dev_18@devalign.research,00000000-0000-0000-0000-000000012522,Synthetic Task 15,00000000-0000-0000-0000-00000000273a,Synthetic Project 1,4.1,UNAVAILABLE,0.0,80.6,7,1115.0,2.0,4,OVERLOADED,3,36.0,LOW,1,MEDIUM,2,TODO,2,1,0.5,65.8,45.4,-20.4,-68.9,50.0,0,0
00000000-0000-0000-0000-000000004e4a,Synthetic Dev 20,synth_dev_20@devalign.research,00000000-0000-0000-0000-0000000061d2,Synthetic Task 5,00000000-0000-0000-0000-00000000273a,Synthetic Project 1,4.8,UNAVAILABLE,0.0,83.5,3,345.0,2.0,1,OVERLOADED,3,60.0,HIGH,3,LOW,1,TODO,3,1,0.3333,77.17,14.57,-62.6,-76.1,16.82,0,0
00000000-0000-0000-0000-00000000755a,Synthetic Dev 30,synth_dev_30@devalign.research,00000000-0000-0000-0000-0000000186ca,Synthetic Task 20,00000000-0000-0000-0000-00000000273a,Synthetic Project 1,6.9,PARTIAL,0.5,84.1,4,166.0,20.0,4,OVERLOADED,3,13.3,LOW,1,CRITICAL,4,TODO,3,2,0.6667,69.5,39.43,-30.07,-61.7,51.51,0,0
00000000-0000-0000-0000-000000007d2a,Synthetic Dev 32,synth_dev_32@devalign.research,00000000-0000-0000-0000-0000000013b2,Synthetic Task 1,00000000-0000-0000-0000-000000004e4a,Synthetic Project 2,10.0,AVAILABLE,1.0,55.2,4,0.0,40.0,0,AVAILABLE,0,8.0,HIGH,3,CRITICAL,4,TODO,2,0,0.0,69.4,0.0,-69.4,-71.8,0.0,0,0
00000000-0000-0000-0000-00000000949a,Synthetic Dev 38,synth_dev_38@devalign.research,00000000-0000-0000-0000-00000001adda,Synthetic Task 22,00000000-0000-0000-0000-00000000755a,Synthetic Project 3,3.6,PARTIAL,0.5,69.1,6,104.0,20.0,3,OVERLOADED,3,31.9,HIGH,3,MEDIUM,2,TODO,2,1,0.5,71.95,22.3,-49.65,-75.5,32.6,0,0
00000000-0000-0000-0000-000000005a02,Synthetic Dev 23,synth_dev_23@devalign.research,00000000-0000-0000-0000-00000001d4ea,Synthetic Task 24,00000000-0000-0000-0000-00000000c37a,Synthetic Project 5,1.1,AVAILABLE,1.0,70.7,4,0.0,40.0,0,AVAILABLE,0,29.6,MEDIUM,2,HIGH,3,TODO,3,2,0.6667,61.33,48.37,-12.97,-64.4,66.67,1,0
00000000-0000-0000-0000-000000009c6a,Synthetic Dev 40,synth_dev_40@devalign.research,00000000-0000-0000-0000-00000001e872,Synthetic Task 25,00000000-0000-0000-0000-00000000273a,Synthetic Project 1,9.3,UNAVAILABLE,0.0,87.2,4,0.0,2.0,0,AVAILABLE,0,5.2,MEDIUM,2,HIGH,3,TODO,4,2,0.5,82.55,30.45,-52.1,-86.1,37.44,0,0
00000000-0000-0000-0000-0000000061d2,Synthetic Dev 25,synth_dev_25@devalign.research,00000000-0000-0000-0000-00000000d702,Synthetic Task 11,00000000-0000-0000-0000-000000004e4a,Synthetic Project 2,2.8,PARTIAL,0.5,85.2,6,166.5,20.0,3,OVERLOADED,3,29.8,LOW,1,LOW,1,TODO,1,1,1.0,69.9,48.1,-21.8,-21.8,68.81,0,0
00000000-0000-0000-0000-0000000007fa,Synthetic Dev 2,synth_dev_2@devalign.research,00000000-0000-0000-0000-00000001c162,Synthetic Task 23,00000000-0000-0000-0000-000000009c6a,Synthetic Project 4,0.9,UNAVAILABLE,0.0,63.6,6,1585.0,2.0,4,OVERLOADED,3,54.3,HIGH,3,LOW,1,TODO,4,2,0.5,70.15,33.08,-37.07,-73.5,39.81,0,0
00000000-0000-0000-0000-00000000bf92,Synthetic Dev 49,synth_dev_49@devalign.research,00000000-0000-0000-0000-000000012522,Synthetic Task 15,00000000-0000-0000-0000-00000000273a,Synthetic Project 1,2.2,AVAILABLE,1.0,87.9,7,91.8,40.0,4,HIGH,2,36.0,LOW,1,MEDIUM,2,TODO,2,1,0.5,65.8,34.8,-31.0,-68.9,50.0,0,0
00000000-0000-0000-0000-00000000a43a,Synthetic Dev 42,synth_dev_42@devalign.research,00000000-0000-0000-0000-00000001d4ea,Synthetic Task 24,00000000-0000-0000-0000-00000000c37a,Synthetic Project 5,2.0,PARTIAL,0.5,96.3,6,149.5,20.0,3,OVERLOADED,3,29.6,MEDIUM,2,HIGH,3,TODO,3,3,1.0,61.33,62.57,1.23,-19.3,83.16,0,0
00000000-0000-0000-0000-0000000007fa,Synthetic Dev 2,synth_dev_2@devalign.research,00000000-0000-0000-0000-00000000ea8a,Synthetic Task 12,00000000-0000-0000-0000-00000000755a,Synthetic Project 3,0.9,UNAVAILABLE,0.0,63.6,6,1585.0,2.0,4,OVERLOADED,3,32.5,HIGH,3,HIGH,3,TODO,3,1,0.3333,65.7,17.3,-48.4,-72.1,28.98,0,0
00000000-0000-0000-0000-000000008112,Synthetic Dev 33,synth_dev_33@devalign.research,00000000-0000-0000-0000-000000020f82,Synthetic Task 27,00000000-0000-0000-0000-00000000755a,Synthetic Project 3,10.2,PARTIAL,0.5,97.5,6,144.5,20.0,4,OVERLOADED,3,39.2,HIGH,3,MEDIUM,2,TODO,1,1,1.0,81.5,46.1,-35.4,-35.4,56.56,0,0
00000000-0000-0000-0000-00000000949a,Synthetic Dev 38,synth_dev_38@devalign.research,00000000-0000-0000-0000-0000000061d2,Synthetic Task 5,00000000-0000-0000-0000-00000000273a,Synthetic Project 1,3.6,PARTIAL,0.5,69.1,6,104.0,20.0,3,OVERLOADED,3,60.0,HIGH,3,LOW,1,TODO,3,2,0.6667,77.17,22.37,-54.8,-86.6,30.91,0,0
00000000-0000-0000-0000-0000000061d2,Synthetic Dev 25,synth_dev_25@devalign.research,00000000-0000-0000-0000-000000017342,Synthetic Task 19,00000000-0000-0000-0000-00000000c37a,Synthetic Project 5,2.8,PARTIAL,0.5,85.2,6,166.5,20.0,3,OVERLOADED,3,17.1,HIGH,3,LOW,1,TODO,3,3,1.0,82.57,53.1,-29.47,-44.6,64.65,1,0
00000000-0000-0000-0000-00000000467a,Synthetic Dev 18,synth_dev_18@devalign.research,00000000-0000-0000-0000-00000000ea8a,Synthetic Task 12,00000000-0000-0000-0000-00000000755a,Synthetic Project 3,4.1,UNAVAILABLE,0.0,80.6,7,1115.0,2.0,4,OVERLOADED,3,32.5,HIGH,3,HIGH,3,TODO,3,3,1.0,65.7,53.3,-12.4,-41.5,67.13,0,0
00000000-0000-0000-0000-0000000036da,Synthetic Dev 14,synth_dev_14@devalign.research,00000000-0000-0000-0000-0000000138aa,Synthetic Task 16,00000000-0000-0000-0000-000000004e4a,Synthetic Project 2,7.0,UNAVAILABLE,0.0,73.1,3,825.0,2.0,2,OVERLOADED,3,59.4,MEDIUM,2,CRITICAL,4,TODO,2,1,0.5,71.8,16.65,-55.15,-88.6,30.27,0,0
00000000-0000-0000-0000-00000000a43a,Synthetic Dev 42,synth_dev_42@devalign.research,00000000-0000-0000-0000-00000000755a,Synthetic Task 6,00000000-0000-0000-0000-000000004e4a,Synthetic Project 2,2.0,PARTIAL,0.5,96.3,6,149.5,20.0,3,OVERLOADED,3,39.5,LOW,1,CRITICAL,4,TODO,4,2,0.5,71.9,35.42,-36.48,-84.3,41.57,0,0
00000000-0000-0000-0000-00000000273a,Synthetic Dev 10,synth_dev_10@devalign.research,00000000-0000-0000-0000-00000001c162,Synthetic Task 23,00000000-0000-0000-0000-000000009c6a,Synthetic Project 4,11.6,UNAVAILABLE,0.0,60.5,4,1745.0,2.0,3,OVERLOADED,3,54.3,HIGH,3,LOW,1,TODO,4,2,0.5,70.15,42.38,-27.77,-75.6,50.0,0,0
00000000-0000-0000-0000-000000000be2,Synthetic Dev 3,synth_dev_3@devalign.research,00000000-0000-0000-0000-00000000fe12,Synthetic Task 13,00000000-0000-0000-0000-000000009c6a,Synthetic Project 4,9.3,PARTIAL,0.5,89.7,6,131.5,20.0,3,OVERLOADED,3,52.4,HIGH,3,MEDIUM,2,TODO,3,3,1.0,68.67,50.0,-18.67,-48.3,70.11,0,0
00000000-0000-0000-0000-000000008112,Synthetic Dev 33,synth_dev_33@devalign.research,00000000-0000-0000-0000-00000000fe12,Synthetic Task 13,00000000-0000-0000-0000-000000009c6a,Synthetic Project 4,10.2,PARTIAL,0.5,97.5,6,144.5,20.0,4,OVERLOADED,3,52.4,HIGH,3,MEDIUM,2,TODO,3,2,0.6667,68.67,35.67,-33.0,-61.3,49.34,0,0
00000000-0000-0000-0000-000000000fca,Synthetic Dev 4,synth_dev_4@devalign.research,00000000-0000-0000-0000-000000004e4a,Synthetic Task 4,00000000-0000-0000-0000-00000000c37a,Synthetic Project 5,12.9,AVAILABLE,1.0,92.3,5,52.0,40.0,3,BALANCED,1,37.8,HIGH,3,HIGH,3,TODO,1,1,1.0,59.2,69.6,10.4,10.4,100.0,0,1
00000000-0000-0000-0000-000000008cca,Synthetic Dev 36,synth_dev_36@devalign.research,00000000-0000-0000-0000-00000000273a,Synthetic Task 2,00000000-0000-0000-0000-00000000755a,Synthetic Project 3,13.5,UNAVAILABLE,0.0,76.0,3,805.0,2.0,2,OVERLOADED,3,54.9,HIGH,3,MEDIUM,2,TODO,2,0,0.0,59.45,0.0,-59.45,-62.3,0.0,0,0
00000000-0000-0000-0000-000000007172,Synthetic Dev 29,synth_dev_29@devalign.research,00000000-0000-0000-0000-0000000061d2,Synthetic Task 5,00000000-0000-0000-0000-00000000273a,Synthetic Project 1,13.6,UNAVAILABLE,0.0,81.5,3,785.0,2.0,2,OVERLOADED,3,60.0,HIGH,3,LOW,1,TODO,3,1,0.3333,77.17,22.57,-54.6,-86.6,32.8,0,0
00000000-0000-0000-0000-00000000a43a,Synthetic Dev 42,synth_dev_42@devalign.research,00000000-0000-0000-0000-0000000088e2,Synthetic Task 7,00000000-0000-0000-0000-00000000755a,Synthetic Project 3,2.0,PARTIAL,0.5,96.3,6,149.5,20.0,3,OVERLOADED,3,20.1,HIGH,3,CRITICAL,4,TODO,4,2,0.5,70.12,33.65,-36.48,-66.2,39.33,0,0
00000000-0000-0000-0000-00000000b7c2,Synthetic Dev 47,synth_dev_47@devalign.research,00000000-0000-0000-0000-00000000fe12,Synthetic Task 13,00000000-0000-0000-0000-000000009c6a,Synthetic Project 4,4.5,AVAILABLE,1.0,96.9,4,70.5,40.0,4,BALANCED,1,52.4,HIGH,3,MEDIUM,2,TODO,3,1,0.3333,68.67,30.93,-37.73,-82.8,33.33,0,0
00000000-0000-0000-0000-000000009882,Synthetic Dev 39,synth_dev_39@devalign.research,00000000-0000-0000-0000-00000001c162,Synthetic Task 23,00000000-0000-0000-0000-000000009c6a,Synthetic Project 4,14.3,AVAILABLE,1.0,63.6,4,0.0,40.0,0,AVAILABLE,0,54.3,HIGH,3,LOW,1,TODO,4,2,0.5,70.15,36.4,-33.75,-75.6,44.94,0,0
00000000-0000-0000-0000-00000000a822,Synthetic Dev 43,synth_dev_43@devalign.research,00000000-0000-0000-0000-00000001adda,Synthetic Task 22,00000000-0000-0000-0000-00000000755a,Synthetic Project 3,13.3,PARTIAL,0.5,65.5,6,135.0,20.0,3,OVERLOADED,3,31.9,HIGH,3,MEDIUM,2,TODO,2,1,0.5,71.95,23.4,-48.55,-75.5,34.21,0,0
00000000-0000-0000-0000-00000000c37a,Synthetic Dev 50,synth_dev_50@devalign.research,00000000-0000-0000-0000-000000020f82,Synthetic Task 27,00000000-0000-0000-0000-00000000755a,Synthetic Project 3,1.7,UNAVAILABLE,0.0,65.3,3,1105.0,2.0,4,OVERLOADED,3,39.2,HIGH,3,MEDIUM,2,TODO,1,0,0.0,81.5,0.0,-81.5,-81.5,0.0,0,0
00000000-0000-0000-0000-00000000b3da,Synthetic Dev 46,synth_dev_46@devalign.research,00000000-0000-0000-0000-00000000fe12,Synthetic Task 13,00000000-0000-0000-0000-000000009c6a,Synthetic Project 4,4.5,PARTIAL,0.5,80.4,3,183.5,20.0,4,OVERLOADED,3,52.4,HIGH,3,MEDIUM,2,TODO,3,1,0.3333,68.67,16.53,-52.13,-82.8,26.71,0,0
00000000-0000-0000-0000-0000000065ba,Synthetic Dev 26,synth_dev_26@devalign.research,00000000-0000-0000-0000-000000015fba,Synthetic Task 18,00000000-0000-0000-0000-000000009c6a,Synthetic Project 4,9.8,PARTIAL,0.5,72.2,3,146.5,20.0,4,OVERLOADED,3,23.0,MEDIUM,2,HIGH,3,TODO,4,2,0.5,75.42,25.05,-50.38,-85.5,33.88,0,0
00000000-0000-0000-0000-00000000949a,Synthetic Dev 38,synth_dev_38@devalign.research,00000000-0000-0000-0000-000000014c32,Synthetic Task 17,00000000-0000-0000-0000-00000000755a,Synthetic Project 3,3.6,PARTIAL,0.5,69.1,6,104.0,20.0,3,OVERLOADED,3,53.0,MEDIUM,2,LOW,1,TODO,4,3,0.75,69.43,42.75,-26.68,-66.4,54.98,0,0
00000000-0000-0000-0000-0000000084fa,Synthetic Dev 34,synth_dev_34@devalign.research,00000000-0000-0000-0000-00000001d4ea,Synthetic Task 24,00000000-0000-0000-0000-00000000c37a,Synthetic Project 5,7.5,UNAVAILABLE,0.0,65.3,5,830.0,2.0,3,OVERLOADED,3,29.6,MEDIUM,2,HIGH,3,TODO,3,1,0.3333,61.33,11.73,-49.6,-65.3,21.61,0,0
00000000-0000-0000-0000-00000000949a,Synthetic Dev 38,synth_dev_38@devalign.research,00000000-0000-0000-0000-00000000273a,Synthetic Task 2,00000000-0000-0000-0000-00000000755a,Synthetic Project 3,3.6,PARTIAL,0.5,69.1,6,104.0,20.0,3,OVERLOADED,3,54.9,HIGH,3,MEDIUM,2,TODO,2,2,1.0,59.45,63.2,3.75,-27.8,77.69,0,0
00000000-0000-0000-0000-000000006d8a,Synthetic Dev 28,synth_dev_28@devalign.research,00000000-0000-0000-0000-00000000ea8a,Synthetic Task 12,00000000-0000-0000-0000-00000000755a,Synthetic Project 3,13.9,UNAVAILABLE,0.0,81.8,5,0.0,2.0,0,AVAILABLE,0,32.5,HIGH,3,HIGH,3,TODO,3,2,0.6667,65.7,39.27,-26.43,-72.1,57.06,0,0
00000000-0000-0000-0000-000000005232,Synthetic Dev 21,synth_dev_21@devalign.research,00000000-0000-0000-0000-00000000d702,Synthetic Task 11,00000000-0000-0000-0000-000000004e4a,Synthetic Project 2,9.7,UNAVAILABLE,0.0,66.4,3,1015.0,2.0,3,OVERLOADED,3,29.8,LOW,1,LOW,1,TODO,1,0,0.0,69.9,0.0,-69.9,-69.9,0.0,0,0
00000000-0000-0000-0000-00000000c37a,Synthetic Dev 50,synth_dev_50@devalign.research,00000000-0000-0000-0000-000000019a52,Synthetic Task 21,00000000-0000-0000-0000-000000004e4a,Synthetic Project 2,1.7,UNAVAILABLE,0.0,65.3,3,1105.0,2.0,4,OVERLOADED,3,33.7,LOW,1,MEDIUM,2,TODO,2,0,0.0,69.0,0.0,-69.0,-84.8,0.0,0,0
00000000-0000-0000-0000-000000000412,Synthetic Dev 1,synth_dev_1@devalign.research,00000000-0000-0000-0000-00000001e872,Synthetic Task 25,00000000-0000-0000-0000-00000000273a,Synthetic Project 1,2.1,UNAVAILABLE,0.0,86.9,3,330.0,2.0,1,OVERLOADED,3,5.2,MEDIUM,2,HIGH,3,TODO,4,1,0.25,82.55,8.03,-74.52,-83.3,9.32,0,0
00000000-0000-0000-0000-0000000061d2,Synthetic Dev 25,synth_dev_25@devalign.research,00000000-0000-0000-0000-00000001c162,Synthetic Task 23,00000000-0000-0000-0000-000000009c6a,Synthetic Project 4,2.8,PARTIAL,0.5,85.2,6,166.5,20.0,3,OVERLOADED,3,54.3,HIGH,3,LOW,1,TODO,4,1,0.25,70.15,12.03,-58.12,-75.6,16.36,0,0
00000000-0000-0000-0000-00000000ac0a,Synthetic Dev 44,synth_dev_44@devalign.research,00000000-0000-0000-0000-00000001c162,Synthetic Task 23,00000000-0000-0000-0000-000000009c6a,Synthetic Project 4,0.6,UNAVAILABLE,0.0,95.8,6,0.0,2.0,0,AVAILABLE,0,54.3,HIGH,3,LOW,1,TODO,4,1,0.25,70.15,7.78,-62.38,-75.6,12.19,0,0
00000000-0000-0000-0000-0000000065ba,Synthetic Dev 26,synth_dev_26@devalign.research,00000000-0000-0000-0000-000000012522,Synthetic Task 15,00000000-0000-0000-0000-00000000273a,Synthetic Project 1,9.8,PARTIAL,0.5,72.2,3,146.5,20.0,4,OVERLOADED,3,36.0,LOW,1,MEDIUM,2,TODO,2,0,0.0,65.8,0.0,-65.8,-68.9,0.0,0,0
00000000-0000-0000-0000-00000000755a,Synthetic Dev 30,synth_dev_30@devalign.research,00000000-0000-0000-0000-000000003ac2,Synthetic Task 3,00000000-0000-0000-0000-000000009c6a,Synthetic Project 4,6.9,PARTIAL,0.5,84.1,4,166.0,20.0,4,OVERLOADED,3,28.6,HIGH,3,HIGH,3,TODO,4,1,0.25,74.65,19.7,-54.95,-85.6,25.0,0,0
00000000-0000-0000-0000-0000000090b2,Synthetic Dev 37,synth_dev_37@devalign.research,00000000-0000-0000-0000-00000001e872,Synthetic Task 25,00000000-0000-0000-0000-00000000273a,Synthetic Project 1,8.2,UNAVAILABLE,0.0,94.0,3,1790.0,2.0,4,OVERLOADED,3,5.2,MEDIUM,2,HIGH,3,TODO,4,0,0.0,82.55,0.0,-82.55,-86.1,0.0,0,0
00000000-0000-0000-0000-00000000a052,Synthetic Dev 41,synth_dev_41@devalign.research,00000000-0000-0000-0000-00000000d702,Synthetic Task 11,00000000-0000-0000-0000-000000004e4a,Synthetic Project 2,1.6,AVAILABLE,1.0,84.7,5,14.3,40.0,1,AVAILABLE,0,29.8,LOW,1,LOW,1,TODO,1,1,1.0,69.9,52.2,-17.7,-17.7,74.68,0,1
00000000-0000-0000-0000-00000000a052,Synthetic Dev 41,synth_dev_41@devalign.research,00000000-0000-0000-0000-00000000755a,Synthetic Task 6,00000000-0000-0000-0000-000000004e4a,Synthetic Project 2,1.6,AVAILABLE,1.0,84.7,5,14.3,40.0,1,AVAILABLE,0,39.5,LOW,1,CRITICAL,4,TODO,4,1,0.25,71.9,13.53,-58.38,-84.3,21.37,0,0
00000000-0000-0000-0000-00000000561a,Synthetic Dev 22,synth_dev_22@devalign.research,00000000-0000-0000-0000-00000000c37a,Synthetic Task 10,00000000-0000-0000-0000-00000000273a,Synthetic Project 1,2.8,PARTIAL,0.5,74.0,3,134.0,20.0,3,OVERLOADED,3,21.4,HIGH,3,MEDIUM,2,TODO,1,0,0.0,66.3,0.0,-66.3,-66.3,0.0,0,0
00000000-0000-0000-0000-000000005dea,Synthetic Dev 24,synth_dev_24@devalign.research,00000000-0000-0000-0000-00000000ea8a,Synthetic Task 12,00000000-0000-0000-0000-00000000755a,Synthetic Project 3,13.0,AVAILABLE,1.0,97.0,3,28.0,40.0,1,AVAILABLE,0,32.5,HIGH,3,HIGH,3,TODO,3,1,0.3333,65.7,27.57,-38.13,-72.1,33.33,0,0
00000000-0000-0000-0000-000000009882,Synthetic Dev 39,synth_dev_39@devalign.research,00000000-0000-0000-0000-0000000186ca,Synthetic Task 20,00000000-0000-0000-0000-00000000273a,Synthetic Project 1,14.3,AVAILABLE,1.0,63.6,4,0.0,40.0,0,AVAILABLE,0,13.3,LOW,1,CRITICAL,4,TODO,3,0,0.0,69.5,0.0,-69.5,-81.8,0.0,0,0
00000000-0000-0000-0000-000000002f0a,Synthetic Dev 12,synth_dev_12@devalign.research,00000000-0000-0000-0000-00000000fe12,Synthetic Task 13,00000000-0000-0000-0000-000000009c6a,Synthetic Project 4,13.0,AVAILABLE,1.0,58.0,6,17.2,40.0,1,AVAILABLE,0,52.4,HIGH,3,MEDIUM,2,TODO,3,3,1.0,68.67,45.57,-23.1,-25.6,65.95,0,0
00000000-0000-0000-0000-000000004a62,Synthetic Dev 19,synth_dev_19@devalign.research,00000000-0000-0000-0000-0000000138aa,Synthetic Task 16,00000000-0000-0000-0000-000000004e4a,Synthetic Project 2,15.0,UNAVAILABLE,0.0,97.8,7,0.0,2.0,0,AVAILABLE,0,59.4,MEDIUM,2,CRITICAL,4,TODO,2,1,0.5,71.8,34.9,-36.9,-55.0,39.39,0,0
00000000-0000-0000-0000-0000000090b2,Synthetic Dev 37,synth_dev_37@devalign.research,00000000-0000-0000-0000-000000003ac2,Synthetic Task 3,00000000-0000-0000-0000-000000009c6a,Synthetic Project 4,8.2,UNAVAILABLE,0.0,94.0,3,1790.0,2.0,4,OVERLOADED,3,28.6,HIGH,3,HIGH,3,TODO,4,1,0.25,74.65,10.45,-64.2,-85.6,15.48,0,0
00000000-0000-0000-0000-0000000069a2,Synthetic Dev 27,synth_dev_27@devalign.research,00000000-0000-0000-0000-000000004e4a,Synthetic Task 4,00000000-0000-0000-0000-00000000c37a,Synthetic Project 5,6.8,UNAVAILABLE,0.0,86.3,7,805.0,2.0,2,OVERLOADED,3,37.8,HIGH,3,HIGH,3,TODO,1,1,1.0,59.2,63.8,4.6,4.6,100.0,0,0
00000000-0000-0000-0000-0000000088e2,Synthetic Dev 35,synth_dev_35@devalign.research,00000000-0000-0000-0000-000000024a1a,Synthetic Task 30,00000000-0000-0000-0000-00000000273a,Synthetic Project 1,6.4,PARTIAL,0.5,78.3,6,81.5,20.0,3,HIGH,2,45.8,MEDIUM,2,HIGH,3,TODO,3,1,0.3333,76.23,29.33,-46.9,-88.7,33.33,0,0
00000000-0000-0000-0000-0000000013b2,Synthetic Dev 5,synth_dev_5@devalign.research,00000000-0000-0000-0000-00000001d4ea,Synthetic Task 24,00000000-0000-0000-0000-00000000c37a,Synthetic Project 5,4.0,UNAVAILABLE,0.0,74.9,7,1195.0,2.0,2,OVERLOADED,3,29.6,MEDIUM,2,HIGH,3,TODO,3,2,0.6667,61.33,32.63,-28.7,-65.3,55.24,0,0
00000000-0000-0000-0000-000000002352,Synthetic Dev 9,synth_dev_9@devalign.research,00000000-0000-0000-0000-00000000d702,Synthetic Task 11,00000000-0000-0000-0000-000000004e4a,Synthetic Project 2,14.3,UNAVAILABLE,0.0,94.7,6,0.0,2.0,0,AVAILABLE,0,29.8,LOW,1,LOW,1,TODO,1,1,1.0,69.9,61.6,-8.3,-8.3,88.13,0,0
00000000-0000-0000-0000-000000002b22,Synthetic Dev 11,synth_dev_11@devalign.research,00000000-0000-0000-0000-00000000d702,Synthetic Task 11,00000000-0000-0000-0000-000000004e4a,Synthetic Project 2,14.9,PARTIAL,0.5,82.9,6,169.5,20.0,3,OVERLOADED,3,29.8,LOW,1,LOW,1,TODO,1,1,1.0,69.9,71.0,1.1,1.1,100.0,0,0
00000000-0000-0000-0000-0000000036da,Synthetic Dev 14,synth_dev_14@devalign.research,00000000-0000-0000-0000-0000000061d2,Synthetic Task 5,00000000-0000-0000-0000-00000000273a,Synthetic Project 1,7.0,UNAVAILABLE,0.0,73.1,3,825.0,2.0,2,OVERLOADED,3,60.0,HIGH,3,LOW,1,TODO,3,0,0.0,77.17,0.0,-77.17,-86.6,0.0,0,0
00000000-0000-0000-0000-00000000949a,Synthetic Dev 38,synth_dev_38@devalign.research,00000000-0000-0000-0000-0000000186ca,Synthetic Task 20,00000000-0000-0000-0000-00000000273a,Synthetic Project 1,3.6,PARTIAL,0.5,69.1,6,104.0,20.0,3,OVERLOADED,3,13.3,LOW,1,CRITICAL,4,TODO,3,3,1.0,69.5,53.1,-16.4,-47.3,65.0,0,0
00000000-0000-0000-0000-00000000bf92,Synthetic Dev 49,synth_dev_49@devalign.research,00000000-0000-0000-0000-00000001d4ea,Synthetic Task 24,00000000-0000-0000-0000-00000000c37a,Synthetic Project 5,2.2,AVAILABLE,1.0,87.9,7,91.8,40.0,4,HIGH,2,29.6,MEDIUM,2,HIGH,3,TODO,3,3,1.0,61.33,70.33,9.0,-4.5,97.24,0,1
00000000-0000-0000-0000-000000000be2,Synthetic Dev 3,synth_dev_3@devalign.research,00000000-0000-0000-0000-0000000061d2,Synthetic Task 5,00000000-0000-0000-0000-00000000273a,Synthetic Project 1,9.3,PARTIAL,0.5,89.7,6,131.5,20.0,3,OVERLOADED,3,60.0,HIGH,3,LOW,1,TODO,3,0,0.0,77.17,0.0,-77.17,-86.6,0.0,0,0
00000000-0000-0000-0000-000000003ac2,Synthetic Dev 15,synth_dev_15@devalign.research,00000000-0000-0000-0000-00000000fe12,Synthetic Task 13,00000000-0000-0000-0000-000000009c6a,Synthetic Project 4,13.9,AVAILABLE,1.0,91.5,6,19.5,40.0,1,AVAILABLE,0,52.4,HIGH,3,MEDIUM,2,TODO,3,1,0.3333,68.67,15.73,-52.93,-61.9,19.0,0,0
00000000-0000-0000-0000-0000000013b2,Synthetic Dev 5,synth_dev_5@devalign.research,00000000-0000-0000-0000-00000001e872,Synthetic Task 25,00000000-0000-0000-0000-00000000273a,Synthetic Project 1,4.0,UNAVAILABLE,0.0,74.9,7,1195.0,2.0,2,OVERLOADED,3,5.2,MEDIUM,2,HIGH,3,TODO,4,2,0.5,82.55,36.75,-45.8,-86.1,42.19,0,0
00000000-0000-0000-0000-00000000a822,Synthetic Dev 43,synth_dev_43@devalign.research,00000000-0000-0000-0000-0000000186ca,Synthetic Task 20,00000000-0000-0000-0000-00000000273a,Synthetic Project 1,13.3,PARTIAL,0.5,65.5,6,135.0,20.0,3,OVERLOADED,3,13.3,LOW,1,CRITICAL,4,TODO,3,2,0.6667,69.5,38.27,-31.23,-61.7,53.28,0,0
00000000-0000-0000-0000-0000000061d2,Synthetic Dev 25,synth_dev_25@devalign.research,00000000-0000-0000-0000-000000023692,Synthetic Task 29,00000000-0000-0000-0000-00000000c37a,Synthetic Project 5,2.8,PARTIAL,0.5,85.2,6,166.5,20.0,3,OVERLOADED,3,15.2,MEDIUM,2,MEDIUM,2,TODO,3,1,0.3333,75.5,24.3,-51.2,-83.2,33.33,0,0
00000000-0000-0000-0000-000000004e4a,Synthetic Dev 20,synth_dev_20@devalign.research,00000000-0000-0000-0000-00000001c162,Synthetic Task 23,00000000-0000-0000-0000-000000009c6a,Synthetic Project 4,4.8,UNAVAILABLE,0.0,83.5,3,345.0,2.0,1,OVERLOADED,3,54.3,HIGH,3,LOW,1,TODO,4,3,0.75,70.15,36.08,-34.08,-75.6,53.1,0,0
00000000-0000-0000-0000-00000000561a,Synthetic Dev 22,synth_dev_22@devalign.research,00000000-0000-0000-0000-000000023692,Synthetic Task 29,00000000-0000-0000-0000-00000000c37a,Synthetic Project 5,2.8,PARTIAL,0.5,74.0,3,134.0,20.0,3,OVERLOADED,3,15.2,MEDIUM,2,MEDIUM,2,TODO,3,0,0.0,75.5,0.0,-75.5,-83.2,0.0,0,0
00000000-0000-0000-0000-0000000013b2,Synthetic Dev 5,synth_dev_5@devalign.research,00000000-0000-0000-0000-0000000138aa,Synthetic Task 16,00000000-0000-0000-0000-000000004e4a,Synthetic Project 2,4.0,UNAVAILABLE,0.0,74.9,7,1195.0,2.0,2,OVERLOADED,3,59.4,MEDIUM,2,CRITICAL,4,TODO,2,2,1.0,71.8,70.9,-0.9,-4.5,95.91,0,0
00000000-0000-0000-0000-000000007d2a,Synthetic Dev 32,synth_dev_32@devalign.research,00000000-0000-0000-0000-00000000273a,Synthetic Task 2,00000000-0000-0000-0000-00000000755a,Synthetic Project 3,10.0,AVAILABLE,1.0,55.2,4,0.0,40.0,0,AVAILABLE,0,54.9,HIGH,3,MEDIUM,2,TODO,2,1,0.5,59.45,19.35,-40.1,-56.6,31.06,0,0
00000000-0000-0000-0000-000000002b22,Synthetic Dev 11,synth_dev_11@devalign.research,00000000-0000-0000-0000-00000000fe12,Synthetic Task 13,00000000-0000-0000-0000-000000009c6a,Synthetic Project 4,14.9,PARTIAL,0.5,82.9,6,169.5,20.0,3,OVERLOADED,3,52.4,HIGH,3,MEDIUM,2,TODO,3,1,0.3333,68.67,14.97,-53.7,-61.9,18.08,0,0
00000000-0000-0000-0000-000000004a62,Synthetic Dev 19,synth_dev_19@devalign.research,00000000-0000-0000-0000-000000024a1a,Synthetic Task 30,00000000-0000-0000-0000-00000000273a,Synthetic Project 1,15.0,UNAVAILABLE,0.0,97.8,7,0.0,2.0,0,AVAILABLE,0,45.8,MEDIUM,2,HIGH,3,TODO,3,2,0.6667,76.23,41.57,-34.67,-88.7,45.38,0,0
00000000-0000-0000-0000-0000000007fa,Synthetic Dev 2,synth_dev_2@devalign.research,00000000-0000-0000-0000-00000000755a,Synthetic Task 6,00000000-0000-0000-0000-000000004e4a,Synthetic Project 2,0.9,UNAVAILABLE,0.0,63.6,6,1585.0,2.0,4,OVERLOADED,3,39.5,LOW,1,CRITICAL,4,TODO,4,2,0.5,71.9,18.07,-53.83,-84.3,28.58,0,0
00000000-0000-0000-0000-00000000179a,Synthetic Dev 6,synth_dev_6@devalign.research,00000000-0000-0000-0000-0000000088e2,Synthetic Task 7,00000000-0000-0000-0000-00000000755a,Synthetic Project 3,7.2,UNAVAILABLE,0.0,66.4,7,510.0,2.0,1,OVERLOADED,3,20.1,HIGH,3,CRITICAL,4,TODO,4,1,0.25,70.12,9.28,-60.85,-88.8,14.82,0,0
00000000-0000-0000-0000-000000008112,Synthetic Dev 33,synth_dev_33@devalign.research,00000000-0000-0000-0000-000000014c32,Synthetic Task 17,00000000-0000-0000-0000-00000000755a,Synthetic Project 3,10.2,PARTIAL,0.5,97.5,6,144.5,20.0,4,OVERLOADED,3,53.0,MEDIUM,2,LOW,1,TODO,4,2,0.5,69.43,31.27,-38.15,-78.9,40.35,0,0
00000000-0000-0000-0000-0000000090b2,Synthetic Dev 37,synth_dev_37@devalign.research,00000000-0000-0000-0000-00000001c162,Synthetic Task 23,00000000-0000-0000-0000-000000009c6a,Synthetic Project 4,8.2,UNAVAILABLE,0.0,94.0,3,1790.0,2.0,4,OVERLOADED,3,54.3,HIGH,3,LOW,1,TODO,4,1,0.25,70.15,11.72,-58.42,-75.6,15.95,0,0
00000000-0000-0000-0000-000000000412,Synthetic Dev 1,synth_dev_1@devalign.research,00000000-0000-0000-0000-000000017342,Synthetic Task 19,00000000-0000-0000-0000-00000000c37a,Synthetic Project 5,2.1,UNAVAILABLE,0.0,86.9,3,330.0,2.0,1,OVERLOADED,3,17.1,HIGH,3,LOW,1,TODO,3,2,0.6667,82.57,27.07,-55.5,-89.1,34.19,0,0
00000000-0000-0000-0000-00000000c37a,Synthetic Dev 50,synth_dev_50@devalign.research,00000000-0000-0000-0000-0000000088e2,Synthetic Task 7,00000000-0000-0000-0000-00000000755a,Synthetic Project 3,1.7,UNAVAILABLE,0.0,65.3,3,1105.0,2.0,4,OVERLOADED,3,20.1,HIGH,3,CRITICAL,4,TODO,4,2,0.5,70.12,30.25,-39.88,-66.2,37.67,0,0
00000000-0000-0000-0000-000000000be2,Synthetic Dev 3,synth_dev_3@devalign.research,00000000-0000-0000-0000-00000001d4ea,Synthetic Task 24,00000000-0000-0000-0000-00000000c37a,Synthetic Project 5,9.3,PARTIAL,0.5,89.7,6,131.5,20.0,3,OVERLOADED,3,29.6,MEDIUM,2,HIGH,3,TODO,3,2,0.6667,61.33,38.23,-23.1,-54.3,50.94,0,0
00000000-0000-0000-0000-000000009882,Synthetic Dev 39,synth_dev_39@devalign.research,00000000-0000-0000-0000-000000020f82,Synthetic Task 27,00000000-0000-0000-0000-00000000755a,Synthetic Project 3,14.3,AVAILABLE,1.0,63.6,4,0.0,40.0,0,AVAILABLE,0,39.2,HIGH,3,MEDIUM,2,TODO,1,1,1.0,81.5,54.0,-27.5,-27.5,66.26,0,0
00000000-0000-0000-0000-0000000007fa,Synthetic Dev 2,synth_dev_2@devalign.research,00000000-0000-0000-0000-00000000d702,Synthetic Task 11,00000000-0000-0000-0000-000000004e4a,Synthetic Project 2,0.9,UNAVAILABLE,0.0,63.6,6,1585.0,2.0,4,OVERLOADED,3,29.8,LOW,1,LOW,1,TODO,1,0,0.0,69.9,0.0,-69.9,-69.9,0.0,0,0
00000000-0000-0000-0000-000000001b82,Synthetic Dev 7,synth_dev_7@devalign.research,00000000-0000-0000-0000-0000000186ca,Synthetic Task 20,00000000-0000-0000-0000-00000000273a,Synthetic Project 1,9.1,PARTIAL,0.5,75.1,3,118.0,20.0,2,OVERLOADED,3,13.3,LOW,1,CRITICAL,4,TODO,3,0,0.0,69.5,0.0,-69.5,-81.8,0.0,0,0
00000000-0000-0000-0000-000000002f0a,Synthetic Dev 12,synth_dev_12@devalign.research,00000000-0000-0000-0000-0000000013b2,Synthetic Task 1,00000000-0000-0000-0000-000000004e4a,Synthetic Project 2,13.0,AVAILABLE,1.0,58.0,6,17.2,40.0,1,AVAILABLE,0,8.0,HIGH,3,CRITICAL,4,TODO,2,2,1.0,69.4,48.5,-20.9,-30.7,69.36,0,0
00000000-0000-0000-0000-0000000065ba,Synthetic Dev 26,synth_dev_26@devalign.research,00000000-0000-0000-0000-0000000061d2,Synthetic Task 5,00000000-0000-0000-0000-00000000273a,Synthetic Project 1,9.8,PARTIAL,0.5,72.2,3,146.5,20.0,4,OVERLOADED,3,60.0,HIGH,3,LOW,1,TODO,3,1,0.3333,77.17,10.83,-66.33,-76.1,12.51,0,0
00000000-0000-0000-0000-0000000032f2,Synthetic Dev 13,synth_dev_13@devalign.research,00000000-0000-0000-0000-000000014c32,Synthetic Task 17,00000000-0000-0000-0000-00000000755a,Synthetic Project 3,6.5,PARTIAL,0.5,92.1,3,0.0,20.0,0,AVAILABLE,0,53.0,MEDIUM,2,LOW,1,TODO,4,1,0.25,69.43,20.5,-48.93,-78.9,25.0,0,0
00000000-0000-0000-0000-000000009c6a,Synthetic Dev 40,synth_dev_40@devalign.research,00000000-0000-0000-0000-000000003ac2,Synthetic Task 3,00000000-0000-0000-0000-000000009c6a,Synthetic Project 4,9.3,UNAVAILABLE,0.0,87.2,4,0.0,2.0,0,AVAILABLE,0,28.6,HIGH,3,HIGH,3,TODO,4,1,0.25,74.65,16.85,-57.8,-85.6,23.53,0,0
00000000-0000-0000-0000-0000000061d2,Synthetic Dev 25,synth_dev_25@devalign.research,00000000-0000-0000-0000-000000020f82,Synthetic Task 27,00000000-0000-0000-0000-00000000755a,Synthetic Project 3,2.8,PARTIAL,0.5,85.2,6,166.5,20.0,3,OVERLOADED,3,39.2,HIGH,3,MEDIUM,2,TODO,1,0,0.0,81.5,0.0,-81.5,-81.5,0.0,0,0
00000000-0000-0000-0000-00000000755a,Synthetic Dev 30,synth_dev_30@devalign.research,00000000-0000-0000-0000-00000000aff2,Synthetic Task 9,00000000-0000-0000-0000-00000000c37a,Synthetic Project 5,6.9,PARTIAL,0.5,84.1,4,166.0,20.0,4,OVERLOADED,3,34.8,LOW,1,HIGH,3,TODO,3,1,0.3333,69.47,27.73,-41.73,-75.2,33.33,1,0
00000000-0000-0000-0000-0000000007fa,Synthetic Dev 2,synth_dev_2@devalign.research,00000000-0000-0000-0000-000000024a1a,Synthetic Task 30,00000000-0000-0000-0000-00000000273a,Synthetic Project 1,0.9,UNAVAILABLE,0.0,63.6,6,1585.0,2.0,4,OVERLOADED,3,45.8,MEDIUM,2,HIGH,3,TODO,3,2,0.6667,76.23,29.37,-46.87,-88.7,42.16,0,0
00000000-0000-0000-0000-000000002352,Synthetic Dev 9,synth_dev_9@devalign.research,00000000-0000-0000-0000-0000000138aa,Synthetic Task 16,00000000-0000-0000-0000-000000004e4a,Synthetic Project 2,14.3,UNAVAILABLE,0.0,94.7,6,0.0,2.0,0,AVAILABLE,0,59.4,MEDIUM,2,CRITICAL,4,TODO,2,1,0.5,71.8,16.9,-54.9,-55.0,19.07,0,0
00000000-0000-0000-0000-000000004a62,Synthetic Dev 19,synth_dev_19@devalign.research,00000000-0000-0000-0000-000000023692,Synthetic Task 29,00000000-0000-0000-0000-00000000c37a,Synthetic Project 5,15.0,UNAVAILABLE,0.0,97.8,7,0.0,2.0,0,AVAILABLE,0,15.2,MEDIUM,2,MEDIUM,2,TODO,3,3,1.0,75.5,47.77,-27.73,-42.7,62.09,0,0
00000000-0000-0000-0000-000000005dea,Synthetic Dev 24,synth_dev_24@devalign.research,00000000-0000-0000-0000-00000000aff2,Synthetic Task 9,00000000-0000-0000-0000-00000000c37a,Synthetic Project 5,13.0,AVAILABLE,1.0,97.0,3,28.0,40.0,1,AVAILABLE,0,34.8,LOW,1,HIGH,3,TODO,3,0,0.0,69.47,0.0,-69.47,-82.0,0.0,1,0
00000000-0000-0000-0000-000000005dea,Synthetic Dev 24,synth_dev_24@devalign.research,00000000-0000-0000-0000-00000002230a,Synthetic Task 28,00000000-0000-0000-0000-000000009c6a,Synthetic Project 4,13.0,AVAILABLE,1.0,97.0,3,28.0,40.0,1,AVAILABLE,0,45.0,LOW,1,HIGH,3,TODO,1,0,0.0,63.1,0.0,-63.1,-63.1,0.0,1,0
00000000-0000-0000-0000-00000000ac0a,Synthetic Dev 44,synth_dev_44@devalign.research,00000000-0000-0000-0000-00000000fe12,Synthetic Task 13,00000000-0000-0000-0000-000000009c6a,Synthetic Project 4,0.6,UNAVAILABLE,0.0,95.8,6,0.0,2.0,0,AVAILABLE,0,52.4,HIGH,3,MEDIUM,2,TODO,3,2,0.6667,68.67,43.17,-25.5,-61.9,60.08,0,0
00000000-0000-0000-0000-000000002b22,Synthetic Dev 11,synth_dev_11@devalign.research,00000000-0000-0000-0000-000000014c32,Synthetic Task 17,00000000-0000-0000-0000-00000000755a,Synthetic Project 3,14.9,PARTIAL,0.5,82.9,6,169.5,20.0,3,OVERLOADED,3,53.0,MEDIUM,2,LOW,1,TODO,4,3,0.75,69.43,36.77,-32.65,-76.2,53.68,0,0
00000000-0000-0000-0000-000000009882,Synthetic Dev 39,synth_dev_39@devalign.research,00000000-0000-0000-0000-000000017342,Synthetic Task 19,00000000-0000-0000-0000-00000000c37a,Synthetic Project 5,14.3,AVAILABLE,1.0,63.6,4,0.0,40.0,0,AVAILABLE,0,17.1,HIGH,3,LOW,1,TODO,3,1,0.3333,82.57,15.57,-67.0,-89.1,19.36,0,0
00000000-0000-0000-0000-0000000069a2,Synthetic Dev 27,synth_dev_27@devalign.research,00000000-0000-0000-0000-000000014c32,Synthetic Task 17,00000000-0000-0000-0000-00000000755a,Synthetic Project 3,6.8,UNAVAILABLE,0.0,86.3,7,805.0,2.0,2,OVERLOADED,3,53.0,MEDIUM,2,LOW,1,TODO,4,3,0.75,69.43,46.12,-23.3,-66.4,59.26,0,0
00000000-0000-0000-0000-000000002b22,Synthetic Dev 11,synth_dev_11@devalign.research,00000000-0000-0000-0000-000000012522,Synthetic Task 15,00000000-0000-0000-0000-00000000273a,Synthetic Project 1,14.9,PARTIAL,0.5,82.9,6,169.5,20.0,3,OVERLOADED,3,36.0,LOW,1,MEDIUM,2,TODO,2,2,1.0,65.8,39.75,-26.05,-34.3,60.91,0,0
00000000-0000-0000-0000-000000006d8a,Synthetic Dev 28,synth_dev_28@devalign.research,00000000-0000-0000-0000-00000001d4ea,Synthetic Task 24,00000000-0000-0000-0000-00000000c37a,Synthetic Project 5,13.9,UNAVAILABLE,0.0,81.8,5,0.0,2.0,0,AVAILABLE,0,29.6,MEDIUM,2,HIGH,3,TODO,3,2,0.6667,61.33,32.37,-28.97,-64.4,55.03,0,0
00000000-0000-0000-0000-000000006d8a,Synthetic Dev 28,synth_dev_28@devalign.research,00000000-0000-0000-0000-000000020f82,Synthetic Task 27,00000000-0000-0000-0000-00000000755a,Synthetic Project 3,13.9,UNAVAILABLE,0.0,81.8,5,0.0,2.0,0,AVAILABLE,0,39.2,HIGH,3,MEDIUM,2,TODO,1,1,1.0,81.5,66.0,-15.5,-15.5,80.98,0,0
00000000-0000-0000-0000-000000001f6a,Synthetic Dev 8,synth_dev_8@devalign.research,00000000-0000-0000-0000-000000024a1a,Synthetic Task 30,00000000-0000-0000-0000-00000000273a,Synthetic Project 1,7.1,AVAILABLE,1.0,96.0,4,59.0,40.0,2,BALANCED,1,45.8,MEDIUM,2,HIGH,3,TODO,3,1,0.3333,76.23,23.2,-53.03,-88.7,33.33,0,0
00000000-0000-0000-0000-000000002b22,Synthetic Dev 11,synth_dev_11@devalign.research,00000000-0000-0000-0000-00000001fbfa,Synthetic Task 26,00000000-0000-0000-0000-000000004e4a,Synthetic Project 2,14.9,PARTIAL,0.5,82.9,6,169.5,20.0,3,OVERLOADED,3,16.3,LOW,1,HIGH,3,TODO,2,0,0.0,77.95,0.0,-77.95,-78.8,0.0,0,0
00000000-0000-0000-0000-00000000b7c2,Synthetic Dev 47,synth_dev_47@devalign.research,00000000-0000-0000-0000-000000014c32,Synthetic Task 17,00000000-0000-0000-0000-00000000755a,Synthetic Project 3,4.5,AVAILABLE,1.0,96.9,4,70.5,40.0,4,BALANCED,1,53.0,MEDIUM,2,LOW,1,TODO,4,3,0.75,69.43,40.42,-29.0,-66.4,58.45,0,0
00000000-0000-0000-0000-000000002f0a,Synthetic Dev 12,synth_dev_12@devalign.research,00000000-0000-0000-0000-00000000d702,Synthetic Task 11,00000000-0000-0000-0000-000000004e4a,Synthetic Project 2,13.0,AVAILABLE,1.0,58.0,6,17.2,40.0,1,AVAILABLE,0,29.8,LOW,1,LOW,1,TODO,1,1,1.0,69.9,82.5,12.6,12.6,100.0,0,1
00000000-0000-0000-0000-0000000065ba,Synthetic Dev 26,synth_dev_26@devalign.research,00000000-0000-0000-0000-00000001adda,Synthetic Task 22,00000000-0000-0000-0000-00000000755a,Synthetic Project 3,9.8,PARTIAL,0.5,72.2,3,146.5,20.0,4,OVERLOADED,3,31.9,HIGH,3,MEDIUM,2,TODO,2,0,0.0,71.95,0.0,-71.95,-75.5,0.0,0,0
00000000-0000-0000-0000-00000000b7c2,Synthetic Dev 47,synth_dev_47@devalign.research,00000000-0000-0000-0000-000000004e4a,Synthetic Task 4,00000000-0000-0000-0000-00000000c37a,Synthetic Project 5,4.5,AVAILABLE,1.0,96.9,4,70.5,40.0,4,BALANCED,1,37.8,HIGH,3,HIGH,3,TODO,1,1,1.0,59.2,61.1,1.9,1.9,100.0,0,1
00000000-0000-0000-0000-000000007942,Synthetic Dev 31,synth_dev_31@devalign.research,00000000-0000-0000-0000-0000000088e2,Synthetic Task 7,00000000-0000-0000-0000-00000000755a,Synthetic Project 3,2.6,AVAILABLE,1.0,57.0,3,69.5,40.0,3,BALANCED,1,20.1,HIGH,3,CRITICAL,4,TODO,4,1,0.25,70.12,19.18,-50.95,-66.2,21.59,0,0
00000000-0000-0000-0000-000000001f6a,Synthetic Dev 8,synth_dev_8@devalign.research,00000000-0000-0000-0000-0000000061d2,Synthetic Task 5,00000000-0000-0000-0000-00000000273a,Synthetic Project 1,7.1,AVAILABLE,1.0,96.0,4,59.0,40.0,2,BALANCED,1,60.0,HIGH,3,LOW,1,TODO,3,0,0.0,77.17,0.0,-77.17,-86.6,0.0,0,0
00000000-0000-0000-0000-000000005dea,Synthetic Dev 24,synth_dev_24@devalign.research,00000000-0000-0000-0000-000000023692,Synthetic Task 29,00000000-0000-0000-0000-00000000c37a,Synthetic Project 5,13.0,AVAILABLE,1.0,97.0,3,28.0,40.0,1,AVAILABLE,0,15.2,MEDIUM,2,MEDIUM,2,TODO,3,0,0.0,75.5,0.0,-75.5,-83.2,0.0,0,0
00000000-0000-0000-0000-0000000032f2,Synthetic Dev 13,synth_dev_13@devalign.research,00000000-0000-0000-0000-00000001c162,Synthetic Task 23,00000000-0000-0000-0000-000000009c6a,Synthetic Project 4,6.5,PARTIAL,0.5,92.1,3,0.0,20.0,0,AVAILABLE,0,54.3,HIGH,3,LOW,1,TODO,4,1,0.25,70.15,20.5,-49.65,-73.5,25.0,0,0
00000000-0000-0000-0000-000000002b22,Synthetic Dev 11,synth_dev_11@devalign.research,00000000-0000-0000-0000-00000000755a,Synthetic Task 6,00000000-0000-0000-0000-000000004e4a,Synthetic Project 2,14.9,PARTIAL,0.5,82.9,6,169.5,20.0,3,OVERLOADED,3,39.5,LOW,1,CRITICAL,4,TODO,4,2,0.5,71.9,28.3,-43.6,-84.3,42.8,0,0
00000000-0000-0000-0000-000000006d8a,Synthetic Dev 28,synth_dev_28@devalign.research,00000000-0000-0000-0000-00000000273a,Synthetic Task 2,00000000-0000-0000-0000-00000000755a,Synthetic Project 3,13.9,UNAVAILABLE,0.0,81.8,5,0.0,2.0,0,AVAILABLE,0,54.9,HIGH,3,MEDIUM,2,TODO,2,0,0.0,59.45,0.0,-59.45,-62.3,0.0,0,0
00000000-0000-0000-0000-00000000ac0a,Synthetic Dev 44,synth_dev_44@devalign.research,00000000-0000-0000-0000-000000017342,Synthetic Task 19,00000000-0000-0000-0000-00000000c37a,Synthetic Project 5,0.6,UNAVAILABLE,0.0,95.8,6,0.0,2.0,0,AVAILABLE,0,17.1,HIGH,3,LOW,1,TODO,3,2,0.6667,82.57,40.77,-41.8,-80.4,49.57,0,0
00000000-0000-0000-0000-000000000be2,Synthetic Dev 3,synth_dev_3@devalign.research,00000000-0000-0000-0000-000000017342,Synthetic Task 19,00000000-0000-0000-0000-00000000c37a,Synthetic Project 5,9.3,PARTIAL,0.5,89.7,6,131.5,20.0,3,OVERLOADED,3,17.1,HIGH,3,LOW,1,TODO,3,2,0.6667,82.57,40.7,-41.87,-89.1,48.04,0,0
00000000-0000-0000-0000-00000000467a,Synthetic Dev 18,synth_dev_18@devalign.research,00000000-0000-0000-0000-00000001d4ea,Synthetic Task 24,00000000-0000-0000-0000-00000000c37a,Synthetic Project 5,4.1,UNAVAILABLE,0.0,80.6,7,1115.0,2.0,4,OVERLOADED,3,29.6,MEDIUM,2,HIGH,3,TODO,3,2,0.6667,61.33,40.47,-20.87,-54.3,49.17,0,0
00000000-0000-0000-0000-00000000179a,Synthetic Dev 6,synth_dev_6@devalign.research,00000000-0000-0000-0000-00000000ea8a,Synthetic Task 12,00000000-0000-0000-0000-00000000755a,Synthetic Project 3,7.2,UNAVAILABLE,0.0,66.4,7,510.0,2.0,1,OVERLOADED,3,32.5,HIGH,3,HIGH,3,TODO,3,2,0.6667,65.7,23.4,-42.3,-72.1,37.42,1,0
00000000-0000-0000-0000-00000000b3da,Synthetic Dev 46,synth_dev_46@devalign.research,00000000-0000-0000-0000-00000001adda,Synthetic Task 22,00000000-0000-0000-0000-00000000755a,Synthetic Project 3,4.5,PARTIAL,0.5,80.4,3,183.5,20.0,4,OVERLOADED,3,31.9,HIGH,3,MEDIUM,2,TODO,2,1,0.5,71.95,26.75,-45.2,-68.4,35.43,0,0
00000000-0000-0000-0000-0000000061d2,Synthetic Dev 25,synth_dev_25@devalign.research,00000000-0000-0000-0000-00000001fbfa,Synthetic Task 26,00000000-0000-0000-0000-000000004e4a,Synthetic Project 2,2.8,PARTIAL,0.5,85.2,6,166.5,20.0,3,OVERLOADED,3,16.3,LOW,1,HIGH,3,TODO,2,1,0.5,77.95,36.45,-41.5,-78.8,47.28,0,0
00000000-0000-0000-0000-00000000755a,Synthetic Dev 30,synth_dev_30@devalign.research,00000000-0000-0000-0000-000000023692,Synthetic Task 29,00000000-0000-0000-0000-00000000c37a,Synthetic Project 5,6.9,PARTIAL,0.5,84.1,4,166.0,20.0,4,OVERLOADED,3,15.2,MEDIUM,2,MEDIUM,2,TODO,3,1,0.3333,75.5,26.27,-49.23,-83.2,31.65,0,0
00000000-0000-0000-0000-0000000007fa,Synthetic Dev 2,synth_dev_2@devalign.research,00000000-0000-0000-0000-000000020f82,Synthetic Task 27,00000000-0000-0000-0000-00000000755a,Synthetic Project 3,0.9,UNAVAILABLE,0.0,63.6,6,1585.0,2.0,4,OVERLOADED,3,39.2,HIGH,3,MEDIUM,2,TODO,1,1,1.0,81.5,40.1,-41.4,-41.4,49.2,0,0
00000000-0000-0000-0000-00000000467a,Synthetic Dev 18,synth_dev_18@devalign.research,00000000-0000-0000-0000-000000024a1a,Synthetic Task 30,00000000-0000-0000-0000-00000000273a,Synthetic Project 1,4.1,UNAVAILABLE,0.0,80.6,7,1115.0,2.0,4,OVERLOADED,3,45.8,MEDIUM,2,HIGH,3,TODO,3,3,1.0,76.23,56.1,-20.13,-58.1,63.51,0,0
00000000-0000-0000-0000-00000000179a,Synthetic Dev 6,synth_dev_6@devalign.research,00000000-0000-0000-0000-0000000138aa,Synthetic Task 16,00000000-0000-0000-0000-000000004e4a,Synthetic Project 2,7.2,UNAVAILABLE,0.0,66.4,7,510.0,2.0,1,OVERLOADED,3,59.4,MEDIUM,2,CRITICAL,4,TODO,2,0,0.0,71.8,0.0,-71.8,-88.6,0.0,0,0
00000000-0000-0000-0000-00000000c37a,Synthetic Dev 50,synth_dev_50@devalign.research,00000000-0000-0000-0000-0000000061d2,Synthetic Task 5,00000000-0000-0000-0000-00000000273a,Synthetic Project 1,1.7,UNAVAILABLE,0.0,65.3,3,1105.0,2.0,4,OVERLOADED,3,60.0,HIGH,3,LOW,1,TODO,3,0,0.0,77.17,0.0,-77.17,-86.6,0.0,0,0
00000000-0000-0000-0000-000000004a62,Synthetic Dev 19,synth_dev_19@devalign.research,00000000-0000-0000-0000-00000000273a,Synthetic Task 2,00000000-0000-0000-0000-00000000755a,Synthetic Project 3,15.0,UNAVAILABLE,0.0,97.8,7,0.0,2.0,0,AVAILABLE,0,54.9,HIGH,3,MEDIUM,2,TODO,2,2,1.0,59.45,82.0,22.55,7.5,100.0,0,0
00000000-0000-0000-0000-00000000a052,Synthetic Dev 41,synth_dev_41@devalign.research,00000000-0000-0000-0000-00000000fe12,Synthetic Task 13,00000000-0000-0000-0000-000000009c6a,Synthetic Project 4,1.6,AVAILABLE,1.0,84.7,5,14.3,40.0,1,AVAILABLE,0,52.4,HIGH,3,MEDIUM,2,TODO,3,1,0.3333,68.67,28.4,-40.27,-82.8,33.33,0,0
00000000-0000-0000-0000-00000000bf92,Synthetic Dev 49,synth_dev_49@devalign.research,00000000-0000-0000-0000-0000000061d2,Synthetic Task 5,00000000-0000-0000-0000-00000000273a,Synthetic Project 1,2.2,AVAILABLE,1.0,87.9,7,91.8,40.0,4,HIGH,2,60.0,HIGH,3,LOW,1,TODO,3,2,0.6667,77.17,40.53,-36.63,-76.1,50.08,0,0
00000000-0000-0000-0000-0000000084fa,Synthetic Dev 34,synth_dev_34@devalign.research,00000000-0000-0000-0000-000000012522,Synthetic Task 15,00000000-0000-0000-0000-00000000273a,Synthetic Project 1,7.5,UNAVAILABLE,0.0,65.3,5,830.0,2.0,3,OVERLOADED,3,36.0,LOW,1,MEDIUM,2,TODO,2,0,0.0,65.8,0.0,-65.8,-68.9,0.0,0,0
00000000-0000-0000-0000-000000001b82,Synthetic Dev 7,synth_dev_7@devalign.research,00000000-0000-0000-0000-000000024a1a,Synthetic Task 30,00000000-0000-0000-0000-00000000273a,Synthetic Project 1,9.1,PARTIAL,0.5,75.1,3,118.0,20.0,2,OVERLOADED,3,45.8,MEDIUM,2,HIGH,3,TODO,3,1,0.3333,76.23,26.67,-49.57,-88.7,33.33,0,0
00000000-0000-0000-0000-00000000755a,Synthetic Dev 30,synth_dev_30@devalign.research,00000000-0000-0000-0000-0000000088e2,Synthetic Task 7,00000000-0000-0000-0000-00000000755a,Synthetic Project 3,6.9,PARTIAL,0.5,84.1,4,166.0,20.0,4,OVERLOADED,3,20.1,HIGH,3,CRITICAL,4,TODO,4,1,0.25,70.12,11.15,-58.98,-88.8,17.73,0,0
00000000-0000-0000-0000-000000001f6a,Synthetic Dev 8,synth_dev_8@devalign.research,00000000-0000-0000-0000-00000001119a,Synthetic Task 14,00000000-0000-0000-0000-00000000c37a,Synthetic Project 5,7.1,AVAILABLE,1.0,96.0,4,59.0,40.0,2,BALANCED,1,52.5,HIGH,3,CRITICAL,4,TODO,4,1,0.25,68.72,17.88,-50.85,-71.7,24.79,0,0
00000000-0000-0000-0000-000000007172,Synthetic Dev 29,synth_dev_29@devalign.research,00000000-0000-0000-0000-0000000013b2,Synthetic Task 1,00000000-0000-0000-0000-000000004e4a,Synthetic Project 2,13.6,UNAVAILABLE,0.0,81.5,3,785.0,2.0,2,OVERLOADED,3,8.0,HIGH,3,CRITICAL,4,TODO,2,2,1.0,69.4,65.25,-4.15,-9.1,93.21,0,0
00000000-0000-0000-0000-00000000561a,Synthetic Dev 22,synth_dev_22@devalign.research,00000000-0000-0000-0000-00000002230a,Synthetic Task 28,00000000-0000-0000-0000-000000009c6a,Synthetic Project 4,2.8,PARTIAL,0.5,74.0,3,134.0,20.0,3,OVERLOADED,3,45.0,LOW,1,HIGH,3,TODO,1,0,0.0,63.1,0.0,-63.1,-63.1,0.0,0,0
00000000-0000-0000-0000-000000003eaa,Synthetic Dev 16,synth_dev_16@devalign.research,00000000-0000-0000-0000-000000024a1a,Synthetic Task 30,00000000-0000-0000-0000-00000000273a,Synthetic Project 1,10.1,UNAVAILABLE,0.0,75.9,3,355.0,2.0,1,OVERLOADED,3,45.8,MEDIUM,2,HIGH,3,TODO,3,1,0.3333,76.23,26.2,-50.03,-88.7,31.04,0,0
00000000-0000-0000-0000-0000000061d2,Synthetic Dev 25,synth_dev_25@devalign.research,00000000-0000-0000-0000-0000000186ca,Synthetic Task 20,00000000-0000-0000-0000-00000000273a,Synthetic Project 1,2.8,PARTIAL,0.5,85.2,6,166.5,20.0,3,OVERLOADED,3,13.3,LOW,1,CRITICAL,4,TODO,3,1,0.3333,69.5,24.3,-45.2,-81.8,33.33,0,0
00000000-0000-0000-0000-000000006d8a,Synthetic Dev 28,synth_dev_28@devalign.research,00000000-0000-0000-0000-000000015fba,Synthetic Task 18,00000000-0000-0000-0000-000000009c6a,Synthetic Project 4,13.9,UNAVAILABLE,0.0,81.8,5,0.0,2.0,0,AVAILABLE,0,23.0,MEDIUM,2,HIGH,3,TODO,4,2,0.5,75.42,28.93,-46.5,-85.5,40.29,0,0
00000000-0000-0000-0000-000000004a62,Synthetic Dev 19,synth_dev_19@devalign.research,00000000-0000-0000-0000-00000002230a,Synthetic Task 28,00000000-0000-0000-0000-000000009c6a,Synthetic Project 4,15.0,UNAVAILABLE,0.0,97.8,7,0.0,2.0,0,AVAILABLE,0,45.0,LOW,1,HIGH,3,TODO,1,1,1.0,63.1,40.3,-22.8,-22.8,63.87,0,0
00000000-0000-0000-0000-00000000755a,Synthetic Dev 30,synth_dev_30@devalign.research,00000000-0000-0000-0000-00000002230a,Synthetic Task 28,00000000-0000-0000-0000-000000009c6a,Synthetic Project 4,6.9,PARTIAL,0.5,84.1,4,166.0,20.0,4,OVERLOADED,3,45.0,LOW,1,HIGH,3,TODO,1,1,1.0,63.1,78.8,15.7,15.7,100.0,0,0
00000000-0000-0000-0000-000000002352,Synthetic Dev 9,synth_dev_9@devalign.research,00000000-0000-0000-0000-000000014c32,Synthetic Task 17,00000000-0000-0000-0000-00000000755a,Synthetic Project 3,14.3,UNAVAILABLE,0.0,94.7,6,0.0,2.0,0,AVAILABLE,0,53.0,MEDIUM,2,LOW,1,TODO,4,3,0.75,69.43,38.85,-30.58,-76.2,53.03,0,0
00000000-0000-0000-0000-00000000a822,Synthetic Dev 43,synth_dev_43@devalign.research,00000000-0000-0000-0000-000000023692,Synthetic Task 29,00000000-0000-0000-0000-00000000c37a,Synthetic Project 5,13.3,PARTIAL,0.5,65.5,6,135.0,20.0,3,OVERLOADED,3,15.2,MEDIUM,2,MEDIUM,2,TODO,3,0,0.0,75.5,0.0,-75.5,-83.2,0.0,0,0
00000000-0000-0000-0000-000000005232,Synthetic Dev 21,synth_dev_21@devalign.research,00000000-0000-0000-0000-000000009c6a,Synthetic Task 8,00000000-0000-0000-0000-000000009c6a,Synthetic Project 4,9.7,UNAVAILABLE,0.0,66.4,3,1015.0,2.0,3,OVERLOADED,3,40.8,HIGH,3,LOW,1,TODO,4,2,0.5,75.05,22.55,-52.5,-80.3,32.01,0,0
00000000-0000-0000-0000-00000000179a,Synthetic Dev 6,synth_dev_6@devalign.research,00000000-0000-0000-0000-00000000d702,Synthetic Task 11,00000000-0000-0000-0000-000000004e4a,Synthetic Project 2,7.2,UNAVAILABLE,0.0,66.4,7,510.0,2.0,1,OVERLOADED,3,29.8,LOW,1,LOW,1,TODO,1,1,1.0,69.9,70.8,0.9,0.9,100.0,0,0
00000000-0000-0000-0000-00000000a43a,Synthetic Dev 42,synth_dev_42@devalign.research,00000000-0000-0000-0000-00000000d702,Synthetic Task 11,00000000-0000-0000-0000-000000004e4a,Synthetic Project 2,2.0,PARTIAL,0.5,96.3,6,149.5,20.0,3,OVERLOADED,3,29.8,LOW,1,LOW,1,TODO,1,1,1.0,69.9,60.2,-9.7,-9.7,86.12,0,0
00000000-0000-0000-0000-000000009c6a,Synthetic Dev 40,synth_dev_40@devalign.research,00000000-0000-0000-0000-0000000088e2,Synthetic Task 7,00000000-0000-0000-0000-00000000755a,Synthetic Project 3,9.3,UNAVAILABLE,0.0,87.2,4,0.0,2.0,0,AVAILABLE,0,20.1,HIGH,3,CRITICAL,4,TODO,4,1,0.25,70.12,13.6,-56.52,-88.8,21.62,0,0
00000000-0000-0000-0000-000000005dea,Synthetic Dev 24,synth_dev_24@devalign.research,00000000-0000-0000-0000-000000020f82,Synthetic Task 27,00000000-0000-0000-0000-00000000755a,Synthetic Project 3,13.0,AVAILABLE,1.0,97.0,3,28.0,40.0,1,AVAILABLE,0,39.2,HIGH,3,MEDIUM,2,TODO,1,0,0.0,81.5,0.0,-81.5,-81.5,0.0,0,0
00000000-0000-0000-0000-0000000036da,Synthetic Dev 14,synth_dev_14@devalign.research,00000000-0000-0000-0000-000000024a1a,Synthetic Task 30,00000000-0000-0000-0000-00000000273a,Synthetic Project 1,7.0,UNAVAILABLE,0.0,73.1,3,825.0,2.0,2,OVERLOADED,3,45.8,MEDIUM,2,HIGH,3,TODO,3,2,0.6667,76.23,39.2,-37.03,-84.4,45.85,0,0
00000000-0000-0000-0000-00000000b3da,Synthetic Dev 46,synth_dev_46@devalign.research,00000000-0000-0000-0000-000000012522,Synthetic Task 15,00000000-0000-0000-0000-00000000273a,Synthetic Project 1,4.5,PARTIAL,0.5,80.4,3,183.5,20.0,4,OVERLOADED,3,36.0,LOW,1,MEDIUM,2,TODO,2,0,0.0,65.8,0.0,-65.8,-68.9,0.0,1,0
00000000-0000-0000-0000-00000000561a,Synthetic Dev 22,synth_dev_22@devalign.research,00000000-0000-0000-0000-000000012522,Synthetic Task 15,00000000-0000-0000-0000-00000000273a,Synthetic Project 1,2.8,PARTIAL,0.5,74.0,3,134.0,20.0,3,OVERLOADED,3,36.0,LOW,1,MEDIUM,2,TODO,2,1,0.5,65.8,19.8,-46.0,-62.7,28.74,0,0
00000000-0000-0000-0000-000000009882,Synthetic Dev 39,synth_dev_39@devalign.research,00000000-0000-0000-0000-0000000013b2,Synthetic Task 1,00000000-0000-0000-0000-000000004e4a,Synthetic Project 2,14.3,AVAILABLE,1.0,63.6,4,0.0,40.0,0,AVAILABLE,0,8.0,HIGH,3,CRITICAL,4,TODO,2,1,0.5,69.4,27.0,-42.4,-71.8,40.3,0,0
00000000-0000-0000-0000-000000004a62,Synthetic Dev 19,synth_dev_19@devalign.research,00000000-0000-0000-0000-000000017342,Synthetic Task 19,00000000-0000-0000-0000-00000000c37a,Synthetic Project 5,15.0,UNAVAILABLE,0.0,97.8,7,0.0,2.0,0,AVAILABLE,0,17.1,HIGH,3,LOW,1,TODO,3,1,0.3333,82.57,31.4,-51.17,-89.1,33.33,0,0
00000000-0000-0000-0000-0000000069a2,Synthetic Dev 27,synth_dev_27@devalign.research,00000000-0000-0000-0000-0000000013b2,Synthetic Task 1,00000000-0000-0000-0000-000000004e4a,Synthetic Project 2,6.8,UNAVAILABLE,0.0,86.3,7,805.0,2.0,2,OVERLOADED,3,8.0,HIGH,3,CRITICAL,4,TODO,2,1,0.5,69.4,37.3,-32.1,-67.0,50.0,0,0
00000000-0000-0000-0000-00000000bbaa,Synthetic Dev 48,synth_dev_48@devalign.research,00000000-0000-0000-0000-00000000c37a,Synthetic Task 10,00000000-0000-0000-0000-00000000273a,Synthetic Project 1,14.1,PARTIAL,0.5,75.5,3,0.0,20.0,0,AVAILABLE,0,21.4,HIGH,3,MEDIUM,2,TODO,1,0,0.0,66.3,0.0,-66.3,-66.3,0.0,0,0
00000000-0000-0000-0000-000000008cca,Synthetic Dev 36,synth_dev_36@devalign.research,00000000-0000-0000-0000-00000001c162,Synthetic Task 23,00000000-0000-0000-0000-000000009c6a,Synthetic Project 4,13.5,UNAVAILABLE,0.0,76.0,3,805.0,2.0,2,OVERLOADED,3,54.3,HIGH,3,LOW,1,TODO,4,0,0.0,70.15,0.0,-70.15,-75.6,0.0,0,0
00000000-0000-0000-0000-000000005dea,Synthetic Dev 24,synth_dev_24@devalign.research,00000000-0000-0000-0000-00000001adda,Synthetic Task 22,00000000-0000-0000-0000-00000000755a,Synthetic Project 3,13.0,AVAILABLE,1.0,97.0,3,28.0,40.0,1,AVAILABLE,0,31.9,HIGH,3,MEDIUM,2,TODO,2,0,0.0,71.95,0.0,-71.95,-75.5,0.0,0,0
00000000-0000-0000-0000-0000000013b2,Synthetic Dev 5,synth_dev_5@devalign.research,00000000-0000-0000-0000-000000012522,Synthetic Task 15,00000000-0000-0000-0000-00000000273a,Synthetic Project 1,4.0,UNAVAILABLE,0.0,74.9,7,1195.0,2.0,2,OVERLOADED,3,36.0,LOW,1,MEDIUM,2,TODO,2,1,0.5,65.8,45.65,-20.15,-62.7,50.0,0,0
00000000-0000-0000-0000-0000000032f2,Synthetic Dev 13,synth_dev_13@devalign.research,00000000-0000-0000-0000-00000000d702,Synthetic Task 11,00000000-0000-0000-0000-000000004e4a,Synthetic Project 2,6.5,PARTIAL,0.5,92.1,3,0.0,20.0,0,AVAILABLE,0,29.8,LOW,1,LOW,1,TODO,1,0,0.0,69.9,0.0,-69.9,-69.9,0.0,0,0
00000000-0000-0000-0000-000000003eaa,Synthetic Dev 16,synth_dev_16@devalign.research,00000000-0000-0000-0000-00000002230a,Synthetic Task 28,00000000-0000-0000-0000-000000009c6a,Synthetic Project 4,10.1,UNAVAILABLE,0.0,75.9,3,355.0,2.0,1,OVERLOADED,3,45.0,LOW,1,HIGH,3,TODO,1,0,0.0,63.1,0.0,-63.1,-63.1,0.0,0,0
00000000-0000-0000-0000-000000005232,Synthetic Dev 21,synth_dev_21@devalign.research,00000000-0000-0000-0000-00000001e872,Synthetic Task 25,00000000-0000-0000-0000-00000000273a,Synthetic Project 1,9.7,UNAVAILABLE,0.0,66.4,3,1015.0,2.0,3,OVERLOADED,3,5.2,MEDIUM,2,HIGH,3,TODO,4,1,0.25,82.55,9.62,-72.92,-86.1,12.06,0,0
00000000-0000-0000-0000-00000000b3da,Synthetic Dev 46,synth_dev_46@devalign.research,00000000-0000-0000-0000-000000023692,Synthetic Task 29,00000000-0000-0000-0000-00000000c37a,Synthetic Project 5,4.5,PARTIAL,0.5,80.4,3,183.5,20.0,4,OVERLOADED,3,15.2,MEDIUM,2,MEDIUM,2,TODO,3,2,0.6667,75.5,41.87,-33.63,-83.2,53.25,0,0
00000000-0000-0000-0000-000000002f0a,Synthetic Dev 12,synth_dev_12@devalign.research,00000000-0000-0000-0000-00000001d4ea,Synthetic Task 24,00000000-0000-0000-0000-00000000c37a,Synthetic Project 5,13.0,AVAILABLE,1.0,58.0,6,17.2,40.0,1,AVAILABLE,0,29.6,MEDIUM,2,HIGH,3,TODO,3,2,0.6667,61.33,39.57,-21.77,-64.4,62.94,0,0
00000000-0000-0000-0000-00000000179a,Synthetic Dev 6,synth_dev_6@devalign.research,00000000-0000-0000-0000-000000017342,Synthetic Task 19,00000000-0000-0000-0000-00000000c37a,Synthetic Project 5,7.2,UNAVAILABLE,0.0,66.4,7,510.0,2.0,1,OVERLOADED,3,17.1,HIGH,3,LOW,1,TODO,3,3,1.0,82.57,49.57,-33.0,-55.0,60.2,0,0
00000000-0000-0000-0000-000000009882,Synthetic Dev 39,synth_dev_39@devalign.research,00000000-0000-0000-0000-00000001adda,Synthetic Task 22,00000000-0000-0000-0000-00000000755a,Synthetic Project 3,14.3,AVAILABLE,1.0,63.6,4,0.0,40.0,0,AVAILABLE,0,31.9,HIGH,3,MEDIUM,2,TODO,2,1,0.5,71.95,30.1,-41.85,-75.5,44.01,0,0
00000000-0000-0000-0000-00000000bbaa,Synthetic Dev 48,synth_dev_48@devalign.research,00000000-0000-0000-0000-00000000d702,Synthetic Task 11,00000000-0000-0000-0000-000000004e4a,Synthetic Project 2,14.1,PARTIAL,0.5,75.5,3,0.0,20.0,0,AVAILABLE,0,29.8,LOW,1,LOW,1,TODO,1,1,1.0,69.9,49.7,-20.2,-20.2,71.1,0,0
00000000-0000-0000-0000-000000007942,Synthetic Dev 31,synth_dev_31@devalign.research,00000000-0000-0000-0000-00000000aff2,Synthetic Task 9,00000000-0000-0000-0000-00000000c37a,Synthetic Project 5,2.6,AVAILABLE,1.0,57.0,3,69.5,40.0,3,BALANCED,1,34.8,LOW,1,HIGH,3,TODO,3,1,0.3333,69.47,25.57,-43.9,-82.0,33.33,0,0
00000000-0000-0000-0000-000000002352,Synthetic Dev 9,synth_dev_9@devalign.research,00000000-0000-0000-0000-00000002230a,Synthetic Task 28,00000000-0000-0000-0000-000000009c6a,Synthetic Project 4,14.3,UNAVAILABLE,0.0,94.7,6,0.0,2.0,0,AVAILABLE,0,45.0,LOW,1,HIGH,3,TODO,1,0,0.0,63.1,0.0,-63.1,-63.1,0.0,0,0
00000000-0000-0000-0000-000000008112,Synthetic Dev 33,synth_dev_33@devalign.research,00000000-0000-0000-0000-000000009c6a,Synthetic Task 8,00000000-0000-0000-0000-000000009c6a,Synthetic Project 4,10.2,PARTIAL,0.5,97.5,6,144.5,20.0,4,OVERLOADED,3,40.8,HIGH,3,LOW,1,TODO,4,3,0.75,75.05,44.6,-30.45,-80.3,61.74,0,0
00000000-0000-0000-0000-000000004a62,Synthetic Dev 19,synth_dev_19@devalign.research,00000000-0000-0000-0000-0000000013b2,Synthetic Task 1,00000000-0000-0000-0000-000000004e4a,Synthetic Project 2,15.0,UNAVAILABLE,0.0,97.8,7,0.0,2.0,0,AVAILABLE,0,8.0,HIGH,3,CRITICAL,4,TODO,2,1,0.5,69.4,20.15,-49.25,-71.8,30.07,0,0
00000000-0000-0000-0000-0000000032f2,Synthetic Dev 13,synth_dev_13@devalign.research,00000000-0000-0000-0000-000000003ac2,Synthetic Task 3,00000000-0000-0000-0000-000000009c6a,Synthetic Project 4,6.5,PARTIAL,0.5,92.1,3,0.0,20.0,0,AVAILABLE,0,28.6,HIGH,3,HIGH,3,TODO,4,1,0.25,74.65,9.28,-65.38,-85.6,13.74,0,0
00000000-0000-0000-0000-00000000a822,Synthetic Dev 43,synth_dev_43@devalign.research,00000000-0000-0000-0000-00000000755a,Synthetic Task 6,00000000-0000-0000-0000-000000004e4a,Synthetic Project 2,13.3,PARTIAL,0.5,65.5,6,135.0,20.0,3,OVERLOADED,3,39.5,LOW,1,CRITICAL,4,TODO,4,3,0.75,71.9,48.92,-22.97,-63.2,58.53,0,0
00000000-0000-0000-0000-00000000c37a,Synthetic Dev 50,synth_dev_50@devalign.research,00000000-0000-0000-0000-00000000c37a,Synthetic Task 10,00000000-0000-0000-0000-00000000273a,Synthetic Project 1,1.7,UNAVAILABLE,0.0,65.3,3,1105.0,2.0,4,OVERLOADED,3,21.4,HIGH,3,MEDIUM,2,TODO,1,1,1.0,66.3,76.0,9.7,9.7,100.0,0,0
00000000-0000-0000-0000-0000000069a2,Synthetic Dev 27,synth_dev_27@devalign.research,00000000-0000-0000-0000-00000000c37a,Synthetic Task 10,00000000-0000-0000-0000-00000000273a,Synthetic Project 1,6.8,UNAVAILABLE,0.0,86.3,7,805.0,2.0,2,OVERLOADED,3,21.4,HIGH,3,MEDIUM,2,TODO,1,0,0.0,66.3,0.0,-66.3,-66.3,0.0,0,0
00000000-0000-0000-0000-000000000fca,Synthetic Dev 4,synth_dev_4@devalign.research,00000000-0000-0000-0000-000000009c6a,Synthetic Task 8,00000000-0000-0000-0000-000000009c6a,Synthetic Project 4,12.9,AVAILABLE,1.0,92.3,5,52.0,40.0,3,BALANCED,1,40.8,HIGH,3,LOW,1,TODO,4,0,0.0,75.05,0.0,-75.05,-80.4,0.0,0,0
00000000-0000-0000-0000-00000000c37a,Synthetic Dev 50,synth_dev_50@devalign.research,00000000-0000-0000-0000-00000001c162,Synthetic Task 23,00000000-0000-0000-0000-000000009c6a,Synthetic Project 4,1.7,UNAVAILABLE,0.0,65.3,3,1105.0,2.0,4,OVERLOADED,3,54.3,HIGH,3,LOW,1,TODO,4,1,0.25,70.15,19.0,-51.15,-75.6,25.0,0,0
00000000-0000-0000-0000-00000000a822,Synthetic Dev 43,synth_dev_43@devalign.research,00000000-0000-0000-0000-0000000138aa,Synthetic Task 16,00000000-0000-0000-0000-000000004e4a,Synthetic Project 2,13.3,PARTIAL,0.5,65.5,6,135.0,20.0,3,OVERLOADED,3,59.4,MEDIUM,2,CRITICAL,4,TODO,2,2,1.0,71.8,49.95,-21.85,-35.5,72.51,0,0
00000000-0000-0000-0000-00000000467a,Synthetic Dev 18,synth_dev_18@devalign.research,00000000-0000-0000-0000-000000019a52,Synthetic Task 21,00000000-0000-0000-0000-000000004e4a,Synthetic Project 2,4.1,UNAVAILABLE,0.0,80.6,7,1115.0,2.0,4,OVERLOADED,3,33.7,LOW,1,MEDIUM,2,TODO,2,2,1.0,69.0,53.5,-15.5,-37.5,77.89,0,0
00000000-0000-0000-0000-0000000084fa,Synthetic Dev 34,synth_dev_34@devalign.research,00000000-0000-0000-0000-000000009c6a,Synthetic Task 8,00000000-0000-0000-0000-000000009c6a,Synthetic Project 4,7.5,UNAVAILABLE,0.0,65.3,5,830.0,2.0,3,OVERLOADED,3,40.8,HIGH,3,LOW,1,TODO,4,2,0.5,75.05,18.75,-56.3,-80.3,24.11,0,0
00000000-0000-0000-0000-00000000179a,Synthetic Dev 6,synth_dev_6@devalign.research,00000000-0000-0000-0000-000000014c32,Synthetic Task 17,00000000-0000-0000-0000-00000000755a,Synthetic Project 3,7.2,UNAVAILABLE,0.0,66.4,7,510.0,2.0,1,OVERLOADED,3,53.0,MEDIUM,2,LOW,1,TODO,4,2,0.5,69.43,29.65,-39.78,-76.2,38.97,0,0
00000000-0000-0000-0000-0000000013b2,Synthetic Dev 5,synth_dev_5@devalign.research,00000000-0000-0000-0000-00000000aff2,Synthetic Task 9,00000000-0000-0000-0000-00000000c37a,Synthetic Project 5,4.0,UNAVAILABLE,0.0,74.9,7,1195.0,2.0,2,OVERLOADED,3,34.8,LOW,1,HIGH,3,TODO,3,3,1.0,69.47,64.4,-5.07,-19.5,90.9,0,0
00000000-0000-0000-0000-000000005dea,Synthetic Dev 24,synth_dev_24@devalign.research,00000000-0000-0000-0000-000000024a1a,Synthetic Task 30,00000000-0000-0000-0000-00000000273a,Synthetic Project 1,13.0,AVAILABLE,1.0,97.0,3,28.0,40.0,1,AVAILABLE,0,45.8,MEDIUM,2,HIGH,3,TODO,3,0,0.0,76.23,0.0,-76.23,-88.7,0.0,0,0
00000000-0000-0000-0000-0000000090b2,Synthetic Dev 37,synth_dev_37@devalign.research,00000000-0000-0000-0000-000000020f82,Synthetic Task 27,00000000-0000-0000-0000-00000000755a,Synthetic Project 3,8.2,UNAVAILABLE,0.0,94.0,3,1790.0,2.0,4,OVERLOADED,3,39.2,HIGH,3,MEDIUM,2,TODO,1,0,0.0,81.5,0.0,-81.5,-81.5,0.0,0,0
00000000-0000-0000-0000-00000000a43a,Synthetic Dev 42,synth_dev_42@devalign.research,00000000-0000-0000-0000-0000000186ca,Synthetic Task 20,00000000-0000-0000-0000-00000000273a,Synthetic Project 1,2.0,PARTIAL,0.5,96.3,6,149.5,20.0,3,OVERLOADED,3,13.3,LOW,1,CRITICAL,4,TODO,3,0,0.0,69.5,0.0,-69.5,-81.8,0.0,0,0
00000000-0000-0000-0000-000000006d8a,Synthetic Dev 28,synth_dev_28@devalign.research,00000000-0000-0000-0000-0000000138aa,Synthetic Task 16,00000000-0000-0000-0000-000000004e4a,Synthetic Project 2,13.9,UNAVAILABLE,0.0,81.8,5,0.0,2.0,0,AVAILABLE,0,59.4,MEDIUM,2,CRITICAL,4,TODO,2,0,0.0,71.8,0.0,-71.8,-88.6,0.0,0,0
00000000-0000-0000-0000-00000000561a,Synthetic Dev 22,synth_dev_22@devalign.research,00000000-0000-0000-0000-00000001119a,Synthetic Task 14,00000000-0000-0000-0000-00000000c37a,Synthetic Project 5,2.8,PARTIAL,0.5,74.0,3,134.0,20.0,3,OVERLOADED,3,52.5,HIGH,3,CRITICAL,4,TODO,4,1,0.25,68.72,16.98,-51.75,-72.1,25.0,0,0
00000000-0000-0000-0000-0000000090b2,Synthetic Dev 37,synth_dev_37@devalign.research,00000000-0000-0000-0000-000000024a1a,Synthetic Task 30,00000000-0000-0000-0000-00000000273a,Synthetic Project 1,8.2,UNAVAILABLE,0.0,94.0,3,1790.0,2.0,4,OVERLOADED,3,45.8,MEDIUM,2,HIGH,3,TODO,3,1,0.3333,76.23,28.77,-47.47,-88.7,33.33,0,0
00000000-0000-0000-0000-0000000090b2,Synthetic Dev 37,synth_dev_37@devalign.research,00000000-0000-0000-0000-000000023692,Synthetic Task 29,00000000-0000-0000-0000-00000000c37a,Synthetic Project 5,8.2,UNAVAILABLE,0.0,94.0,3,1790.0,2.0,4,OVERLOADED,3,15.2,MEDIUM,2,MEDIUM,2,TODO,3,0,0.0,75.5,0.0,-75.5,-83.2,0.0,0,0
00000000-0000-0000-0000-00000000b3da,Synthetic Dev 46,synth_dev_46@devalign.research,00000000-0000-0000-0000-000000017342,Synthetic Task 19,00000000-0000-0000-0000-00000000c37a,Synthetic Project 5,4.5,PARTIAL,0.5,80.4,3,183.5,20.0,4,OVERLOADED,3,17.1,HIGH,3,LOW,1,TODO,3,1,0.3333,82.57,17.83,-64.73,-80.4,20.01,0,0
00000000-0000-0000-0000-0000000061d2,Synthetic Dev 25,synth_dev_25@devalign.research,00000000-0000-0000-0000-000000014c32,Synthetic Task 17,00000000-0000-0000-0000-00000000755a,Synthetic Project 3,2.8,PARTIAL,0.5,85.2,6,166.5,20.0,3,OVERLOADED,3,53.0,MEDIUM,2,LOW,1,TODO,4,2,0.5,69.43,34.05,-35.38,-66.4,43.34,0,0
00000000-0000-0000-0000-0000000069a2,Synthetic Dev 27,synth_dev_27@devalign.research,00000000-0000-0000-0000-000000009c6a,Synthetic Task 8,00000000-0000-0000-0000-000000009c6a,Synthetic Project 4,6.8,UNAVAILABLE,0.0,86.3,7,805.0,2.0,2,OVERLOADED,3,40.8,HIGH,3,LOW,1,TODO,4,3,0.75,75.05,58.73,-16.32,-80.4,74.12,0,0
00000000-0000-0000-0000-0000000084fa,Synthetic Dev 34,synth_dev_34@devalign.research,00000000-0000-0000-0000-0000000138aa,Synthetic Task 16,00000000-0000-0000-0000-000000004e4a,Synthetic Project 2,7.5,UNAVAILABLE,0.0,65.3,5,830.0,2.0,3,OVERLOADED,3,59.4,MEDIUM,2,CRITICAL,4,TODO,2,0,0.0,71.8,0.0,-71.8,-88.6,0.0,0,0
00000000-0000-0000-0000-00000000949a,Synthetic Dev 38,synth_dev_38@devalign.research,00000000-0000-0000-0000-000000009c6a,Synthetic Task 8,00000000-0000-0000-0000-000000009c6a,Synthetic Project 4,3.6,PARTIAL,0.5,69.1,6,104.0,20.0,3,OVERLOADED,3,40.8,HIGH,3,LOW,1,TODO,4,2,0.5,75.05,16.98,-58.08,-75.0,21.13,0,0
00000000-0000-0000-0000-000000007d2a,Synthetic Dev 32,synth_dev_32@devalign.research,00000000-0000-0000-0000-000000017342,Synthetic Task 19,00000000-0000-0000-0000-00000000c37a,Synthetic Project 5,10.0,AVAILABLE,1.0,55.2,4,0.0,40.0,0,AVAILABLE,0,17.1,HIGH,3,LOW,1,TODO,3,0,0.0,82.57,0.0,-82.57,-89.1,0.0,0,0
00000000-0000-0000-0000-000000002b22,Synthetic Dev 11,synth_dev_11@devalign.research,00000000-0000-0000-0000-000000004e4a,Synthetic Task 4,00000000-0000-0000-0000-00000000c37a,Synthetic Project 5,14.9,PARTIAL,0.5,82.9,6,169.5,20.0,3,OVERLOADED,3,37.8,HIGH,3,HIGH,3,TODO,1,1,1.0,59.2,68.2,9.0,9.0,100.0,0,0
00000000-0000-0000-0000-000000000412,Synthetic Dev 1,synth_dev_1@devalign.research,00000000-0000-0000-0000-00000002230a,Synthetic Task 28,00000000-0000-0000-0000-000000009c6a,Synthetic Project 4,2.1,UNAVAILABLE,0.0,86.9,3,330.0,2.0,1,OVERLOADED,3,45.0,LOW,1,HIGH,3,TODO,1,0,0.0,63.1,0.0,-63.1,-63.1,0.0,0,0
00000000-0000-0000-0000-000000001b82,Synthetic Dev 7,synth_dev_7@devalign.research,00000000-0000-0000-0000-000000023692,Synthetic Task 29,00000000-0000-0000-0000-00000000c37a,Synthetic Project 5,9.1,PARTIAL,0.5,75.1,3,118.0,20.0,2,OVERLOADED,3,15.2,MEDIUM,2,MEDIUM,2,TODO,3,2,0.6667,75.5,33.73,-41.77,-60.3,40.59,0,0
00000000-0000-0000-0000-00000000a43a,Synthetic Dev 42,synth_dev_42@devalign.research,00000000-0000-0000-0000-0000000061d2,Synthetic Task 5,00000000-0000-0000-0000-00000000273a,Synthetic Project 1,2.0,PARTIAL,0.5,96.3,6,149.5,20.0,3,OVERLOADED,3,60.0,HIGH,3,LOW,1,TODO,3,1,0.3333,77.17,20.07,-57.1,-76.1,23.17,0,0
00000000-0000-0000-0000-0000000032f2,Synthetic Dev 13,synth_dev_13@devalign.research,00000000-0000-0000-0000-00000000aff2,Synthetic Task 9,00000000-0000-0000-0000-00000000c37a,Synthetic Project 5,6.5,PARTIAL,0.5,92.1,3,0.0,20.0,0,AVAILABLE,0,34.8,LOW,1,HIGH,3,TODO,3,0,0.0,69.47,0.0,-69.47,-82.0,0.0,0,0
00000000-0000-0000-0000-00000000b3da,Synthetic Dev 46,synth_dev_46@devalign.research,00000000-0000-0000-0000-00000000ea8a,Synthetic Task 12,00000000-0000-0000-0000-00000000755a,Synthetic Project 3,4.5,PARTIAL,0.5,80.4,3,183.5,20.0,4,OVERLOADED,3,32.5,HIGH,3,HIGH,3,TODO,3,0,0.0,65.7,0.0,-65.7,-72.1,0.0,0,0
00000000-0000-0000-0000-000000005232,Synthetic Dev 21,synth_dev_21@devalign.research,00000000-0000-0000-0000-000000020f82,Synthetic Task 27,00000000-0000-0000-0000-00000000755a,Synthetic Project 3,9.7,UNAVAILABLE,0.0,66.4,3,1015.0,2.0,3,OVERLOADED,3,39.2,HIGH,3,MEDIUM,2,TODO,1,1,1.0,81.5,38.5,-43.0,-43.0,47.24,0,0
00000000-0000-0000-0000-00000000a43a,Synthetic Dev 42,synth_dev_42@devalign.research,00000000-0000-0000-0000-000000019a52,Synthetic Task 21,00000000-0000-0000-0000-000000004e4a,Synthetic Project 2,2.0,PARTIAL,0.5,96.3,6,149.5,20.0,3,OVERLOADED,3,33.7,LOW,1,MEDIUM,2,TODO,2,1,0.5,69.0,30.1,-38.9,-84.8,50.0,0,0
00000000-0000-0000-0000-00000000aff2,Synthetic Dev 45,synth_dev_45@devalign.research,00000000-0000-0000-0000-000000020f82,Synthetic Task 27,00000000-0000-0000-0000-00000000755a,Synthetic Project 3,7.4,PARTIAL,0.5,77.8,7,179.5,20.0,3,OVERLOADED,3,39.2,HIGH,3,MEDIUM,2,TODO,1,0,0.0,81.5,0.0,-81.5,-81.5,0.0,0,0
00000000-0000-0000-0000-000000008cca,Synthetic Dev 36,synth_dev_36@devalign.research,00000000-0000-0000-0000-00000000aff2,Synthetic Task 9,00000000-0000-0000-0000-00000000c37a,Synthetic Project 5,13.5,UNAVAILABLE,0.0,76.0,3,805.0,2.0,2,OVERLOADED,3,34.8,LOW,1,HIGH,3,TODO,3,1,0.3333,69.47,29.93,-39.53,-82.0,33.33,0,0
00000000-0000-0000-0000-0000000013b2,Synthetic Dev 5,synth_dev_5@devalign.research,00000000-0000-0000-0000-00000000c37a,Synthetic Task 10,00000000-0000-0000-0000-00000000273a,Synthetic Project 1,4.0,UNAVAILABLE,0.0,74.9,7,1195.0,2.0,2,OVERLOADED,3,21.4,HIGH,3,MEDIUM,2,TODO,1,0,0.0,66.3,0.0,-66.3,-66.3,0.0,0,0
00000000-0000-0000-0000-00000000c37a,Synthetic Dev 50,synth_dev_50@devalign.research,00000000-0000-0000-0000-00000002230a,Synthetic Task 28,00000000-0000-0000-0000-000000009c6a,Synthetic Project 4,1.7,UNAVAILABLE,0.0,65.3,3,1105.0,2.0,4,OVERLOADED,3,45.0,LOW,1,HIGH,3,TODO,1,0,0.0,63.1,0.0,-63.1,-63.1,0.0,0,0
00000000-0000-0000-0000-0000000061d2,Synthetic Dev 25,synth_dev_25@devalign.research,00000000-0000-0000-0000-00000000c37a,Synthetic Task 10,00000000-0000-0000-0000-00000000273a,Synthetic Project 1,2.8,PARTIAL,0.5,85.2,6,166.5,20.0,3,OVERLOADED,3,21.4,HIGH,3,MEDIUM,2,TODO,1,0,0.0,66.3,0.0,-66.3,-66.3,0.0,0,0
00000000-0000-0000-0000-00000000755a,Synthetic Dev 30,synth_dev_30@devalign.research,00000000-0000-0000-0000-00000001adda,Synthetic Task 22,00000000-0000-0000-0000-00000000755a,Synthetic Project 3,6.9,PARTIAL,0.5,84.1,4,166.0,20.0,4,OVERLOADED,3,31.9,HIGH,3,MEDIUM,2,TODO,2,0,0.0,71.95,0.0,-71.95,-75.5,0.0,0,0
00000000-0000-0000-0000-000000009882,Synthetic Dev 39,synth_dev_39@devalign.research,00000000-0000-0000-0000-000000019a52,Synthetic Task 21,00000000-0000-0000-0000-000000004e4a,Synthetic Project 2,14.3,AVAILABLE,1.0,63.6,4,0.0,40.0,0,AVAILABLE,0,33.7,LOW,1,MEDIUM,2,TODO,2,1,0.5,69.0,45.8,-23.2,-84.8,50.0,0,0
00000000-0000-0000-0000-00000000ac0a,Synthetic Dev 44,synth_dev_44@devalign.research,00000000-0000-0000-0000-0000000061d2,Synthetic Task 5,00000000-0000-0000-0000-00000000273a,Synthetic Project 1,0.6,UNAVAILABLE,0.0,95.8,6,0.0,2.0,0,AVAILABLE,0,60.0,HIGH,3,LOW,1,TODO,3,1,0.3333,77.17,15.27,-61.9,-86.6,22.19,1,0
00000000-0000-0000-0000-00000000bbaa,Synthetic Dev 48,synth_dev_48@devalign.research,00000000-0000-0000-0000-0000000061d2,Synthetic Task 5,00000000-0000-0000-0000-00000000273a,Synthetic Project 1,14.1,PARTIAL,0.5,75.5,3,0.0,20.0,0,AVAILABLE,0,60.0,HIGH,3,LOW,1,TODO,3,3,1.0,77.17,52.0,-25.17,-36.9,67.54,0,0
00000000-0000-0000-0000-000000002352,Synthetic Dev 9,synth_dev_9@devalign.research,00000000-0000-0000-0000-00000001e872,Synthetic Task 25,00000000-0000-0000-0000-00000000273a,Synthetic Project 1,14.3,UNAVAILABLE,0.0,94.7,6,0.0,2.0,0,AVAILABLE,0,5.2,MEDIUM,2,HIGH,3,TODO,4,2,0.5,82.55,17.07,-65.47,-81.0,20.16,0,0
00000000-0000-0000-0000-00000000b7c2,Synthetic Dev 47,synth_dev_47@devalign.research,00000000-0000-0000-0000-00000000755a,Synthetic Task 6,00000000-0000-0000-0000-000000004e4a,Synthetic Project 2,4.5,AVAILABLE,1.0,96.9,4,70.5,40.0,4,BALANCED,1,39.5,LOW,1,CRITICAL,4,TODO,4,2,0.5,71.9,27.4,-44.5,-84.3,39.92,0,0
00000000-0000-0000-0000-0000000007fa,Synthetic Dev 2,synth_dev_2@devalign.research,00000000-0000-0000-0000-000000009c6a,Synthetic Task 8,00000000-0000-0000-0000-000000009c6a,Synthetic Project 4,0.9,UNAVAILABLE,0.0,63.6,6,1585.0,2.0,4,OVERLOADED,3,40.8,HIGH,3,LOW,1,TODO,4,4,1.0,75.05,55.12,-19.93,-40.3,69.69,0,0
00000000-0000-0000-0000-000000003eaa,Synthetic Dev 16,synth_dev_16@devalign.research,00000000-0000-0000-0000-000000012522,Synthetic Task 15,00000000-0000-0000-0000-00000000273a,Synthetic Project 1,10.1,UNAVAILABLE,0.0,75.9,3,355.0,2.0,1,OVERLOADED,3,36.0,LOW,1,MEDIUM,2,TODO,2,1,0.5,65.8,34.0,-31.8,-62.7,49.35,0,0
00000000-0000-0000-0000-000000003ac2,Synthetic Dev 15,synth_dev_15@devalign.research,00000000-0000-0000-0000-00000001e872,Synthetic Task 25,00000000-0000-0000-0000-00000000273a,Synthetic Project 1,13.9,AVAILABLE,1.0,91.5,6,19.5,40.0,1,AVAILABLE,0,5.2,MEDIUM,2,HIGH,3,TODO,4,2,0.5,82.55,34.62,-47.92,-86.1,42.06,0,0
00000000-0000-0000-0000-00000000179a,Synthetic Dev 6,synth_dev_6@devalign.research,00000000-0000-0000-0000-000000024a1a,Synthetic Task 30,00000000-0000-0000-0000-00000000273a,Synthetic Project 1,7.2,UNAVAILABLE,0.0,66.4,7,510.0,2.0,1,OVERLOADED,3,45.8,MEDIUM,2,HIGH,3,TODO,3,1,0.3333,76.23,27.17,-49.07,-88.7,33.33,0,0
00000000-0000-0000-0000-000000001f6a,Synthetic Dev 8,synth_dev_8@devalign.research,00000000-0000-0000-0000-00000000273a,Synthetic Task 2,00000000-0000-0000-0000-00000000755a,Synthetic Project 3,7.1,AVAILABLE,1.0,96.0,4,59.0,40.0,2,BALANCED,1,54.9,HIGH,3,MEDIUM,2,TODO,2,1,0.5,59.45,34.8,-24.65,-62.3,50.0,0,0
00000000-0000-0000-0000-00000000bf92,Synthetic Dev 49,synth_dev_49@devalign.research,00000000-0000-0000-0000-000000014c32,Synthetic Task 17,00000000-0000-0000-0000-00000000755a,Synthetic Project 3,2.2,AVAILABLE,1.0,87.9,7,91.8,40.0,4,HIGH,2,53.0,MEDIUM,2,LOW,1,TODO,4,2,0.5,69.43,40.5,-28.93,-78.9,50.0,0,0
00000000-0000-0000-0000-000000008cca,Synthetic Dev 36,synth_dev_36@devalign.research,00000000-0000-0000-0000-000000004e4a,Synthetic Task 4,00000000-0000-0000-0000-00000000c37a,Synthetic Project 5,13.5,UNAVAILABLE,0.0,76.0,3,805.0,2.0,2,OVERLOADED,3,37.8,HIGH,3,HIGH,3,TODO,1,0,0.0,59.2,0.0,-59.2,-59.2,0.0,0,0
00000000-0000-0000-0000-000000000fca,Synthetic Dev 4,synth_dev_4@devalign.research,00000000-0000-0000-0000-00000002230a,Synthetic Task 28,00000000-0000-0000-0000-000000009c6a,Synthetic Project 4,12.9,AVAILABLE,1.0,92.3,5,52.0,40.0,3,BALANCED,1,45.0,LOW,1,HIGH,3,TODO,1,0,0.0,63.1,0.0,-63.1,-63.1,0.0,0,0
00000000-0000-0000-0000-0000000084fa,Synthetic Dev 34,synth_dev_34@devalign.research,00000000-0000-0000-0000-000000015fba,Synthetic Task 18,00000000-0000-0000-0000-000000009c6a,Synthetic Project 4,7.5,UNAVAILABLE,0.0,65.3,5,830.0,2.0,3,OVERLOADED,3,23.0,MEDIUM,2,HIGH,3,TODO,4,2,0.5,75.42,23.7,-51.72,-75.1,29.98,0,0
00000000-0000-0000-0000-00000000467a,Synthetic Dev 18,synth_dev_18@devalign.research,00000000-0000-0000-0000-0000000186ca,Synthetic Task 20,00000000-0000-0000-0000-00000000273a,Synthetic Project 1,4.1,UNAVAILABLE,0.0,80.6,7,1115.0,2.0,4,OVERLOADED,3,13.3,LOW,1,CRITICAL,4,TODO,3,2,0.6667,69.5,39.77,-29.73,-81.8,58.89,0,0
00000000-0000-0000-0000-000000008cca,Synthetic Dev 36,synth_dev_36@devalign.research,00000000-0000-0000-0000-00000001adda,Synthetic Task 22,00000000-0000-0000-0000-00000000755a,Synthetic Project 3,13.5,UNAVAILABLE,0.0,76.0,3,805.0,2.0,2,OVERLOADED,3,31.9,HIGH,3,MEDIUM,2,TODO,2,0,0.0,71.95,0.0,-71.95,-75.5,0.0,0,0
00000000-0000-0000-0000-000000004a62,Synthetic Dev 19,synth_dev_19@devalign.research,00000000-0000-0000-0000-000000015fba,Synthetic Task 18,00000000-0000-0000-0000-000000009c6a,Synthetic Project 4,15.0,UNAVAILABLE,0.0,97.8,7,0.0,2.0,0,AVAILABLE,0,23.0,MEDIUM,2,HIGH,3,TODO,4,3,0.75,75.42,63.53,-11.9,-69.5,72.13,0,0
00000000-0000-0000-0000-00000000b7c2,Synthetic Dev 47,synth_dev_47@devalign.research,00000000-0000-0000-0000-00000001fbfa,Synthetic Task 26,00000000-0000-0000-0000-000000004e4a,Synthetic Project 2,4.5,AVAILABLE,1.0,96.9,4,70.5,40.0,4,BALANCED,1,16.3,LOW,1,HIGH,3,TODO,2,1,0.5,77.95,46.4,-31.55,-77.1,50.0,0,0
00000000-0000-0000-0000-000000001f6a,Synthetic Dev 8,synth_dev_8@devalign.research,00000000-0000-0000-0000-000000020f82,Synthetic Task 27,00000000-0000-0000-0000-00000000755a,Synthetic Project 3,7.1,AVAILABLE,1.0,96.0,4,59.0,40.0,2,BALANCED,1,39.2,HIGH,3,MEDIUM,2,TODO,1,1,1.0,81.5,39.9,-41.6,-41.6,48.96,0,0
00000000-0000-0000-0000-000000004292,Synthetic Dev 17,synth_dev_17@devalign.research,00000000-0000-0000-0000-00000000ea8a,Synthetic Task 12,00000000-0000-0000-0000-00000000755a,Synthetic Project 3,13.8,UNAVAILABLE,0.0,77.8,3,0.0,2.0,0,AVAILABLE,0,32.5,HIGH,3,HIGH,3,TODO,3,1,0.3333,65.7,12.6,-53.1,-72.1,19.3,0,0
00000000-0000-0000-0000-0000000032f2,Synthetic Dev 13,synth_dev_13@devalign.research,00000000-0000-0000-0000-00000001e872,Synthetic Task 25,00000000-0000-0000-0000-00000000273a,Synthetic Project 1,6.5,PARTIAL,0.5,92.1,3,0.0,20.0,0,AVAILABLE,0,5.2,MEDIUM,2,HIGH,3,TODO,4,1,0.25,82.55,20.5,-62.05,-86.1,24.61,1,0
00000000-0000-0000-0000-00000000949a,Synthetic Dev 38,synth_dev_38@devalign.research,00000000-0000-0000-0000-00000000755a,Synthetic Task 6,00000000-0000-0000-0000-000000004e4a,Synthetic Project 2,3.6,PARTIAL,0.5,69.1,6,104.0,20.0,3,OVERLOADED,3,39.5,LOW,1,CRITICAL,4,TODO,4,3,0.75,71.9,57.18,-14.72,-63.2,64.52,0,0
00000000-0000-0000-0000-000000000fca,Synthetic Dev 4,synth_dev_4@devalign.research,00000000-0000-0000-0000-00000000755a,Synthetic Task 6,00000000-0000-0000-0000-000000004e4a,Synthetic Project 2,12.9,AVAILABLE,1.0,92.3,5,52.0,40.0,3,BALANCED,1,39.5,LOW,1,CRITICAL,4,TODO,4,3,0.75,71.9,50.4,-21.5,-63.2,63.38,0,0
00000000-0000-0000-0000-00000000b3da,Synthetic Dev 46,synth_dev_46@devalign.research,00000000-0000-0000-0000-000000009c6a,Synthetic Task 8,00000000-0000-0000-0000-000000009c6a,Synthetic Project 4,4.5,PARTIAL,0.5,80.4,3,183.5,20.0,4,OVERLOADED,3,40.8,HIGH,3,LOW,1,TODO,4,2,0.5,75.05,25.77,-49.27,-80.3,33.26,0,0
00000000-0000-0000-0000-0000000088e2,Synthetic Dev 35,synth_dev_35@devalign.research,00000000-0000-0000-0000-00000001d4ea,Synthetic Task 24,00000000-0000-0000-0000-00000000c37a,Synthetic Project 5,6.4,PARTIAL,0.5,78.3,6,81.5,20.0,3,HIGH,2,29.6,MEDIUM,2,HIGH,3,TODO,3,2,0.6667,61.33,44.57,-16.77,-64.4,58.55,0,0
00000000-0000-0000-0000-000000005dea,Synthetic Dev 24,synth_dev_24@devalign.research,00000000-0000-0000-0000-000000014c32,Synthetic Task 17,00000000-0000-0000-0000-00000000755a,Synthetic Project 3,13.0,AVAILABLE,1.0,97.0,3,28.0,40.0,1,AVAILABLE,0,53.0,MEDIUM,2,LOW,1,TODO,4,0,0.0,69.43,0.0,-69.43,-78.9,0.0,0,0
00000000-0000-0000-0000-000000001f6a,Synthetic Dev 8,synth_dev_8@devalign.research,00000000-0000-0000-0000-000000004e4a,Synthetic Task 4,00000000-0000-0000-0000-00000000c37a,Synthetic Project 5,7.1,AVAILABLE,1.0,96.0,4,59.0,40.0,2,BALANCED,1,37.8,HIGH,3,HIGH,3,TODO,1,1,1.0,59.2,69.6,10.4,10.4,100.0,0,1
00000000-0000-0000-0000-000000009882,Synthetic Dev 39,synth_dev_39@devalign.research,00000000-0000-0000-0000-00000001119a,Synthetic Task 14,00000000-0000-0000-0000-00000000c37a,Synthetic Project 5,14.3,AVAILABLE,1.0,63.6,4,0.0,40.0,0,AVAILABLE,0,52.5,HIGH,3,CRITICAL,4,TODO,4,2,0.5,68.72,37.95,-30.77,-72.1,45.99,0,0
00000000-0000-0000-0000-00000000ac0a,Synthetic Dev 44,synth_dev_44@devalign.research,00000000-0000-0000-0000-000000024a1a,Synthetic Task 30,00000000-0000-0000-0000-00000000273a,Synthetic Project 1,0.6,UNAVAILABLE,0.0,95.8,6,0.0,2.0,0,AVAILABLE,0,45.8,MEDIUM,2,HIGH,3,TODO,3,2,0.6667,76.23,34.97,-41.27,-55.6,40.3,0,0
00000000-0000-0000-0000-000000001b82,Synthetic Dev 7,synth_dev_7@devalign.research,00000000-0000-0000-0000-000000004e4a,Synthetic Task 4,00000000-0000-0000-0000-00000000c37a,Synthetic Project 5,9.1,PARTIAL,0.5,75.1,3,118.0,20.0,2,OVERLOADED,3,37.8,HIGH,3,HIGH,3,TODO,1,1,1.0,59.2,80.0,20.8,20.8,100.0,0,0
00000000-0000-0000-0000-000000008cca,Synthetic Dev 36,synth_dev_36@devalign.research,00000000-0000-0000-0000-000000012522,Synthetic Task 15,00000000-0000-0000-0000-00000000273a,Synthetic Project 1,13.5,UNAVAILABLE,0.0,76.0,3,805.0,2.0,2,OVERLOADED,3,36.0,LOW,1,MEDIUM,2,TODO,2,1,0.5,65.8,38.55,-27.25,-68.9,50.0,0,0
00000000-0000-0000-0000-000000002b22,Synthetic Dev 11,synth_dev_11@devalign.research,00000000-0000-0000-0000-00000001adda,Synthetic Task 22,00000000-0000-0000-0000-00000000755a,Synthetic Project 3,14.9,PARTIAL,0.5,82.9,6,169.5,20.0,3,OVERLOADED,3,31.9,HIGH,3,MEDIUM,2,TODO,2,1,0.5,71.95,22.5,-49.45,-68.4,29.8,0,0
00000000-0000-0000-0000-00000000273a,Synthetic Dev 10,synth_dev_10@devalign.research,00000000-0000-0000-0000-0000000013b2,Synthetic Task 1,00000000-0000-0000-0000-000000004e4a,Synthetic Project 2,11.6,UNAVAILABLE,0.0,60.5,4,1745.0,2.0,3,OVERLOADED,3,8.0,HIGH,3,CRITICAL,4,TODO,2,1,0.5,69.4,45.2,-24.2,-71.8,50.0,0,0
00000000-0000-0000-0000-00000000c37a,Synthetic Dev 50,synth_dev_50@devalign.research,00000000-0000-0000-0000-00000001adda,Synthetic Task 22,00000000-0000-0000-0000-00000000755a,Synthetic Project 3,1.7,UNAVAILABLE,0.0,65.3,3,1105.0,2.0,4,OVERLOADED,3,31.9,HIGH,3,MEDIUM,2,TODO,2,1,0.5,71.95,22.5,-49.45,-75.5,32.89,0,0
00000000-0000-0000-0000-00000000755a,Synthetic Dev 30,synth_dev_30@devalign.research,00000000-0000-0000-0000-000000019a52,Synthetic Task 21,00000000-0000-0000-0000-000000004e4a,Synthetic Project 2,6.9,PARTIAL,0.5,84.1,4,166.0,20.0,4,OVERLOADED,3,33.7,LOW,1,MEDIUM,2,TODO,2,0,0.0,69.0,0.0,-69.0,-84.8,0.0,0,0
00000000-0000-0000-0000-000000008112,Synthetic Dev 33,synth_dev_33@devalign.research,00000000-0000-0000-0000-000000012522,Synthetic Task 15,00000000-0000-0000-0000-00000000273a,Synthetic Project 1,10.2,PARTIAL,0.5,97.5,6,144.5,20.0,4,OVERLOADED,3,36.0,LOW,1,MEDIUM,2,TODO,2,1,0.5,65.8,30.45,-35.35,-68.9,48.56,0,0
00000000-0000-0000-0000-0000000013b2,Synthetic Dev 5,synth_dev_5@devalign.research,00000000-0000-0000-0000-00000000273a,Synthetic Task 2,00000000-0000-0000-0000-00000000755a,Synthetic Project 3,4.0,UNAVAILABLE,0.0,74.9,7,1195.0,2.0,2,OVERLOADED,3,54.9,HIGH,3,MEDIUM,2,TODO,2,2,1.0,59.45,89.15,29.7,29.0,100.0,0,0
00000000-0000-0000-0000-00000000b7c2,Synthetic Dev 47,synth_dev_47@devalign.research,00000000-0000-0000-0000-0000000138aa,Synthetic Task 16,00000000-0000-0000-0000-000000004e4a,Synthetic Project 2,4.5,AVAILABLE,1.0,96.9,4,70.5,40.0,4,BALANCED,1,59.4,MEDIUM,2,CRITICAL,4,TODO,2,2,1.0,71.8,50.3,-21.5,-36.5,73.49,0,0
00000000-0000-0000-0000-000000002f0a,Synthetic Dev 12,synth_dev_12@devalign.research,00000000-0000-0000-0000-000000017342,Synthetic Task 19,00000000-0000-0000-0000-00000000c37a,Synthetic Project 5,13.0,AVAILABLE,1.0,58.0,6,17.2,40.0,1,AVAILABLE,0,17.1,HIGH,3,LOW,1,TODO,3,2,0.6667,82.57,39.57,-43.0,-80.4,47.43,0,0
00000000-0000-0000-0000-0000000090b2,Synthetic Dev 37,synth_dev_37@devalign.research,00000000-0000-0000-0000-000000017342,Synthetic Task 19,00000000-0000-0000-0000-00000000c37a,Synthetic Project 5,8.2,UNAVAILABLE,0.0,94.0,3,1790.0,2.0,4,OVERLOADED,3,17.1,HIGH,3,LOW,1,TODO,3,2,0.6667,82.57,42.7,-39.87,-89.1,51.15,0,0
00000000-0000-0000-0000-000000005a02,Synthetic Dev 23,synth_dev_23@devalign.research,00000000-0000-0000-0000-00000000c37a,Synthetic Task 10,00000000-0000-0000-0000-00000000273a,Synthetic Project 1,1.1,AVAILABLE,1.0,70.7,4,0.0,40.0,0,AVAILABLE,0,21.4,HIGH,3,MEDIUM,2,TODO,1,0,0.0,66.3,0.0,-66.3,-66.3,0.0,0,0
00000000-0000-0000-0000-000000002b22,Synthetic Dev 11,synth_dev_11@devalign.research,00000000-0000-0000-0000-00000002230a,Synthetic Task 28,00000000-0000-0000-0000-000000009c6a,Synthetic Project 4,14.9,PARTIAL,0.5,82.9,6,169.5,20.0,3,OVERLOADED,3,45.0,LOW,1,HIGH,3,TODO,1,0,0.0,63.1,0.0,-63.1,-63.1,0.0,0,0
00000000-0000-0000-0000-0000000061d2,Synthetic Dev 25,synth_dev_25@devalign.research,00000000-0000-0000-0000-000000019a52,Synthetic Task 21,00000000-0000-0000-0000-000000004e4a,Synthetic Project 2,2.8,PARTIAL,0.5,85.2,6,166.5,20.0,3,OVERLOADED,3,33.7,LOW,1,MEDIUM,2,TODO,2,2,1.0,69.0,60.5,-8.5,-11.9,88.19,0,0
00000000-0000-0000-0000-00000000a052,Synthetic Dev 41,synth_dev_41@devalign.research,00000000-0000-0000-0000-0000000013b2,Synthetic Task 1,00000000-0000-0000-0000-000000004e4a,Synthetic Project 2,1.6,AVAILABLE,1.0,84.7,5,14.3,40.0,1,AVAILABLE,0,8.0,HIGH,3,CRITICAL,4,TODO,2,1,0.5,69.4,42.6,-26.8,-71.8,50.0,0,0
00000000-0000-0000-0000-00000000a43a,Synthetic Dev 42,synth_dev_42@devalign.research,00000000-0000-0000-0000-0000000013b2,Synthetic Task 1,00000000-0000-0000-0000-000000004e4a,Synthetic Project 2,2.0,PARTIAL,0.5,96.3,6,149.5,20.0,3,OVERLOADED,3,8.0,HIGH,3,CRITICAL,4,TODO,2,2,1.0,69.4,79.65,10.25,1.5,100.0,0,0
00000000-0000-0000-0000-00000000467a,Synthetic Dev 18,synth_dev_18@devalign.research,00000000-0000-0000-0000-00000000fe12,Synthetic Task 13,00000000-0000-0000-0000-000000009c6a,Synthetic Project 4,4.1,UNAVAILABLE,0.0,80.6,7,1115.0,2.0,4,OVERLOADED,3,52.4,HIGH,3,MEDIUM,2,TODO,3,2,0.6667,68.67,54.27,-14.4,-61.9,66.67,0,0
00000000-0000-0000-0000-000000007172,Synthetic Dev 29,synth_dev_29@devalign.research,00000000-0000-0000-0000-000000019a52,Synthetic Task 21,00000000-0000-0000-0000-000000004e4a,Synthetic Project 2,13.6,UNAVAILABLE,0.0,81.5,3,785.0,2.0,2,OVERLOADED,3,33.7,LOW,1,MEDIUM,2,TODO,2,1,0.5,69.0,33.85,-35.15,-53.2,39.92,1,0
00000000-0000-0000-0000-0000000032f2,Synthetic Dev 13,synth_dev_13@devalign.research,00000000-0000-0000-0000-00000002230a,Synthetic Task 28,00000000-0000-0000-0000-000000009c6a,Synthetic Project 4,6.5,PARTIAL,0.5,92.1,3,0.0,20.0,0,AVAILABLE,0,45.0,LOW,1,HIGH,3,TODO,1,0,0.0,63.1,0.0,-63.1,-63.1,0.0,0,0
00000000-0000-0000-0000-0000000061d2,Synthetic Dev 25,synth_dev_25@devalign.research,00000000-0000-0000-0000-000000024a1a,Synthetic Task 30,00000000-0000-0000-0000-00000000273a,Synthetic Project 1,2.8,PARTIAL,0.5,85.2,6,166.5,20.0,3,OVERLOADED,3,45.8,MEDIUM,2,HIGH,3,TODO,3,3,1.0,76.23,69.7,-6.53,-32.8,83.13,0,0
00000000-0000-0000-0000-000000004a62,Synthetic Dev 19,synth_dev_19@devalign.research,00000000-0000-0000-0000-000000019a52,Synthetic Task 21,00000000-0000-0000-0000-000000004e4a,Synthetic Project 2,15.0,UNAVAILABLE,0.0,97.8,7,0.0,2.0,0,AVAILABLE,0,33.7,LOW,1,MEDIUM,2,TODO,2,2,1.0,69.0,57.35,-11.65,-54.3,67.98,0,0
00000000-0000-0000-0000-000000001f6a,Synthetic Dev 8,synth_dev_8@devalign.research,00000000-0000-0000-0000-000000009c6a,Synthetic Task 8,00000000-0000-0000-0000-000000009c6a,Synthetic Project 4,7.1,AVAILABLE,1.0,96.0,4,59.0,40.0,2,BALANCED,1,40.8,HIGH,3,LOW,1,TODO,4,2,0.5,75.05,29.88,-45.18,-80.3,37.41,0,0
00000000-0000-0000-0000-0000000069a2,Synthetic Dev 27,synth_dev_27@devalign.research,00000000-0000-0000-0000-00000000755a,Synthetic Task 6,00000000-0000-0000-0000-000000004e4a,Synthetic Project 2,6.8,UNAVAILABLE,0.0,86.3,7,805.0,2.0,2,OVERLOADED,3,39.5,LOW,1,CRITICAL,4,TODO,4,4,1.0,71.9,59.8,-12.1,-34.0,81.13,0,0
00000000-0000-0000-0000-000000002f0a,Synthetic Dev 12,synth_dev_12@devalign.research,00000000-0000-0000-0000-000000020f82,Synthetic Task 27,00000000-0000-0000-0000-00000000755a,Synthetic Project 3,13.0,AVAILABLE,1.0,58.0,6,17.2,40.0,1,AVAILABLE,0,39.2,HIGH,3,MEDIUM,2,TODO,1,1,1.0,81.5,36.3,-45.2,-45.2,44.54,0,0
00000000-0000-0000-0000-000000005dea,Synthetic Dev 24,synth_dev_24@devalign.research,00000000-0000-0000-0000-0000000061d2,Synthetic Task 5,00000000-0000-0000-0000-00000000273a,Synthetic Project 1,13.0,AVAILABLE,1.0,97.0,3,28.0,40.0,1,AVAILABLE,0,60.0,HIGH,3,LOW,1,TODO,3,1,0.3333,77.17,27.37,-49.8,-76.1,31.6,0,0
00000000-0000-0000-0000-000000002f0a,Synthetic Dev 12,synth_dev_12@devalign.research,00000000-0000-0000-0000-000000009c6a,Synthetic Task 8,00000000-0000-0000-0000-000000009c6a,Synthetic Project 4,13.0,AVAILABLE,1.0,58.0,6,17.2,40.0,1,AVAILABLE,0,40.8,HIGH,3,LOW,1,TODO,4,3,0.75,75.05,38.75,-36.3,-80.3,54.0,0,0
00000000-0000-0000-0000-00000000561a,Synthetic Dev 22,synth_dev_22@devalign.research,00000000-0000-0000-0000-0000000013b2,Synthetic Task 1,00000000-0000-0000-0000-000000004e4a,Synthetic Project 2,2.8,PARTIAL,0.5,74.0,3,134.0,20.0,3,OVERLOADED,3,8.0,HIGH,3,CRITICAL,4,TODO,2,0,0.0,69.4,0.0,-69.4,-71.8,0.0,0,0
00000000-0000-0000-0000-000000007942,Synthetic Dev 31,synth_dev_31@devalign.research,00000000-0000-0000-0000-00000001adda,Synthetic Task 22,00000000-0000-0000-0000-00000000755a,Synthetic Project 3,2.6,AVAILABLE,1.0,57.0,3,69.5,40.0,3,BALANCED,1,31.9,HIGH,3,MEDIUM,2,TODO,2,2,1.0,71.95,66.35,-5.6,-19.5,87.09,0,1
00000000-0000-0000-0000-00000000949a,Synthetic Dev 38,synth_dev_38@devalign.research,00000000-0000-0000-0000-00000000d702,Synthetic Task 11,00000000-0000-0000-0000-000000004e4a,Synthetic Project 2,3.6,PARTIAL,0.5,69.1,6,104.0,20.0,3,OVERLOADED,3,29.8,LOW,1,LOW,1,TODO,1,0,0.0,69.9,0.0,-69.9,-69.9,0.0,0,0
00000000-0000-0000-0000-0000000069a2,Synthetic Dev 27,synth_dev_27@devalign.research,00000000-0000-0000-0000-000000020f82,Synthetic Task 27,00000000-0000-0000-0000-00000000755a,Synthetic Project 3,6.8,UNAVAILABLE,0.0,86.3,7,805.0,2.0,2,OVERLOADED,3,39.2,HIGH,3,MEDIUM,2,TODO,1,0,0.0,81.5,0.0,-81.5,-81.5,0.0,0,0
00000000-0000-0000-0000-00000000bf92,Synthetic Dev 49,synth_dev_49@devalign.research,00000000-0000-0000-0000-0000000186ca,Synthetic Task 20,00000000-0000-0000-0000-00000000273a,Synthetic Project 1,2.2,AVAILABLE,1.0,87.9,7,91.8,40.0,4,HIGH,2,13.3,LOW,1,CRITICAL,4,TODO,3,2,0.6667,69.5,40.6,-28.9,-81.8,55.74,0,0
00000000-0000-0000-0000-000000008112,Synthetic Dev 33,synth_dev_33@devalign.research,00000000-0000-0000-0000-000000015fba,Synthetic Task 18,00000000-0000-0000-0000-000000009c6a,Synthetic Project 4,10.2,PARTIAL,0.5,97.5,6,144.5,20.0,4,OVERLOADED,3,23.0,MEDIUM,2,HIGH,3,TODO,4,1,0.25,75.42,15.22,-60.2,-85.5,21.91,0,0
00000000-0000-0000-0000-00000000561a,Synthetic Dev 22,synth_dev_22@devalign.research,00000000-0000-0000-0000-000000004e4a,Synthetic Task 4,00000000-0000-0000-0000-00000000c37a,Synthetic Project 5,2.8,PARTIAL,0.5,74.0,3,134.0,20.0,3,OVERLOADED,3,37.8,HIGH,3,HIGH,3,TODO,1,1,1.0,59.2,84.2,25.0,25.0,100.0,0,0
00000000-0000-0000-0000-000000003ac2,Synthetic Dev 15,synth_dev_15@devalign.research,00000000-0000-0000-0000-000000023692,Synthetic Task 29,00000000-0000-0000-0000-00000000c37a,Synthetic Project 5,13.9,AVAILABLE,1.0,91.5,6,19.5,40.0,1,AVAILABLE,0,15.2,MEDIUM,2,MEDIUM,2,TODO,3,1,0.3333,75.5,19.17,-56.33,-83.2,31.79,0,0
00000000-0000-0000-0000-00000000a052,Synthetic Dev 41,synth_dev_41@devalign.research,00000000-0000-0000-0000-000000020f82,Synthetic Task 27,00000000-0000-0000-0000-00000000755a,Synthetic Project 3,1.6,AVAILABLE,1.0,84.7,5,14.3,40.0,1,AVAILABLE,0,39.2,HIGH,3,MEDIUM,2,TODO,1,1,1.0,81.5,85.2,3.7,3.7,100.0,0,1
00000000-0000-0000-0000-00000000a822,Synthetic Dev 43,synth_dev_43@devalign.research,00000000-0000-0000-0000-00000001e872,Synthetic Task 25,00000000-0000-0000-0000-00000000273a,Synthetic Project 1,13.3,PARTIAL,0.5,65.5,6,135.0,20.0,3,OVERLOADED,3,5.2,MEDIUM,2,HIGH,3,TODO,4,1,0.25,82.55,13.28,-69.27,-86.1,15.94,0,0
00000000-0000-0000-0000-00000000bf92,Synthetic Dev 49,synth_dev_49@devalign.research,00000000-0000-0000-0000-0000000138aa,Synthetic Task 16,00000000-0000-0000-0000-000000004e4a,Synthetic Project 2,2.2,AVAILABLE,1.0,87.9,7,91.8,40.0,4,HIGH,2,59.4,MEDIUM,2,CRITICAL,4,TODO,2,1,0.5,71.8,45.8,-26.0,-88.6,50.0,0,0
00000000-0000-0000-0000-000000000be2,Synthetic Dev 3,synth_dev_3@devalign.research,00000000-0000-0000-0000-00000000273a,Synthetic Task 2,00000000-0000-0000-0000-00000000755a,Synthetic Project 3,9.3,PARTIAL,0.5,89.7,6,131.5,20.0,3,OVERLOADED,3,54.9,HIGH,3,MEDIUM,2,TODO,2,1,0.5,59.45,43.8,-15.65,-62.3,50.0,0,0
00000000-0000-0000-0000-000000002352,Synthetic Dev 9,synth_dev_9@devalign.research,00000000-0000-0000-0000-00000000aff2,Synthetic Task 9,00000000-0000-0000-0000-00000000c37a,Synthetic Project 5,14.3,UNAVAILABLE,0.0,94.7,6,0.0,2.0,0,AVAILABLE,0,34.8,LOW,1,HIGH,3,TODO,3,1,0.3333,69.47,29.03,-40.43,-75.2,33.33,0,0
00000000-0000-0000-0000-00000000bbaa,Synthetic Dev 48,synth_dev_48@devalign.research,00000000-0000-0000-0000-00000001adda,Synthetic Task 22,00000000-0000-0000-0000-00000000755a,Synthetic Project 3,14.1,PARTIAL,0.5,75.5,3,0.0,20.0,0,AVAILABLE,0,31.9,HIGH,3,MEDIUM,2,TODO,2,0,0.0,71.95,0.0,-71.95,-75.5,0.0,0,0
00000000-0000-0000-0000-000000008112,Synthetic Dev 33,synth_dev_33@devalign.research,00000000-0000-0000-0000-00000001119a,Synthetic Task 14,00000000-0000-0000-0000-00000000c37a,Synthetic Project 5,10.2,PARTIAL,0.5,97.5,6,144.5,20.0,4,OVERLOADED,3,52.5,HIGH,3,CRITICAL,4,TODO,4,2,0.5,68.72,31.27,-37.45,-68.2,41.32,0,0
00000000-0000-0000-0000-00000000a43a,Synthetic Dev 42,synth_dev_42@devalign.research,00000000-0000-0000-0000-00000001fbfa,Synthetic Task 26,00000000-0000-0000-0000-000000004e4a,Synthetic Project 2,2.0,PARTIAL,0.5,96.3,6,149.5,20.0,3,OVERLOADED,3,16.3,LOW,1,HIGH,3,TODO,2,1,0.5,77.95,34.25,-43.7,-77.1,43.46,0,0
00000000-0000-0000-0000-000000006d8a,Synthetic Dev 28,synth_dev_28@devalign.research,00000000-0000-0000-0000-00000001e872,Synthetic Task 25,00000000-0000-0000-0000-00000000273a,Synthetic Project 1,13.9,UNAVAILABLE,0.0,81.8,5,0.0,2.0,0,AVAILABLE,0,5.2,MEDIUM,2,HIGH,3,TODO,4,2,0.5,82.55,35.33,-47.22,-83.3,42.54,0,0
00000000-0000-0000-0000-000000001b82,Synthetic Dev 7,synth_dev_7@devalign.research,00000000-0000-0000-0000-00000000755a,Synthetic Task 6,00000000-0000-0000-0000-000000004e4a,Synthetic Project 2,9.1,PARTIAL,0.5,75.1,3,118.0,20.0,2,OVERLOADED,3,39.5,LOW,1,CRITICAL,4,TODO,4,1,0.25,71.9,20.0,-51.9,-84.3,25.0,0,0
00000000-0000-0000-0000-0000000032f2,Synthetic Dev 13,synth_dev_13@devalign.research,00000000-0000-0000-0000-00000001d4ea,Synthetic Task 24,00000000-0000-0000-0000-00000000c37a,Synthetic Project 5,6.5,PARTIAL,0.5,92.1,3,0.0,20.0,0,AVAILABLE,0,29.6,MEDIUM,2,HIGH,3,TODO,3,1,0.3333,61.33,12.37,-48.97,-64.4,18.94,1,0
00000000-0000-0000-0000-000000002f0a,Synthetic Dev 12,synth_dev_12@devalign.research,00000000-0000-0000-0000-00000001adda,Synthetic Task 22,00000000-0000-0000-0000-00000000755a,Synthetic Project 3,13.0,AVAILABLE,1.0,58.0,6,17.2,40.0,1,AVAILABLE,0,31.9,HIGH,3,MEDIUM,2,TODO,2,1,0.5,71.95,30.35,-41.6,-68.4,40.2,0,0
00000000-0000-0000-0000-00000000a43a,Synthetic Dev 42,synth_dev_42@devalign.research,00000000-0000-0000-0000-000000020f82,Synthetic Task 27,00000000-0000-0000-0000-00000000755a,Synthetic Project 3,2.0,PARTIAL,0.5,96.3,6,149.5,20.0,3,OVERLOADED,3,39.2,HIGH,3,MEDIUM,2,TODO,1,1,1.0,81.5,68.5,-13.0,-13.0,84.05,0,0
00000000-0000-0000-0000-000000006d8a,Synthetic Dev 28,synth_dev_28@devalign.research,00000000-0000-0000-0000-0000000013b2,Synthetic Task 1,00000000-0000-0000-0000-000000004e4a,Synthetic Project 2,13.9,UNAVAILABLE,0.0,81.8,5,0.0,2.0,0,AVAILABLE,0,8.0,HIGH,3,CRITICAL,4,TODO,2,2,1.0,69.4,60.3,-9.1,-17.2,87.28,0,0
00000000-0000-0000-0000-00000000179a,Synthetic Dev 6,synth_dev_6@devalign.research,00000000-0000-0000-0000-00000001119a,Synthetic Task 14,00000000-0000-0000-0000-00000000c37a,Synthetic Project 5,7.2,UNAVAILABLE,0.0,66.4,7,510.0,2.0,1,OVERLOADED,3,52.5,HIGH,3,CRITICAL,4,TODO,4,3,0.75,68.72,41.33,-27.4,-71.7,58.91,0,0
00000000-0000-0000-0000-0000000069a2,Synthetic Dev 27,synth_dev_27@devalign.research,00000000-0000-0000-0000-00000000273a,Synthetic Task 2,00000000-0000-0000-0000-00000000755a,Synthetic Project 3,6.8,UNAVAILABLE,0.0,86.3,7,805.0,2.0,2,OVERLOADED,3,54.9,HIGH,3,MEDIUM,2,TODO,2,2,1.0,59.45,70.85,11.4,7.2,100.0,1,0
00000000-0000-0000-0000-0000000013b2,Synthetic Dev 5,synth_dev_5@devalign.research,00000000-0000-0000-0000-00000002230a,Synthetic Task 28,00000000-0000-0000-0000-000000009c6a,Synthetic Project 4,4.0,UNAVAILABLE,0.0,74.9,7,1195.0,2.0,2,OVERLOADED,3,45.0,LOW,1,HIGH,3,TODO,1,0,0.0,63.1,0.0,-63.1,-63.1,0.0,0,0
00000000-0000-0000-0000-0000000036da,Synthetic Dev 14,synth_dev_14@devalign.research,00000000-0000-0000-0000-000000017342,Synthetic Task 19,00000000-0000-0000-0000-00000000c37a,Synthetic Project 5,7.0,UNAVAILABLE,0.0,73.1,3,825.0,2.0,2,OVERLOADED,3,17.1,HIGH,3,LOW,1,TODO,3,1,0.3333,82.57,28.1,-54.47,-89.1,33.33,0,0
00000000-0000-0000-0000-00000000b3da,Synthetic Dev 46,synth_dev_46@devalign.research,00000000-0000-0000-0000-00000001e872,Synthetic Task 25,00000000-0000-0000-0000-00000000273a,Synthetic Project 1,4.5,PARTIAL,0.5,80.4,3,183.5,20.0,4,OVERLOADED,3,5.2,MEDIUM,2,HIGH,3,TODO,4,2,0.5,82.55,31.4,-51.15,-86.1,39.0,0,0
00000000-0000-0000-0000-000000008cca,Synthetic Dev 36,synth_dev_36@devalign.research,00000000-0000-0000-0000-0000000186ca,Synthetic Task 20,00000000-0000-0000-0000-00000000273a,Synthetic Project 1,13.5,UNAVAILABLE,0.0,76.0,3,805.0,2.0,2,OVERLOADED,3,13.3,LOW,1,CRITICAL,4,TODO,3,2,0.6667,69.5,58.13,-11.37,-81.8,66.67,0,0
00000000-0000-0000-0000-000000003ac2,Synthetic Dev 15,synth_dev_15@devalign.research,00000000-0000-0000-0000-000000017342,Synthetic Task 19,00000000-0000-0000-0000-00000000c37a,Synthetic Project 5,13.9,AVAILABLE,1.0,91.5,6,19.5,40.0,1,AVAILABLE,0,17.1,HIGH,3,LOW,1,TODO,3,3,1.0,82.57,66.93,-15.63,-31.0,78.16,0,0
00000000-0000-0000-0000-0000000088e2,Synthetic Dev 35,synth_dev_35@devalign.research,00000000-0000-0000-0000-00000001adda,Synthetic Task 22,00000000-0000-0000-0000-00000000755a,Synthetic Project 3,6.4,PARTIAL,0.5,78.3,6,81.5,20.0,3,HIGH,2,31.9,HIGH,3,MEDIUM,2,TODO,2,1,0.5,71.95,42.15,-29.8,-68.4,50.0,0,0
00000000-0000-0000-0000-000000005232,Synthetic Dev 21,synth_dev_21@devalign.research,00000000-0000-0000-0000-000000023692,Synthetic Task 29,00000000-0000-0000-0000-00000000c37a,Synthetic Project 5,9.7,UNAVAILABLE,0.0,66.4,3,1015.0,2.0,3,OVERLOADED,3,15.2,MEDIUM,2,MEDIUM,2,TODO,3,1,0.3333,75.5,12.83,-62.67,-83.2,15.46,0,0
00000000-0000-0000-0000-0000000061d2,Synthetic Dev 25,synth_dev_25@devalign.research,00000000-0000-0000-0000-00000001119a,Synthetic Task 14,00000000-0000-0000-0000-00000000c37a,Synthetic Project 5,2.8,PARTIAL,0.5,85.2,6,166.5,20.0,3,OVERLOADED,3,52.5,HIGH,3,CRITICAL,4,TODO,4,2,0.5,68.72,26.0,-42.73,-72.1,38.61,0,0
00000000-0000-0000-0000-000000002b22,Synthetic Dev 11,synth_dev_11@devalign.research,00000000-0000-0000-0000-000000017342,Synthetic Task 19,00000000-0000-0000-0000-00000000c37a,Synthetic Project 5,14.9,PARTIAL,0.5,82.9,6,169.5,20.0,3,OVERLOADED,3,17.1,HIGH,3,LOW,1,TODO,3,3,1.0,82.57,52.7,-29.87,-44.1,64.25,0,0
00000000-0000-0000-0000-00000000273a,Synthetic Dev 10,synth_dev_10@devalign.research,00000000-0000-0000-0000-0000000088e2,Synthetic Task 7,00000000-0000-0000-0000-00000000755a,Synthetic Project 3,11.6,UNAVAILABLE,0.0,60.5,4,1745.0,2.0,3,OVERLOADED,3,20.1,HIGH,3,CRITICAL,4,TODO,4,1,0.25,70.12,19.77,-50.35,-88.8,25.0,0,0
00000000-0000-0000-0000-000000005232,Synthetic Dev 21,synth_dev_21@devalign.research,00000000-0000-0000-0000-00000000fe12,Synthetic Task 13,00000000-0000-0000-0000-000000009c6a,Synthetic Project 4,9.7,UNAVAILABLE,0.0,66.4,3,1015.0,2.0,3,OVERLOADED,3,52.4,HIGH,3,MEDIUM,2,TODO,3,2,0.6667,68.67,30.07,-38.6,-61.3,41.55,0,0
00000000-0000-0000-0000-000000004e4a,Synthetic Dev 20,synth_dev_20@devalign.research,00000000-0000-0000-0000-0000000088e2,Synthetic Task 7,00000000-0000-0000-0000-00000000755a,Synthetic Project 3,4.8,UNAVAILABLE,0.0,83.5,3,345.0,2.0,1,OVERLOADED,3,20.1,HIGH,3,CRITICAL,4,TODO,4,1,0.25,70.12,12.07,-58.05,-88.8,19.29,0,0
00000000-0000-0000-0000-0000000069a2,Synthetic Dev 27,synth_dev_27@devalign.research,00000000-0000-0000-0000-00000001e872,Synthetic Task 25,00000000-0000-0000-0000-00000000273a,Synthetic Project 1,6.8,UNAVAILABLE,0.0,86.3,7,805.0,2.0,2,OVERLOADED,3,5.2,MEDIUM,2,HIGH,3,TODO,4,1,0.25,82.55,19.48,-63.07,-86.1,23.38,0,0
00000000-0000-0000-0000-0000000069a2,Synthetic Dev 27,synth_dev_27@devalign.research,00000000-0000-0000-0000-00000001c162,Synthetic Task 23,00000000-0000-0000-0000-000000009c6a,Synthetic Project 4,6.8,UNAVAILABLE,0.0,86.3,7,805.0,2.0,2,OVERLOADED,3,54.3,HIGH,3,LOW,1,TODO,4,2,0.5,70.15,42.25,-27.9,-67.7,50.0,0,0
00000000-0000-0000-0000-0000000088e2,Synthetic Dev 35,synth_dev_35@devalign.research,00000000-0000-0000-0000-00000001119a,Synthetic Task 14,00000000-0000-0000-0000-00000000c37a,Synthetic Project 5,6.4,PARTIAL,0.5,78.3,6,81.5,20.0,3,HIGH,2,52.5,HIGH,3,CRITICAL,4,TODO,4,2,0.5,68.72,35.7,-33.02,-71.7,47.54,0,0
00000000-0000-0000-0000-000000001b82,Synthetic Dev 7,synth_dev_7@devalign.research,00000000-0000-0000-0000-00000001fbfa,Synthetic Task 26,00000000-0000-0000-0000-000000004e4a,Synthetic Project 2,9.1,PARTIAL,0.5,75.1,3,118.0,20.0,2,OVERLOADED,3,16.3,LOW,1,HIGH,3,TODO,2,1,0.5,77.95,24.55,-53.4,-77.1,31.15,0,0
00000000-0000-0000-0000-0000000013b2,Synthetic Dev 5,synth_dev_5@devalign.research,00000000-0000-0000-0000-00000000fe12,Synthetic Task 13,00000000-0000-0000-0000-000000009c6a,Synthetic Project 4,4.0,UNAVAILABLE,0.0,74.9,7,1195.0,2.0,2,OVERLOADED,3,52.4,HIGH,3,MEDIUM,2,TODO,3,1,0.3333,68.67,14.57,-54.1,-82.8,23.76,0,0
00000000-0000-0000-0000-000000002b22,Synthetic Dev 11,synth_dev_11@devalign.research,00000000-0000-0000-0000-0000000013b2,Synthetic Task 1,00000000-0000-0000-0000-000000004e4a,Synthetic Project 2,14.9,PARTIAL,0.5,82.9,6,169.5,20.0,3,OVERLOADED,3,8.0,HIGH,3,CRITICAL,4,TODO,2,1,0.5,69.4,22.5,-46.9,-67.0,31.34,0,0
00000000-0000-0000-0000-000000002b22,Synthetic Dev 11,synth_dev_11@devalign.research,00000000-0000-0000-0000-000000015fba,Synthetic Task 18,00000000-0000-0000-0000-000000009c6a,Synthetic Project 4,14.9,PARTIAL,0.5,82.9,6,169.5,20.0,3,OVERLOADED,3,23.0,MEDIUM,2,HIGH,3,TODO,4,3,0.75,75.42,46.02,-29.4,-85.5,63.64,0,0
00000000-0000-0000-0000-000000003ac2,Synthetic Dev 15,synth_dev_15@devalign.research,00000000-0000-0000-0000-00000000755a,Synthetic Task 6,00000000-0000-0000-0000-000000004e4a,Synthetic Project 2,13.9,AVAILABLE,1.0,91.5,6,19.5,40.0,1,AVAILABLE,0,39.5,LOW,1,CRITICAL,4,TODO,4,3,0.75,71.9,61.45,-10.45,-84.3,73.54,0,0
00000000-0000-0000-0000-00000000bbaa,Synthetic Dev 48,synth_dev_48@devalign.research,00000000-0000-0000-0000-00000000fe12,Synthetic Task 13,00000000-0000-0000-0000-000000009c6a,Synthetic Project 4,14.1,PARTIAL,0.5,75.5,3,0.0,20.0,0,AVAILABLE,0,52.4,HIGH,3,MEDIUM,2,TODO,3,0,0.0,68.67,0.0,-68.67,-82.8,0.0,0,0
00000000-0000-0000-0000-00000000b3da,Synthetic Dev 46,synth_dev_46@devalign.research,00000000-0000-0000-0000-0000000061d2,Synthetic Task 5,00000000-0000-0000-0000-00000000273a,Synthetic Project 1,4.5,PARTIAL,0.5,80.4,3,183.5,20.0,4,OVERLOADED,3,60.0,HIGH,3,LOW,1,TODO,3,1,0.3333,77.17,25.33,-51.83,-86.6,33.33,0,0
00000000-0000-0000-0000-000000009882,Synthetic Dev 39,synth_dev_39@devalign.research,00000000-0000-0000-0000-00000000273a,Synthetic Task 2,00000000-0000-0000-0000-00000000755a,Synthetic Project 3,14.3,AVAILABLE,1.0,63.6,4,0.0,40.0,0,AVAILABLE,0,54.9,HIGH,3,MEDIUM,2,TODO,2,1,0.5,59.45,23.35,-36.1,-62.3,41.25,0,0
00000000-0000-0000-0000-000000005a02,Synthetic Dev 23,synth_dev_23@devalign.research,00000000-0000-0000-0000-000000015fba,Synthetic Task 18,00000000-0000-0000-0000-000000009c6a,Synthetic Project 4,1.1,AVAILABLE,1.0,70.7,4,0.0,40.0,0,AVAILABLE,0,23.0,MEDIUM,2,HIGH,3,TODO,4,3,0.75,75.42,64.72,-10.7,-71.6,75.0,0,0
00000000-0000-0000-0000-0000000069a2,Synthetic Dev 27,synth_dev_27@devalign.research,00000000-0000-0000-0000-000000015fba,Synthetic Task 18,00000000-0000-0000-0000-000000009c6a,Synthetic Project 4,6.8,UNAVAILABLE,0.0,86.3,7,805.0,2.0,2,OVERLOADED,3,23.0,MEDIUM,2,HIGH,3,TODO,4,4,1.0,75.42,73.83,-1.6,-27.5,88.2,0,0
00000000-0000-0000-0000-00000000561a,Synthetic Dev 22,synth_dev_22@devalign.research,00000000-0000-0000-0000-00000000fe12,Synthetic Task 13,00000000-0000-0000-0000-000000009c6a,Synthetic Project 4,2.8,PARTIAL,0.5,74.0,3,134.0,20.0,3,OVERLOADED,3,52.4,HIGH,3,MEDIUM,2,TODO,3,0,0.0,68.67,0.0,-68.67,-82.8,0.0,0,0
00000000-0000-0000-0000-00000000bbaa,Synthetic Dev 48,synth_dev_48@devalign.research,00000000-0000-0000-0000-000000024a1a,Synthetic Task 30,00000000-0000-0000-0000-00000000273a,Synthetic Project 1,14.1,PARTIAL,0.5,75.5,3,0.0,20.0,0,AVAILABLE,0,45.8,MEDIUM,2,HIGH,3,TODO,3,1,0.3333,76.23,13.23,-63.0,-88.7,15.68,0,0
00000000-0000-0000-0000-000000007172,Synthetic Dev 29,synth_dev_29@devalign.research,00000000-0000-0000-0000-000000017342,Synthetic Task 19,00000000-0000-0000-0000-00000000c37a,Synthetic Project 5,13.6,UNAVAILABLE,0.0,81.5,3,785.0,2.0,2,OVERLOADED,3,17.1,HIGH,3,LOW,1,TODO,3,1,0.3333,82.57,24.2,-58.37,-80.4,27.16,0,0
00000000-0000-0000-0000-00000000949a,Synthetic Dev 38,synth_dev_38@devalign.research,00000000-0000-0000-0000-00000001fbfa,Synthetic Task 26,00000000-0000-0000-0000-000000004e4a,Synthetic Project 2,3.6,PARTIAL,0.5,69.1,6,104.0,20.0,3,OVERLOADED,3,16.3,LOW,1,HIGH,3,TODO,2,2,1.0,77.95,33.0,-44.95,-45.4,42.33,0,0
00000000-0000-0000-0000-000000000412,Synthetic Dev 1,synth_dev_1@devalign.research,00000000-0000-0000-0000-000000004e4a,Synthetic Task 4,00000000-0000-0000-0000-00000000c37a,Synthetic Project 5,2.1,UNAVAILABLE,0.0,86.9,3,330.0,2.0,1,OVERLOADED,3,37.8,HIGH,3,HIGH,3,TODO,1,1,1.0,59.2,36.1,-23.1,-23.1,60.98,0,0
00000000-0000-0000-0000-0000000090b2,Synthetic Dev 37,synth_dev_37@devalign.research,00000000-0000-0000-0000-00000000d702,Synthetic Task 11,00000000-0000-0000-0000-000000004e4a,Synthetic Project 2,8.2,UNAVAILABLE,0.0,94.0,3,1790.0,2.0,4,OVERLOADED,3,29.8,LOW,1,LOW,1,TODO,1,1,1.0,69.9,46.9,-23.0,-23.0,67.1,0,0
00000000-0000-0000-0000-00000000561a,Synthetic Dev 22,synth_dev_22@devalign.research,00000000-0000-0000-0000-00000001fbfa,Synthetic Task 26,00000000-0000-0000-0000-000000004e4a,Synthetic Project 2,2.8,PARTIAL,0.5,74.0,3,134.0,20.0,3,OVERLOADED,3,16.3,LOW,1,HIGH,3,TODO,2,0,0.0,77.95,0.0,-77.95,-78.8,0.0,1,0
00000000-0000-0000-0000-000000006d8a,Synthetic Dev 28,synth_dev_28@devalign.research,00000000-0000-0000-0000-000000023692,Synthetic Task 29,00000000-0000-0000-0000-00000000c37a,Synthetic Project 5,13.9,UNAVAILABLE,0.0,81.8,5,0.0,2.0,0,AVAILABLE,0,15.2,MEDIUM,2,MEDIUM,2,TODO,3,2,0.6667,75.5,47.1,-28.4,-60.3,56.67,0,0
00000000-0000-0000-0000-000000006d8a,Synthetic Dev 28,synth_dev_28@devalign.research,00000000-0000-0000-0000-00000001adda,Synthetic Task 22,00000000-0000-0000-0000-00000000755a,Synthetic Project 3,13.9,UNAVAILABLE,0.0,81.8,5,0.0,2.0,0,AVAILABLE,0,31.9,HIGH,3,MEDIUM,2,TODO,2,1,0.5,71.95,27.3,-44.65,-68.4,36.16,0,0
00000000-0000-0000-0000-0000000013b2,Synthetic Dev 5,synth_dev_5@devalign.research,00000000-0000-0000-0000-000000020f82,Synthetic Task 27,00000000-0000-0000-0000-00000000755a,Synthetic Project 3,4.0,UNAVAILABLE,0.0,74.9,7,1195.0,2.0,2,OVERLOADED,3,39.2,HIGH,3,MEDIUM,2,TODO,1,0,0.0,81.5,0.0,-81.5,-81.5,0.0,0,0
00000000-0000-0000-0000-000000004292,Synthetic Dev 17,synth_dev_17@devalign.research,00000000-0000-0000-0000-00000000d702,Synthetic Task 11,00000000-0000-0000-0000-000000004e4a,Synthetic Project 2,13.8,UNAVAILABLE,0.0,77.8,3,0.0,2.0,0,AVAILABLE,0,29.8,LOW,1,LOW,1,TODO,1,1,1.0,69.9,73.9,4.0,4.0,100.0,0,0
00000000-0000-0000-0000-00000000a822,Synthetic Dev 43,synth_dev_43@devalign.research,00000000-0000-0000-0000-000000017342,Synthetic Task 19,00000000-0000-0000-0000-00000000c37a,Synthetic Project 5,13.3,PARTIAL,0.5,65.5,6,135.0,20.0,3,OVERLOADED,3,17.1,HIGH,3,LOW,1,TODO,3,2,0.6667,82.57,45.13,-37.43,-89.1,53.88,0,0
00000000-0000-0000-0000-00000000179a,Synthetic Dev 6,synth_dev_6@devalign.research,00000000-0000-0000-0000-00000000273a,Synthetic Task 2,00000000-0000-0000-0000-00000000755a,Synthetic Project 3,7.2,UNAVAILABLE,0.0,66.4,7,510.0,2.0,1,OVERLOADED,3,54.9,HIGH,3,MEDIUM,2,TODO,2,1,0.5,59.45,40.75,-18.7,-62.3,50.0,0,0
00000000-0000-0000-0000-00000000b7c2,Synthetic Dev 47,synth_dev_47@devalign.research,00000000-0000-0000-0000-00000001adda,Synthetic Task 22,00000000-0000-0000-0000-00000000755a,Synthetic Project 3,4.5,AVAILABLE,1.0,96.9,4,70.5,40.0,4,BALANCED,1,31.9,HIGH,3,MEDIUM,2,TODO,2,1,0.5,71.95,24.25,-47.7,-75.5,35.45,0,0
00000000-0000-0000-0000-00000000755a,Synthetic Dev 30,synth_dev_30@devalign.research,00000000-0000-0000-0000-000000009c6a,Synthetic Task 8,00000000-0000-0000-0000-000000009c6a,Synthetic Project 4,6.9,PARTIAL,0.5,84.1,4,166.0,20.0,4,OVERLOADED,3,40.8,HIGH,3,LOW,1,TODO,4,2,0.5,75.05,30.85,-44.2,-75.0,38.39,0,0
00000000-0000-0000-0000-0000000065ba,Synthetic Dev 26,synth_dev_26@devalign.research,00000000-0000-0000-0000-00000000ea8a,Synthetic Task 12,00000000-0000-0000-0000-00000000755a,Synthetic Project 3,9.8,PARTIAL,0.5,72.2,3,146.5,20.0,4,OVERLOADED,3,32.5,HIGH,3,HIGH,3,TODO,3,0,0.0,65.7,0.0,-65.7,-72.1,0.0,0,0
00000000-0000-0000-0000-000000004e4a,Synthetic Dev 20,synth_dev_20@devalign.research,00000000-0000-0000-0000-00000000fe12,Synthetic Task 13,00000000-0000-0000-0000-000000009c6a,Synthetic Project 4,4.8,UNAVAILABLE,0.0,83.5,3,345.0,2.0,1,OVERLOADED,3,52.4,HIGH,3,MEDIUM,2,TODO,3,1,0.3333,68.67,17.43,-51.23,-82.8,28.16,0,0
00000000-0000-0000-0000-00000000755a,Synthetic Dev 30,synth_dev_30@devalign.research,00000000-0000-0000-0000-000000015fba,Synthetic Task 18,00000000-0000-0000-0000-000000009c6a,Synthetic Project 4,6.9,PARTIAL,0.5,84.1,4,166.0,20.0,4,OVERLOADED,3,23.0,MEDIUM,2,HIGH,3,TODO,4,2,0.5,75.42,39.23,-36.2,-71.6,46.55,0,0
00000000-0000-0000-0000-00000000a822,Synthetic Dev 43,synth_dev_43@devalign.research,00000000-0000-0000-0000-00000001d4ea,Synthetic Task 24,00000000-0000-0000-0000-00000000c37a,Synthetic Project 5,13.3,PARTIAL,0.5,65.5,6,135.0,20.0,3,OVERLOADED,3,29.6,MEDIUM,2,HIGH,3,TODO,3,2,0.6667,61.33,31.67,-29.67,-54.3,48.83,0,0
00000000-0000-0000-0000-00000000c37a,Synthetic Dev 50,synth_dev_50@devalign.research,00000000-0000-0000-0000-000000017342,Synthetic Task 19,00000000-0000-0000-0000-00000000c37a,Synthetic Project 5,1.7,UNAVAILABLE,0.0,65.3,3,1105.0,2.0,4,OVERLOADED,3,17.1,HIGH,3,LOW,1,TODO,3,1,0.3333,82.57,16.3,-66.27,-89.1,20.84,0,0
00000000-0000-0000-0000-000000000be2,Synthetic Dev 3,synth_dev_3@devalign.research,00000000-0000-0000-0000-000000003ac2,Synthetic Task 3,00000000-0000-0000-0000-000000009c6a,Synthetic Project 4,9.3,PARTIAL,0.5,89.7,6,131.5,20.0,3,OVERLOADED,3,28.6,HIGH,3,HIGH,3,TODO,4,3,0.75,74.65,39.3,-35.35,-73.9,51.04,0,0
00000000-0000-0000-0000-00000000467a,Synthetic Dev 18,synth_dev_18@devalign.research,00000000-0000-0000-0000-000000014c32,Synthetic Task 17,00000000-0000-0000-0000-00000000755a,Synthetic Project 3,4.1,UNAVAILABLE,0.0,80.6,7,1115.0,2.0,4,OVERLOADED,3,53.0,MEDIUM,2,LOW,1,TODO,4,3,0.75,69.43,39.88,-29.55,-56.2,49.53,0,0
00000000-0000-0000-0000-00000000179a,Synthetic Dev 6,synth_dev_6@devalign.research,00000000-0000-0000-0000-00000001fbfa,Synthetic Task 26,00000000-0000-0000-0000-000000004e4a,Synthetic Project 2,7.2,UNAVAILABLE,0.0,66.4,7,510.0,2.0,1,OVERLOADED,3,16.3,LOW,1,HIGH,3,TODO,2,1,0.5,77.95,17.95,-60.0,-77.1,22.78,0,0
00000000-0000-0000-0000-000000002f0a,Synthetic Dev 12,synth_dev_12@devalign.research,00000000-0000-0000-0000-00000001c162,Synthetic Task 23,00000000-0000-0000-0000-000000009c6a,Synthetic Project 4,13.0,AVAILABLE,1.0,58.0,6,17.2,40.0,1,AVAILABLE,0,54.3,HIGH,3,LOW,1,TODO,4,3,0.75,70.15,49.95,-20.2,-75.6,63.4,0,0
00000000-0000-0000-0000-000000000be2,Synthetic Dev 3,synth_dev_3@devalign.research,00000000-0000-0000-0000-00000000755a,Synthetic Task 6,00000000-0000-0000-0000-000000004e4a,Synthetic Project 2,9.3,PARTIAL,0.5,89.7,6,131.5,20.0,3,OVERLOADED,3,39.5,LOW,1,CRITICAL,4,TODO,4,3,0.75,71.9,60.2,-11.7,-63.2,71.65,0,0
00000000-0000-0000-0000-00000000949a,Synthetic Dev 38,synth_dev_38@devalign.research,00000000-0000-0000-0000-00000000ea8a,Synthetic Task 12,00000000-0000-0000-0000-00000000755a,Synthetic Project 3,3.6,PARTIAL,0.5,69.1,6,104.0,20.0,3,OVERLOADED,3,32.5,HIGH,3,HIGH,3,TODO,3,1,0.3333,65.7,14.87,-50.83,-65.3,20.62,0,0
00000000-0000-0000-0000-000000004a62,Synthetic Dev 19,synth_dev_19@devalign.research,00000000-0000-0000-0000-00000001c162,Synthetic Task 23,00000000-0000-0000-0000-000000009c6a,Synthetic Project 4,15.0,UNAVAILABLE,0.0,97.8,7,0.0,2.0,0,AVAILABLE,0,54.3,HIGH,3,LOW,1,TODO,4,4,1.0,70.15,66.7,-3.45,-27.4,87.96,0,0
00000000-0000-0000-0000-00000000b3da,Synthetic Dev 46,synth_dev_46@devalign.research,00000000-0000-0000-0000-0000000088e2,Synthetic Task 7,00000000-0000-0000-0000-00000000755a,Synthetic Project 3,4.5,PARTIAL,0.5,80.4,3,183.5,20.0,4,OVERLOADED,3,20.1,HIGH,3,CRITICAL,4,TODO,4,1,0.25,70.12,19.0,-51.12,-88.8,25.0,0,0
00000000-0000-0000-0000-000000002352,Synthetic Dev 9,synth_dev_9@devalign.research,00000000-0000-0000-0000-000000012522,Synthetic Task 15,00000000-0000-0000-0000-00000000273a,Synthetic Project 1,14.3,UNAVAILABLE,0.0,94.7,6,0.0,2.0,0,AVAILABLE,0,36.0,LOW,1,MEDIUM,2,TODO,2,2,1.0,65.8,34.7,-31.1,-35.1,52.92,0,0
00000000-0000-0000-0000-000000003ac2,Synthetic Dev 15,synth_dev_15@devalign.research,00000000-0000-0000-0000-00000001c162,Synthetic Task 23,00000000-0000-0000-0000-000000009c6a,Synthetic Project 4,13.9,AVAILABLE,1.0,91.5,6,19.5,40.0,1,AVAILABLE,0,54.3,HIGH,3,LOW,1,TODO,4,1,0.25,70.15,20.25,-49.9,-73.5,25.0,0,0
00000000-0000-0000-0000-000000006d8a,Synthetic Dev 28,synth_dev_28@devalign.research,00000000-0000-0000-0000-000000012522,Synthetic Task 15,00000000-0000-0000-0000-00000000273a,Synthetic Project 1,13.9,UNAVAILABLE,0.0,81.8,5,0.0,2.0,0,AVAILABLE,0,36.0,LOW,1,MEDIUM,2,TODO,2,1,0.5,65.8,21.25,-44.55,-68.9,33.89,0,0
00000000-0000-0000-0000-00000000561a,Synthetic Dev 22,synth_dev_22@devalign.research,00000000-0000-0000-0000-000000014c32,Synthetic Task 17,00000000-0000-0000-0000-00000000755a,Synthetic Project 3,2.8,PARTIAL,0.5,74.0,3,134.0,20.0,3,OVERLOADED,3,53.0,MEDIUM,2,LOW,1,TODO,4,2,0.5,69.43,30.95,-38.48,-76.2,42.62,0,0
00000000-0000-0000-0000-000000001f6a,Synthetic Dev 8,synth_dev_8@devalign.research,00000000-0000-0000-0000-000000019a52,Synthetic Task 21,00000000-0000-0000-0000-000000004e4a,Synthetic Project 2,7.1,AVAILABLE,1.0,96.0,4,59.0,40.0,2,BALANCED,1,33.7,LOW,1,MEDIUM,2,TODO,2,0,0.0,69.0,0.0,-69.0,-84.8,0.0,0,0
00000000-0000-0000-0000-00000000c37a,Synthetic Dev 50,synth_dev_50@devalign.research,00000000-0000-0000-0000-000000015fba,Synthetic Task 18,00000000-0000-0000-0000-000000009c6a,Synthetic Project 4,1.7,UNAVAILABLE,0.0,65.3,3,1105.0,2.0,4,OVERLOADED,3,23.0,MEDIUM,2,HIGH,3,TODO,4,1,0.25,75.42,12.22,-63.2,-85.5,17.59,0,0
00000000-0000-0000-0000-000000008112,Synthetic Dev 33,synth_dev_33@devalign.research,00000000-0000-0000-0000-000000019a52,Synthetic Task 21,00000000-0000-0000-0000-000000004e4a,Synthetic Project 2,10.2,PARTIAL,0.5,97.5,6,144.5,20.0,4,OVERLOADED,3,33.7,LOW,1,MEDIUM,2,TODO,2,1,0.5,69.0,44.15,-24.85,-53.2,50.0,0,0
00000000-0000-0000-0000-000000004a62,Synthetic Dev 19,synth_dev_19@devalign.research,00000000-0000-0000-0000-00000000755a,Synthetic Task 6,00000000-0000-0000-0000-000000004e4a,Synthetic Project 2,15.0,UNAVAILABLE,0.0,97.8,7,0.0,2.0,0,AVAILABLE,0,39.5,LOW,1,CRITICAL,4,TODO,4,2,0.5,71.9,42.48,-29.42,-76.8,47.45,0,0
00000000-0000-0000-0000-000000003eaa,Synthetic Dev 16,synth_dev_16@devalign.research,00000000-0000-0000-0000-00000001c162,Synthetic Task 23,00000000-0000-0000-0000-000000009c6a,Synthetic Project 4,10.1,UNAVAILABLE,0.0,75.9,3,355.0,2.0,1,OVERLOADED,3,54.3,HIGH,3,LOW,1,TODO,4,2,0.5,70.15,25.43,-44.72,-73.5,35.69,0,0
00000000-0000-0000-0000-0000000032f2,Synthetic Dev 13,synth_dev_13@devalign.research,00000000-0000-0000-0000-000000019a52,Synthetic Task 21,00000000-0000-0000-0000-000000004e4a,Synthetic Project 2,6.5,PARTIAL,0.5,92.1,3,0.0,20.0,0,AVAILABLE,0,33.7,LOW,1,MEDIUM,2,TODO,2,0,0.0,69.0,0.0,-69.0,-84.8,0.0,1,0
00000000-0000-0000-0000-00000000467a,Synthetic Dev 18,synth_dev_18@devalign.research,00000000-0000-0000-0000-000000009c6a,Synthetic Task 8,00000000-0000-0000-0000-000000009c6a,Synthetic Project 4,4.1,UNAVAILABLE,0.0,80.6,7,1115.0,2.0,4,OVERLOADED,3,40.8,HIGH,3,LOW,1,TODO,4,1,0.25,75.05,22.7,-52.35,-80.4,25.0,0,0
00000000-0000-0000-0000-000000003eaa,Synthetic Dev 16,synth_dev_16@devalign.research,00000000-0000-0000-0000-000000019a52,Synthetic Task 21,00000000-0000-0000-0000-000000004e4a,Synthetic Project 2,10.1,UNAVAILABLE,0.0,75.9,3,355.0,2.0,1,OVERLOADED,3,33.7,LOW,1,MEDIUM,2,TODO,2,1,0.5,69.0,39.3,-29.7,-53.2,46.34,0,0
00000000-0000-0000-0000-0000000084fa,Synthetic Dev 34,synth_dev_34@devalign.research,00000000-0000-0000-0000-00000000ea8a,Synthetic Task 12,00000000-0000-0000-0000-00000000755a,Synthetic Project 3,7.5,UNAVAILABLE,0.0,65.3,5,830.0,2.0,3,OVERLOADED,3,32.5,HIGH,3,HIGH,3,TODO,3,1,0.3333,65.7,14.63,-51.07,-72.1,22.41,0,0
00000000-0000-0000-0000-000000004a62,Synthetic Dev 19,synth_dev_19@devalign.research,00000000-0000-0000-0000-0000000088e2,Synthetic Task 7,00000000-0000-0000-0000-00000000755a,Synthetic Project 3,15.0,UNAVAILABLE,0.0,97.8,7,0.0,2.0,0,AVAILABLE,0,20.1,HIGH,3,CRITICAL,4,TODO,4,3,0.75,70.12,43.2,-26.93,-88.8,61.52,0,0
00000000-0000-0000-0000-00000000a43a,Synthetic Dev 42,synth_dev_42@devalign.research,00000000-0000-0000-0000-000000014c32,Synthetic Task 17,00000000-0000-0000-0000-00000000755a,Synthetic Project 3,2.0,PARTIAL,0.5,96.3,6,149.5,20.0,3,OVERLOADED,3,53.0,MEDIUM,2,LOW,1,TODO,4,2,0.5,69.43,33.65,-35.78,-78.9,41.7,0,0
00000000-0000-0000-0000-00000000561a,Synthetic Dev 22,synth_dev_22@devalign.research,00000000-0000-0000-0000-00000001e872,Synthetic Task 25,00000000-0000-0000-0000-00000000273a,Synthetic Project 1,2.8,PARTIAL,0.5,74.0,3,134.0,20.0,3,OVERLOADED,3,5.2,MEDIUM,2,HIGH,3,TODO,4,1,0.25,82.55,9.9,-72.65,-86.1,11.88,0,0
00000000-0000-0000-0000-000000003eaa,Synthetic Dev 16,synth_dev_16@devalign.research,00000000-0000-0000-0000-00000001fbfa,Synthetic Task 26,00000000-0000-0000-0000-000000004e4a,Synthetic Project 2,10.1,UNAVAILABLE,0.0,75.9,3,355.0,2.0,1,OVERLOADED,3,16.3,LOW,1,HIGH,3,TODO,2,1,0.5,77.95,39.3,-38.65,-78.8,50.0,0,0
00000000-0000-0000-0000-0000000090b2,Synthetic Dev 37,synth_dev_37@devalign.research,00000000-0000-0000-0000-00000000ea8a,Synthetic Task 12,00000000-0000-0000-0000-00000000755a,Synthetic Project 3,8.2,UNAVAILABLE,0.0,94.0,3,1790.0,2.0,4,OVERLOADED,3,32.5,HIGH,3,HIGH,3,TODO,3,1,0.3333,65.7,13.93,-51.77,-72.1,23.34,0,0
00000000-0000-0000-0000-00000000aff2,Synthetic Dev 45,synth_dev_45@devalign.research,00000000-0000-0000-0000-00000000273a,Synthetic Task 2,00000000-0000-0000-0000-00000000755a,Synthetic Project 3,7.4,PARTIAL,0.5,77.8,7,179.5,20.0,3,OVERLOADED,3,54.9,HIGH,3,MEDIUM,2,TODO,2,1,0.5,59.45,22.05,-37.4,-62.3,38.96,0,0
00000000-0000-0000-0000-00000000b7c2,Synthetic Dev 47,synth_dev_47@devalign.research,00000000-0000-0000-0000-00000001e872,Synthetic Task 25,00000000-0000-0000-0000-00000000273a,Synthetic Project 1,4.5,AVAILABLE,1.0,96.9,4,70.5,40.0,4,BALANCED,1,5.2,MEDIUM,2,HIGH,3,TODO,4,2,0.5,82.55,36.23,-46.32,-86.1,40.64,0,0
00000000-0000-0000-0000-0000000084fa,Synthetic Dev 34,synth_dev_34@devalign.research,00000000-0000-0000-0000-0000000013b2,Synthetic Task 1,00000000-0000-0000-0000-000000004e4a,Synthetic Project 2,7.5,UNAVAILABLE,0.0,65.3,5,830.0,2.0,3,OVERLOADED,3,8.0,HIGH,3,CRITICAL,4,TODO,2,2,1.0,69.4,37.5,-31.9,-36.6,54.21,0,0
00000000-0000-0000-0000-00000000273a,Synthetic Dev 10,synth_dev_10@devalign.research,00000000-0000-0000-0000-000000023692,Synthetic Task 29,00000000-0000-0000-0000-00000000c37a,Synthetic Project 5,11.6,UNAVAILABLE,0.0,60.5,4,1745.0,2.0,3,OVERLOADED,3,15.2,MEDIUM,2,MEDIUM,2,TODO,3,2,0.6667,75.5,56.5,-19.0,-60.3,65.02,0,0
00000000-0000-0000-0000-000000002b22,Synthetic Dev 11,synth_dev_11@devalign.research,00000000-0000-0000-0000-000000019a52,Synthetic Task 21,00000000-0000-0000-0000-000000004e4a,Synthetic Project 2,14.9,PARTIAL,0.5,82.9,6,169.5,20.0,3,OVERLOADED,3,33.7,LOW,1,MEDIUM,2,TODO,2,1,0.5,69.0,35.5,-33.5,-84.8,50.0,0,0
00000000-0000-0000-0000-0000000013b2,Synthetic Dev 5,synth_dev_5@devalign.research,00000000-0000-0000-0000-000000023692,Synthetic Task 29,00000000-0000-0000-0000-00000000c37a,Synthetic Project 5,4.0,UNAVAILABLE,0.0,74.9,7,1195.0,2.0,2,OVERLOADED,3,15.2,MEDIUM,2,MEDIUM,2,TODO,3,1,0.3333,75.5,18.57,-56.93,-83.2,30.79,0,0
00000000-0000-0000-0000-0000000088e2,Synthetic Dev 35,synth_dev_35@devalign.research,00000000-0000-0000-0000-000000004e4a,Synthetic Task 4,00000000-0000-0000-0000-00000000c37a,Synthetic Project 5,6.4,PARTIAL,0.5,78.3,6,81.5,20.0,3,HIGH,2,37.8,HIGH,3,HIGH,3,TODO,1,0,0.0,59.2,0.0,-59.2,-59.2,0.0,0,0
00000000-0000-0000-0000-000000005dea,Synthetic Dev 24,synth_dev_24@devalign.research,00000000-0000-0000-0000-00000001fbfa,Synthetic Task 26,00000000-0000-0000-0000-000000004e4a,Synthetic Project 2,13.0,AVAILABLE,1.0,97.0,3,28.0,40.0,1,AVAILABLE,0,16.3,LOW,1,HIGH,3,TODO,2,0,0.0,77.95,0.0,-77.95,-78.8,0.0,0,0
00000000-0000-0000-0000-000000001b82,Synthetic Dev 7,synth_dev_7@devalign.research,00000000-0000-0000-0000-00000002230a,Synthetic Task 28,00000000-0000-0000-0000-000000009c6a,Synthetic Project 4,9.1,PARTIAL,0.5,75.1,3,118.0,20.0,2,OVERLOADED,3,45.0,LOW,1,HIGH,3,TODO,1,1,1.0,63.1,49.1,-14.0,-14.0,77.81,0,0
00000000-0000-0000-0000-00000000467a,Synthetic Dev 18,synth_dev_18@devalign.research,00000000-0000-0000-0000-00000001fbfa,Synthetic Task 26,00000000-0000-0000-0000-000000004e4a,Synthetic Project 2,4.1,UNAVAILABLE,0.0,80.6,7,1115.0,2.0,4,OVERLOADED,3,16.3,LOW,1,HIGH,3,TODO,2,1,0.5,77.95,23.65,-54.3,-78.8,30.67,0,0
00000000-0000-0000-0000-00000000b3da,Synthetic Dev 46,synth_dev_46@devalign.research,00000000-0000-0000-0000-0000000186ca,Synthetic Task 20,00000000-0000-0000-0000-00000000273a,Synthetic Project 1,4.5,PARTIAL,0.5,80.4,3,183.5,20.0,4,OVERLOADED,3,13.3,LOW,1,CRITICAL,4,TODO,3,1,0.3333,69.5,25.33,-44.17,-81.8,33.33,0,0
00000000-0000-0000-0000-000000005a02,Synthetic Dev 23,synth_dev_23@devalign.research,00000000-0000-0000-0000-000000023692,Synthetic Task 29,00000000-0000-0000-0000-00000000c37a,Synthetic Project 5,1.1,AVAILABLE,1.0,70.7,4,0.0,40.0,0,AVAILABLE,0,15.2,MEDIUM,2,MEDIUM,2,TODO,3,0,0.0,75.5,0.0,-75.5,-83.2,0.0,0,0
00000000-0000-0000-0000-000000008112,Synthetic Dev 33,synth_dev_33@devalign.research,00000000-0000-0000-0000-00000001fbfa,Synthetic Task 26,00000000-0000-0000-0000-000000004e4a,Synthetic Project 2,10.2,PARTIAL,0.5,97.5,6,144.5,20.0,4,OVERLOADED,3,16.3,LOW,1,HIGH,3,TODO,2,2,1.0,77.95,67.2,-10.75,-32.7,79.25,0,0
00000000-0000-0000-0000-000000009882,Synthetic Dev 39,synth_dev_39@devalign.research,00000000-0000-0000-0000-00000002230a,Synthetic Task 28,00000000-0000-0000-0000-000000009c6a,Synthetic Project 4,14.3,AVAILABLE,1.0,63.6,4,0.0,40.0,0,AVAILABLE,0,45.0,LOW,1,HIGH,3,TODO,1,1,1.0,63.1,54.0,-9.1,-9.1,85.58,0,1
00000000-0000-0000-0000-00000000a822,Synthetic Dev 43,synth_dev_43@devalign.research,00000000-0000-0000-0000-0000000013b2,Synthetic Task 1,00000000-0000-0000-0000-000000004e4a,Synthetic Project 2,13.3,PARTIAL,0.5,65.5,6,135.0,20.0,3,OVERLOADED,3,8.0,HIGH,3,CRITICAL,4,TODO,2,0,0.0,69.4,0.0,-69.4,-71.8,0.0,0,0
00000000-0000-0000-0000-000000000412,Synthetic Dev 1,synth_dev_1@devalign.research,00000000-0000-0000-0000-00000001fbfa,Synthetic Task 26,00000000-0000-0000-0000-000000004e4a,Synthetic Project 2,2.1,UNAVAILABLE,0.0,86.9,3,330.0,2.0,1,OVERLOADED,3,16.3,LOW,1,HIGH,3,TODO,2,0,0.0,77.95,0.0,-77.95,-78.8,0.0,0,0
00000000-0000-0000-0000-00000000179a,Synthetic Dev 6,synth_dev_6@devalign.research,00000000-0000-0000-0000-0000000061d2,Synthetic Task 5,00000000-0000-0000-0000-00000000273a,Synthetic Project 1,7.2,UNAVAILABLE,0.0,66.4,7,510.0,2.0,1,OVERLOADED,3,60.0,HIGH,3,LOW,1,TODO,3,1,0.3333,77.17,23.6,-53.57,-76.1,27.25,0,0
00000000-0000-0000-0000-00000000755a,Synthetic Dev 30,synth_dev_30@devalign.research,00000000-0000-0000-0000-000000024a1a,Synthetic Task 30,00000000-0000-0000-0000-00000000273a,Synthetic Project 1,6.9,PARTIAL,0.5,84.1,4,166.0,20.0,4,OVERLOADED,3,45.8,MEDIUM,2,HIGH,3,TODO,3,1,0.3333,76.23,27.73,-48.5,-88.7,33.33,0,0
00000000-0000-0000-0000-0000000065ba,Synthetic Dev 26,synth_dev_26@devalign.research,00000000-0000-0000-0000-00000001e872,Synthetic Task 25,00000000-0000-0000-0000-00000000273a,Synthetic Project 1,9.8,PARTIAL,0.5,72.2,3,146.5,20.0,4,OVERLOADED,3,5.2,MEDIUM,2,HIGH,3,TODO,4,1,0.25,82.55,23.48,-59.07,-86.1,25.0,0,0
00000000-0000-0000-0000-000000000fca,Synthetic Dev 4,synth_dev_4@devalign.research,00000000-0000-0000-0000-000000024a1a,Synthetic Task 30,00000000-0000-0000-0000-00000000273a,Synthetic Project 1,12.9,AVAILABLE,1.0,92.3,5,52.0,40.0,3,BALANCED,1,45.8,MEDIUM,2,HIGH,3,TODO,3,2,0.6667,76.23,36.9,-39.33,-84.4,48.78,0,0
00000000-0000-0000-0000-000000002352,Synthetic Dev 9,synth_dev_9@devalign.research,00000000-0000-0000-0000-000000019a52,Synthetic Task 21,00000000-0000-0000-0000-000000004e4a,Synthetic Project 2,14.3,UNAVAILABLE,0.0,94.7,6,0.0,2.0,0,AVAILABLE,0,33.7,LOW,1,MEDIUM,2,TODO,2,1,0.5,69.0,30.8,-38.2,-84.8,50.0,0,0
00000000-0000-0000-0000-000000008112,Synthetic Dev 33,synth_dev_33@devalign.research,00000000-0000-0000-0000-00000001c162,Synthetic Task 23,00000000-0000-0000-0000-000000009c6a,Synthetic Project 4,10.2,PARTIAL,0.5,97.5,6,144.5,20.0,4,OVERLOADED,3,54.3,HIGH,3,LOW,1,TODO,4,2,0.5,70.15,31.1,-39.05,-75.6,42.02,0,0
00000000-0000-0000-0000-000000005232,Synthetic Dev 21,synth_dev_21@devalign.research,00000000-0000-0000-0000-0000000088e2,Synthetic Task 7,00000000-0000-0000-0000-00000000755a,Synthetic Project 3,9.7,UNAVAILABLE,0.0,66.4,3,1015.0,2.0,3,OVERLOADED,3,20.1,HIGH,3,CRITICAL,4,TODO,4,0,0.0,70.12,0.0,-70.12,-88.8,0.0,0,0
00000000-0000-0000-0000-000000007942,Synthetic Dev 31,synth_dev_31@devalign.research,00000000-0000-0000-0000-00000002230a,Synthetic Task 28,00000000-0000-0000-0000-000000009c6a,Synthetic Project 4,2.6,AVAILABLE,1.0,57.0,3,69.5,40.0,3,BALANCED,1,45.0,LOW,1,HIGH,3,TODO,1,0,0.0,63.1,0.0,-63.1,-63.1,0.0,1,0
00000000-0000-0000-0000-00000000b3da,Synthetic Dev 46,synth_dev_46@devalign.research,00000000-0000-0000-0000-000000019a52,Synthetic Task 21,00000000-0000-0000-0000-000000004e4a,Synthetic Project 2,4.5,PARTIAL,0.5,80.4,3,183.5,20.0,4,OVERLOADED,3,33.7,LOW,1,MEDIUM,2,TODO,2,1,0.5,69.0,38.0,-31.0,-53.2,44.81,0,0
00000000-0000-0000-0000-000000000412,Synthetic Dev 1,synth_dev_1@devalign.research,00000000-0000-0000-0000-00000000c37a,Synthetic Task 10,00000000-0000-0000-0000-00000000273a,Synthetic Project 1,2.1,UNAVAILABLE,0.0,86.9,3,330.0,2.0,1,OVERLOADED,3,21.4,HIGH,3,MEDIUM,2,TODO,1,1,1.0,66.3,32.1,-34.2,-34.2,48.42,0,0
00000000-0000-0000-0000-0000000032f2,Synthetic Dev 13,synth_dev_13@devalign.research,00000000-0000-0000-0000-000000012522,Synthetic Task 15,00000000-0000-0000-0000-00000000273a,Synthetic Project 1,6.5,PARTIAL,0.5,92.1,3,0.0,20.0,0,AVAILABLE,0,36.0,LOW,1,MEDIUM,2,TODO,2,2,1.0,65.8,59.55,-6.25,-25.6,79.59,0,0
00000000-0000-0000-0000-000000000fca,Synthetic Dev 4,synth_dev_4@devalign.research,00000000-0000-0000-0000-000000019a52,Synthetic Task 21,00000000-0000-0000-0000-000000004e4a,Synthetic Project 2,12.9,AVAILABLE,1.0,92.3,5,52.0,40.0,3,BALANCED,1,33.7,LOW,1,MEDIUM,2,TODO,2,1,0.5,69.0,23.7,-45.3,-84.8,44.55,0,0
00000000-0000-0000-0000-00000000a052,Synthetic Dev 41,synth_dev_41@devalign.research,00000000-0000-0000-0000-00000001fbfa,Synthetic Task 26,00000000-0000-0000-0000-000000004e4a,Synthetic Project 2,1.6,AVAILABLE,1.0,84.7,5,14.3,40.0,1,AVAILABLE,0,16.3,LOW,1,HIGH,3,TODO,2,2,1.0,77.95,71.5,-6.45,-19.3,87.48,0,1
00000000-0000-0000-0000-000000003ac2,Synthetic Dev 15,synth_dev_15@devalign.research,00000000-0000-0000-0000-000000019a52,Synthetic Task 21,00000000-0000-0000-0000-000000004e4a,Synthetic Project 2,13.9,AVAILABLE,1.0,91.5,6,19.5,40.0,1,AVAILABLE,0,33.7,LOW,1,MEDIUM,2,TODO,2,1,0.5,69.0,28.75,-40.25,-53.2,33.9,0,0
00000000-0000-0000-0000-00000000273a,Synthetic Dev 10,synth_dev_10@devalign.research,00000000-0000-0000-0000-000000024a1a,Synthetic Task 30,00000000-0000-0000-0000-00000000273a,Synthetic Project 1,11.6,UNAVAILABLE,0.0,60.5,4,1745.0,2.0,3,OVERLOADED,3,45.8,MEDIUM,2,HIGH,3,TODO,3,1,0.3333,76.23,25.43,-50.8,-88.7,33.33,0,0
00000000-0000-0000-0000-000000005a02,Synthetic Dev 23,synth_dev_23@devalign.research,00000000-0000-0000-0000-00000002230a,Synthetic Task 28,00000000-0000-0000-0000-000000009c6a,Synthetic Project 4,1.1,AVAILABLE,1.0,70.7,4,0.0,40.0,0,AVAILABLE,0,45.0,LOW,1,HIGH,3,TODO,1,0,0.0,63.1,0.0,-63.1,-63.1,0.0,0,0
00000000-0000-0000-0000-00000000755a,Synthetic Dev 30,synth_dev_30@devalign.research,00000000-0000-0000-0000-000000004e4a,Synthetic Task 4,00000000-0000-0000-0000-00000000c37a,Synthetic Project 5,6.9,PARTIAL,0.5,84.1,4,166.0,20.0,4,OVERLOADED,3,37.8,HIGH,3,HIGH,3,TODO,1,1,1.0,59.2,83.2,24.0,24.0,100.0,0,0
00000000-0000-0000-0000-000000007172,Synthetic Dev 29,synth_dev_29@devalign.research,00000000-0000-0000-0000-00000001119a,Synthetic Task 14,00000000-0000-0000-0000-00000000c37a,Synthetic Project 5,13.6,UNAVAILABLE,0.0,81.5,3,785.0,2.0,2,OVERLOADED,3,52.5,HIGH,3,CRITICAL,4,TODO,4,0,0.0,68.72,0.0,-68.72,-72.1,0.0,0,0
00000000-0000-0000-0000-0000000065ba,Synthetic Dev 26,synth_dev_26@devalign.research,00000000-0000-0000-0000-000000017342,Synthetic Task 19,00000000-0000-0000-0000-00000000c37a,Synthetic Project 5,9.8,PARTIAL,0.5,72.2,3,146.5,20.0,4,OVERLOADED,3,17.1,HIGH,3,LOW,1,TODO,3,1,0.3333,82.57,22.57,-60.0,-89.1,28.07,0,0
00000000-0000-0000-0000-0000000088e2,Synthetic Dev 35,synth_dev_35@devalign.research,00000000-0000-0000-0000-000000012522,Synthetic Task 15,00000000-0000-0000-0000-00000000273a,Synthetic Project 1,6.4,PARTIAL,0.5,78.3,6,81.5,20.0,3,HIGH,2,36.0,LOW,1,MEDIUM,2,TODO,2,2,1.0,65.8,52.35,-13.45,-13.6,79.52,0,1
00000000-0000-0000-0000-00000000aff2,Synthetic Dev 45,synth_dev_45@devalign.research,00000000-0000-0000-0000-000000004e4a,Synthetic Task 4,00000000-0000-0000-0000-00000000c37a,Synthetic Project 5,7.4,PARTIAL,0.5,77.8,7,179.5,20.0,3,OVERLOADED,3,37.8,HIGH,3,HIGH,3,TODO,1,1,1.0,59.2,44.1,-15.1,-15.1,74.49,0,0
00000000-0000-0000-0000-000000006d8a,Synthetic Dev 28,synth_dev_28@devalign.research,00000000-0000-0000-0000-00000001119a,Synthetic Task 14,00000000-0000-0000-0000-00000000c37a,Synthetic Project 5,13.9,UNAVAILABLE,0.0,81.8,5,0.0,2.0,0,AVAILABLE,0,52.5,HIGH,3,CRITICAL,4,TODO,4,2,0.5,68.72,37.12,-31.6,-71.7,50.0,0,0
00000000-0000-0000-0000-000000000be2,Synthetic Dev 3,synth_dev_3@devalign.research,00000000-0000-0000-0000-0000000186ca,Synthetic Task 20,00000000-0000-0000-0000-00000000273a,Synthetic Project 1,9.3,PARTIAL,0.5,89.7,6,131.5,20.0,3,OVERLOADED,3,13.3,LOW,1,CRITICAL,4,TODO,3,1,0.3333,69.5,24.33,-45.17,-81.8,33.33,0,0
00000000-0000-0000-0000-000000001f6a,Synthetic Dev 8,synth_dev_8@devalign.research,00000000-0000-0000-0000-000000023692,Synthetic Task 29,00000000-0000-0000-0000-00000000c37a,Synthetic Project 5,7.1,AVAILABLE,1.0,96.0,4,59.0,40.0,2,BALANCED,1,15.2,MEDIUM,2,MEDIUM,2,TODO,3,2,0.6667,75.5,37.13,-38.37,-60.3,44.67,0,0
00000000-0000-0000-0000-000000009c6a,Synthetic Dev 40,synth_dev_40@devalign.research,00000000-0000-0000-0000-0000000138aa,Synthetic Task 16,00000000-0000-0000-0000-000000004e4a,Synthetic Project 2,9.3,UNAVAILABLE,0.0,87.2,4,0.0,2.0,0,AVAILABLE,0,59.4,MEDIUM,2,CRITICAL,4,TODO,2,1,0.5,71.8,27.2,-44.6,-55.0,30.7,0,0
00000000-0000-0000-0000-0000000007fa,Synthetic Dev 2,synth_dev_2@devalign.research,00000000-0000-0000-0000-000000015fba,Synthetic Task 18,00000000-0000-0000-0000-000000009c6a,Synthetic Project 4,0.9,UNAVAILABLE,0.0,63.6,6,1585.0,2.0,4,OVERLOADED,3,23.0,MEDIUM,2,HIGH,3,TODO,4,2,0.5,75.42,21.98,-53.45,-85.5,30.65,0,0
00000000-0000-0000-0000-0000000036da,Synthetic Dev 14,synth_dev_14@devalign.research,00000000-0000-0000-0000-00000000755a,Synthetic Task 6,00000000-0000-0000-0000-000000004e4a,Synthetic Project 2,7.0,UNAVAILABLE,0.0,73.1,3,825.0,2.0,2,OVERLOADED,3,39.5,LOW,1,CRITICAL,4,TODO,4,2,0.5,71.9,29.4,-42.5,-84.3,35.84,0,0
00000000-0000-0000-0000-0000000061d2,Synthetic Dev 25,synth_dev_25@devalign.research,00000000-0000-0000-0000-000000015fba,Synthetic Task 18,00000000-0000-0000-0000-000000009c6a,Synthetic Project 4,2.8,PARTIAL,0.5,85.2,6,166.5,20.0,3,OVERLOADED,3,23.0,MEDIUM,2,HIGH,3,TODO,4,3,0.75,75.42,40.73,-34.7,-85.5,54.2,0,0
00000000-0000-0000-0000-000000003ac2,Synthetic Dev 15,synth_dev_15@devalign.research,00000000-0000-0000-0000-00000001fbfa,Synthetic Task 26,00000000-0000-0000-0000-000000004e4a,Synthetic Project 2,13.9,AVAILABLE,1.0,91.5,6,19.5,40.0,1,AVAILABLE,0,16.3,LOW,1,HIGH,3,TODO,2,1,0.5,77.95,28.75,-49.2,-78.8,37.29,0,0
00000000-0000-0000-0000-00000000aff2,Synthetic Dev 45,synth_dev_45@devalign.research,00000000-0000-0000-0000-00000000ea8a,Synthetic Task 12,00000000-0000-0000-0000-00000000755a,Synthetic Project 3,7.4,PARTIAL,0.5,77.8,7,179.5,20.0,3,OVERLOADED,3,32.5,HIGH,3,HIGH,3,TODO,3,3,1.0,65.7,53.1,-12.6,-34.3,72.25,0,0
00000000-0000-0000-0000-000000005232,Synthetic Dev 21,synth_dev_21@devalign.research,00000000-0000-0000-0000-000000024a1a,Synthetic Task 30,00000000-0000-0000-0000-00000000273a,Synthetic Project 1,9.7,UNAVAILABLE,0.0,66.4,3,1015.0,2.0,3,OVERLOADED,3,45.8,MEDIUM,2,HIGH,3,TODO,3,1,0.3333,76.23,10.97,-65.27,-88.7,19.72,0,0
00000000-0000-0000-0000-000000003eaa,Synthetic Dev 16,synth_dev_16@devalign.research,00000000-0000-0000-0000-000000003ac2,Synthetic Task 3,00000000-0000-0000-0000-000000009c6a,Synthetic Project 4,10.1,UNAVAILABLE,0.0,75.9,3,355.0,2.0,1,OVERLOADED,3,28.6,HIGH,3,HIGH,3,TODO,4,1,0.25,74.65,19.65,-55.0,-85.6,25.0,0,0
00000000-0000-0000-0000-00000000c37a,Synthetic Dev 50,synth_dev_50@devalign.research,00000000-0000-0000-0000-000000014c32,Synthetic Task 17,00000000-0000-0000-0000-00000000755a,Synthetic Project 3,1.7,UNAVAILABLE,0.0,65.3,3,1105.0,2.0,4,OVERLOADED,3,53.0,MEDIUM,2,LOW,1,TODO,4,2,0.5,69.43,30.25,-39.18,-78.9,39.76,0,0
00000000-0000-0000-0000-0000000084fa,Synthetic Dev 34,synth_dev_34@devalign.research,00000000-0000-0000-0000-000000014c32,Synthetic Task 17,00000000-0000-0000-0000-00000000755a,Synthetic Project 3,7.5,UNAVAILABLE,0.0,65.3,5,830.0,2.0,3,OVERLOADED,3,53.0,MEDIUM,2,LOW,1,TODO,4,1,0.25,69.43,10.97,-58.45,-78.9,16.53,0,0
00000000-0000-0000-0000-000000002f0a,Synthetic Dev 12,synth_dev_12@devalign.research,00000000-0000-0000-0000-000000024a1a,Synthetic Task 30,00000000-0000-0000-0000-00000000273a,Synthetic Project 1,13.0,AVAILABLE,1.0,58.0,6,17.2,40.0,1,AVAILABLE,0,45.8,MEDIUM,2,HIGH,3,TODO,3,0,0.0,76.23,0.0,-76.23,-88.7,0.0,0,0
00000000-0000-0000-0000-000000000be2,Synthetic Dev 3,synth_dev_3@devalign.research,00000000-0000-0000-0000-00000000c37a,Synthetic Task 10,00000000-0000-0000-0000-00000000273a,Synthetic Project 1,9.3,PARTIAL,0.5,89.7,6,131.5,20.0,3,OVERLOADED,3,21.4,HIGH,3,MEDIUM,2,TODO,1,1,1.0,66.3,53.5,-12.8,-12.8,80.69,0,0
00000000-0000-0000-0000-0000000084fa,Synthetic Dev 34,synth_dev_34@devalign.research,00000000-0000-0000-0000-000000019a52,Synthetic Task 21,00000000-0000-0000-0000-000000004e4a,Synthetic Project 2,7.5,UNAVAILABLE,0.0,65.3,5,830.0,2.0,3,OVERLOADED,3,33.7,LOW,1,MEDIUM,2,TODO,2,1,0.5,69.0,19.95,-49.05,-84.8,37.5,0,0
00000000-0000-0000-0000-000000008112,Synthetic Dev 33,synth_dev_33@devalign.research,00000000-0000-0000-0000-000000017342,Synthetic Task 19,00000000-0000-0000-0000-00000000c37a,Synthetic Project 5,10.2,PARTIAL,0.5,97.5,6,144.5,20.0,4,OVERLOADED,3,17.1,HIGH,3,LOW,1,TODO,3,2,0.6667,82.57,44.1,-38.47,-80.4,52.67,0,0
00000000-0000-0000-0000-0000000013b2,Synthetic Dev 5,synth_dev_5@devalign.research,00000000-0000-0000-0000-000000009c6a,Synthetic Task 8,00000000-0000-0000-0000-000000009c6a,Synthetic Project 4,4.0,UNAVAILABLE,0.0,74.9,7,1195.0,2.0,2,OVERLOADED,3,40.8,HIGH,3,LOW,1,TODO,4,2,0.5,75.05,34.67,-40.38,-80.4,40.8,0,0
00000000-0000-0000-0000-0000000013b2,Synthetic Dev 5,synth_dev_5@devalign.research,00000000-0000-0000-0000-00000000755a,Synthetic Task 6,00000000-0000-0000-0000-000000004e4a,Synthetic Project 2,4.0,UNAVAILABLE,0.0,74.9,7,1195.0,2.0,2,OVERLOADED,3,39.5,LOW,1,CRITICAL,4,TODO,4,4,1.0,71.9,57.15,-14.75,-40.6,73.15,0,0
00000000-0000-0000-0000-00000000467a,Synthetic Dev 18,synth_dev_18@devalign.research,00000000-0000-0000-0000-00000000c37a,Synthetic Task 10,00000000-0000-0000-0000-00000000273a,Synthetic Project 1,4.1,UNAVAILABLE,0.0,80.6,7,1115.0,2.0,4,OVERLOADED,3,21.4,HIGH,3,MEDIUM,2,TODO,1,1,1.0,66.3,38.5,-27.8,-27.8,58.07,0,0
00000000-0000-0000-0000-00000000b7c2,Synthetic Dev 47,synth_dev_47@devalign.research,00000000-0000-0000-0000-000000020f82,Synthetic Task 27,00000000-0000-0000-0000-00000000755a,Synthetic Project 3,4.5,AVAILABLE,1.0,96.9,4,70.5,40.0,4,BALANCED,1,39.2,HIGH,3,MEDIUM,2,TODO,1,1,1.0,81.5,92.8,11.3,11.3,100.0,0,1
00000000-0000-0000-0000-0000000032f2,Synthetic Dev 13,synth_dev_13@devalign.research,00000000-0000-0000-0000-000000009c6a,Synthetic Task 8,00000000-0000-0000-0000-000000009c6a,Synthetic Project 4,6.5,PARTIAL,0.5,92.1,3,0.0,20.0,0,AVAILABLE,0,40.8,HIGH,3,LOW,1,TODO,4,2,0.5,75.05,29.77,-45.27,-80.4,39.38,0,0
00000000-0000-0000-0000-000000006d8a,Synthetic Dev 28,synth_dev_28@devalign.research,00000000-0000-0000-0000-00000000c37a,Synthetic Task 10,00000000-0000-0000-0000-00000000273a,Synthetic Project 1,13.9,UNAVAILABLE,0.0,81.8,5,0.0,2.0,0,AVAILABLE,0,21.4,HIGH,3,MEDIUM,2,TODO,1,1,1.0,66.3,75.3,9.0,9.0,100.0,0,0
00000000-0000-0000-0000-0000000061d2,Synthetic Dev 25,synth_dev_25@devalign.research,00000000-0000-0000-0000-00000001e872,Synthetic Task 25,00000000-0000-0000-0000-00000000273a,Synthetic Project 1,2.8,PARTIAL,0.5,85.2,6,166.5,20.0,3,OVERLOADED,3,5.2,MEDIUM,2,HIGH,3,TODO,4,1,0.25,82.55,18.23,-64.32,-86.1,22.5,0,0
00000000-0000-0000-0000-0000000007fa,Synthetic Dev 2,synth_dev_2@devalign.research,00000000-0000-0000-0000-00000001e872,Synthetic Task 25,00000000-0000-0000-0000-00000000273a,Synthetic Project 1,0.9,UNAVAILABLE,0.0,63.6,6,1585.0,2.0,4,OVERLOADED,3,5.2,MEDIUM,2,HIGH,3,TODO,4,3,0.75,82.55,46.1,-36.45,-86.1,53.64,0,0
00000000-0000-0000-0000-00000000a052,Synthetic Dev 41,synth_dev_41@devalign.research,00000000-0000-0000-0000-00000001119a,Synthetic Task 14,00000000-0000-0000-0000-00000000c37a,Synthetic Project 5,1.6,AVAILABLE,1.0,84.7,5,14.3,40.0,1,AVAILABLE,0,52.5,HIGH,3,CRITICAL,4,TODO,4,1,0.25,68.72,13.05,-55.67,-72.1,20.75,0,0
00000000-0000-0000-0000-000000004e4a,Synthetic Dev 20,synth_dev_20@devalign.research,00000000-0000-0000-0000-00000000273a,Synthetic Task 2,00000000-0000-0000-0000-00000000755a,Synthetic Project 3,4.8,UNAVAILABLE,0.0,83.5,3,345.0,2.0,1,OVERLOADED,3,54.9,HIGH,3,MEDIUM,2,TODO,2,0,0.0,59.45,0.0,-59.45,-62.3,0.0,0,0
00000000-0000-0000-0000-00000000a052,Synthetic Dev 41,synth_dev_41@devalign.research,00000000-0000-0000-0000-00000001adda,Synthetic Task 22,00000000-0000-0000-0000-00000000755a,Synthetic Project 3,1.6,AVAILABLE,1.0,84.7,5,14.3,40.0,1,AVAILABLE,0,31.9,HIGH,3,MEDIUM,2,TODO,2,0,0.0,71.95,0.0,-71.95,-75.5,0.0,0,0
00000000-0000-0000-0000-00000000b3da,Synthetic Dev 46,synth_dev_46@devalign.research,00000000-0000-0000-0000-000000015fba,Synthetic Task 18,00000000-0000-0000-0000-000000009c6a,Synthetic Project 4,4.5,PARTIAL,0.5,80.4,3,183.5,20.0,4,OVERLOADED,3,23.0,MEDIUM,2,HIGH,3,TODO,4,0,0.0,75.42,0.0,-75.42,-85.5,0.0,0,0
00000000-0000-0000-0000-000000008cca,Synthetic Dev 36,synth_dev_36@devalign.research,00000000-0000-0000-0000-000000024a1a,Synthetic Task 30,00000000-0000-0000-0000-00000000273a,Synthetic Project 1,13.5,UNAVAILABLE,0.0,76.0,3,805.0,2.0,2,OVERLOADED,3,45.8,MEDIUM,2,HIGH,3,TODO,3,1,0.3333,76.23,29.93,-46.3,-88.7,33.33,0,0
00000000-0000-0000-0000-00000000561a,Synthetic Dev 22,synth_dev_22@devalign.research,00000000-0000-0000-0000-00000000ea8a,Synthetic Task 12,00000000-0000-0000-0000-00000000755a,Synthetic Project 3,2.8,PARTIAL,0.5,74.0,3,134.0,20.0,3,OVERLOADED,3,32.5,HIGH,3,HIGH,3,TODO,3,0,0.0,65.7,0.0,-65.7,-72.1,0.0,0,0
00000000-0000-0000-0000-0000000007fa,Synthetic Dev 2,synth_dev_2@devalign.research,00000000-0000-0000-0000-00000001fbfa,Synthetic Task 26,00000000-0000-0000-0000-000000004e4a,Synthetic Project 2,0.9,UNAVAILABLE,0.0,63.6,6,1585.0,2.0,4,OVERLOADED,3,16.3,LOW,1,HIGH,3,TODO,2,2,1.0,77.95,46.1,-31.85,-38.7,59.23,1,0
00000000-0000-0000-0000-000000007d2a,Synthetic Dev 32,synth_dev_32@devalign.research,00000000-0000-0000-0000-000000020f82,Synthetic Task 27,00000000-0000-0000-0000-00000000755a,Synthetic Project 3,10.0,AVAILABLE,1.0,55.2,4,0.0,40.0,0,AVAILABLE,0,39.2,HIGH,3,MEDIUM,2,TODO,1,0,0.0,81.5,0.0,-81.5,-81.5,0.0,0,0
00000000-0000-0000-0000-0000000065ba,Synthetic Dev 26,synth_dev_26@devalign.research,00000000-0000-0000-0000-0000000088e2,Synthetic Task 7,00000000-0000-0000-0000-00000000755a,Synthetic Project 3,9.8,PARTIAL,0.5,72.2,3,146.5,20.0,4,OVERLOADED,3,20.1,HIGH,3,CRITICAL,4,TODO,4,0,0.0,70.12,0.0,-70.12,-88.8,0.0,0,0
00000000-0000-0000-0000-000000005232,Synthetic Dev 21,synth_dev_21@devalign.research,00000000-0000-0000-0000-000000017342,Synthetic Task 19,00000000-0000-0000-0000-00000000c37a,Synthetic Project 5,9.7,UNAVAILABLE,0.0,66.4,3,1015.0,2.0,3,OVERLOADED,3,17.1,HIGH,3,LOW,1,TODO,3,2,0.6667,82.57,28.2,-54.37,-89.1,35.68,0,0
00000000-0000-0000-0000-000000007942,Synthetic Dev 31,synth_dev_31@devalign.research,00000000-0000-0000-0000-000000009c6a,Synthetic Task 8,00000000-0000-0000-0000-000000009c6a,Synthetic Project 4,2.6,AVAILABLE,1.0,57.0,3,69.5,40.0,3,BALANCED,1,40.8,HIGH,3,LOW,1,TODO,4,2,0.5,75.05,27.75,-47.3,-80.4,39.98,0,0
00000000-0000-0000-0000-000000009c6a,Synthetic Dev 40,synth_dev_40@devalign.research,00000000-0000-0000-0000-00000000d702,Synthetic Task 11,00000000-0000-0000-0000-000000004e4a,Synthetic Project 2,9.3,UNAVAILABLE,0.0,87.2,4,0.0,2.0,0,AVAILABLE,0,29.8,LOW,1,LOW,1,TODO,1,1,1.0,69.9,91.2,21.3,21.3,100.0,1,0
00000000-0000-0000-0000-00000000bf92,Synthetic Dev 49,synth_dev_49@devalign.research,00000000-0000-0000-0000-00000001fbfa,Synthetic Task 26,00000000-0000-0000-0000-000000004e4a,Synthetic Project 2,2.2,AVAILABLE,1.0,87.9,7,91.8,40.0,4,HIGH,2,16.3,LOW,1,HIGH,3,TODO,2,1,0.5,77.95,39.05,-38.9,-78.8,50.0,0,0
00000000-0000-0000-0000-00000000949a,Synthetic Dev 38,synth_dev_38@devalign.research,00000000-0000-0000-0000-000000023692,Synthetic Task 29,00000000-0000-0000-0000-00000000c37a,Synthetic Project 5,3.6,PARTIAL,0.5,69.1,6,104.0,20.0,3,OVERLOADED,3,15.2,MEDIUM,2,MEDIUM,2,TODO,3,2,0.6667,75.5,22.0,-53.5,-83.2,31.43,0,0
00000000-0000-0000-0000-0000000065ba,Synthetic Dev 26,synth_dev_26@devalign.research,00000000-0000-0000-0000-000000003ac2,Synthetic Task 3,00000000-0000-0000-0000-000000009c6a,Synthetic Project 4,9.8,PARTIAL,0.5,72.2,3,146.5,20.0,4,OVERLOADED,3,28.6,HIGH,3,HIGH,3,TODO,4,1,0.25,74.65,23.48,-51.17,-85.6,25.0,0,0
00000000-0000-0000-0000-000000000be2,Synthetic Dev 3,synth_dev_3@devalign.research,00000000-0000-0000-0000-000000024a1a,Synthetic Task 30,00000000-0000-0000-0000-00000000273a,Synthetic Project 1,9.3,PARTIAL,0.5,89.7,6,131.5,20.0,3,OVERLOADED,3,45.8,MEDIUM,2,HIGH,3,TODO,3,2,0.6667,76.23,55.93,-20.3,-84.4,63.47,0,0
00000000-0000-0000-0000-000000000412,Synthetic Dev 1,synth_dev_1@devalign.research,00000000-0000-0000-0000-0000000061d2,Synthetic Task 5,00000000-0000-0000-0000-00000000273a,Synthetic Project 1,2.1,UNAVAILABLE,0.0,86.9,3,330.0,2.0,1,OVERLOADED,3,60.0,HIGH,3,LOW,1,TODO,3,0,0.0,77.17,0.0,-77.17,-86.6,0.0,0,0
00000000-0000-0000-0000-000000001f6a,Synthetic Dev 8,synth_dev_8@devalign.research,00000000-0000-0000-0000-000000017342,Synthetic Task 19,00000000-0000-0000-0000-00000000c37a,Synthetic Project 5,7.1,AVAILABLE,1.0,96.0,4,59.0,40.0,2,BALANCED,1,17.1,HIGH,3,LOW,1,TODO,3,2,0.6667,82.57,49.73,-32.83,-89.1,62.19,0,0
00000000-0000-0000-0000-00000000bbaa,Synthetic Dev 48,synth_dev_48@devalign.research,00000000-0000-0000-0000-000000004e4a,Synthetic Task 4,00000000-0000-0000-0000-00000000c37a,Synthetic Project 5,14.1,PARTIAL,0.5,75.5,3,0.0,20.0,0,AVAILABLE,0,37.8,HIGH,3,HIGH,3,TODO,1,0,0.0,59.2,0.0,-59.2,-59.2,0.0,0,0
00000000-0000-0000-0000-00000000b3da,Synthetic Dev 46,synth_dev_46@devalign.research,00000000-0000-0000-0000-000000014c32,Synthetic Task 17,00000000-0000-0000-0000-00000000755a,Synthetic Project 3,4.5,PARTIAL,0.5,80.4,3,183.5,20.0,4,OVERLOADED,3,53.0,MEDIUM,2,LOW,1,TODO,4,0,0.0,69.43,0.0,-69.43,-78.9,0.0,0,0
00000000-0000-0000-0000-00000000bbaa,Synthetic Dev 48,synth_dev_48@devalign.research,00000000-0000-0000-0000-000000015fba,Synthetic Task 18,00000000-0000-0000-0000-000000009c6a,Synthetic Project 4,14.1,PARTIAL,0.5,75.5,3,0.0,20.0,0,AVAILABLE,0,23.0,MEDIUM,2,HIGH,3,TODO,4,1,0.25,75.42,12.43,-63.0,-85.5,17.35,0,0
00000000-0000-0000-0000-000000000412,Synthetic Dev 1,synth_dev_1@devalign.research,00000000-0000-0000-0000-00000001d4ea,Synthetic Task 24,00000000-0000-0000-0000-00000000c37a,Synthetic Project 5,2.1,UNAVAILABLE,0.0,86.9,3,330.0,2.0,1,OVERLOADED,3,29.6,MEDIUM,2,HIGH,3,TODO,3,1,0.3333,61.33,15.03,-46.3,-64.4,23.02,0,0
00000000-0000-0000-0000-00000000b3da,Synthetic Dev 46,synth_dev_46@devalign.research,00000000-0000-0000-0000-0000000138aa,Synthetic Task 16,00000000-0000-0000-0000-000000004e4a,Synthetic Project 2,4.5,PARTIAL,0.5,80.4,3,183.5,20.0,4,OVERLOADED,3,59.4,MEDIUM,2,CRITICAL,4,TODO,2,0,0.0,71.8,0.0,-71.8,-88.6,0.0,0,0
00000000-0000-0000-0000-00000000a822,Synthetic Dev 43,synth_dev_43@devalign.research,00000000-0000-0000-0000-00000000c37a,Synthetic Task 10,00000000-0000-0000-0000-00000000273a,Synthetic Project 1,13.3,PARTIAL,0.5,65.5,6,135.0,20.0,3,OVERLOADED,3,21.4,HIGH,3,MEDIUM,2,TODO,1,0,0.0,66.3,0.0,-66.3,-66.3,0.0,0,0
00000000-0000-0000-0000-000000000fca,Synthetic Dev 4,synth_dev_4@devalign.research,00000000-0000-0000-0000-000000003ac2,Synthetic Task 3,00000000-0000-0000-0000-000000009c6a,Synthetic Project 4,12.9,AVAILABLE,1.0,92.3,5,52.0,40.0,3,BALANCED,1,28.6,HIGH,3,HIGH,3,TODO,4,1,0.25,74.65,10.28,-64.38,-73.9,12.0,0,0
00000000-0000-0000-0000-000000009882,Synthetic Dev 39,synth_dev_39@devalign.research,00000000-0000-0000-0000-000000024a1a,Synthetic Task 30,00000000-0000-0000-0000-00000000273a,Synthetic Project 1,14.3,AVAILABLE,1.0,63.6,4,0.0,40.0,0,AVAILABLE,0,45.8,MEDIUM,2,HIGH,3,TODO,3,2,0.6667,76.23,35.63,-40.6,-84.4,50.62,0,0
00000000-0000-0000-0000-0000000088e2,Synthetic Dev 35,synth_dev_35@devalign.research,00000000-0000-0000-0000-00000001e872,Synthetic Task 25,00000000-0000-0000-0000-00000000273a,Synthetic Project 1,6.4,PARTIAL,0.5,78.3,6,81.5,20.0,3,HIGH,2,5.2,MEDIUM,2,HIGH,3,TODO,4,3,0.75,82.55,52.08,-30.47,-79.8,60.47,0,0
00000000-0000-0000-0000-000000007172,Synthetic Dev 29,synth_dev_29@devalign.research,00000000-0000-0000-0000-00000001adda,Synthetic Task 22,00000000-0000-0000-0000-00000000755a,Synthetic Project 3,13.6,UNAVAILABLE,0.0,81.5,3,785.0,2.0,2,OVERLOADED,3,31.9,HIGH,3,MEDIUM,2,TODO,2,1,0.5,71.95,36.3,-35.65,-68.4,48.08,0,0
00000000-0000-0000-0000-000000006d8a,Synthetic Dev 28,synth_dev_28@devalign.research,00000000-0000-0000-0000-000000017342,Synthetic Task 19,00000000-0000-0000-0000-00000000c37a,Synthetic Project 5,13.9,UNAVAILABLE,0.0,81.8,5,0.0,2.0,0,AVAILABLE,0,17.1,HIGH,3,LOW,1,TODO,3,2,0.6667,82.57,32.37,-50.2,-80.4,38.54,0,0
00000000-0000-0000-0000-000000002f0a,Synthetic Dev 12,synth_dev_12@devalign.research,00000000-0000-0000-0000-00000000aff2,Synthetic Task 9,00000000-0000-0000-0000-00000000c37a,Synthetic Project 5,13.0,AVAILABLE,1.0,58.0,6,17.2,40.0,1,AVAILABLE,0,34.8,LOW,1,HIGH,3,TODO,3,0,0.0,69.47,0.0,-69.47,-82.0,0.0,0,0
00000000-0000-0000-0000-000000002352,Synthetic Dev 9,synth_dev_9@devalign.research,00000000-0000-0000-0000-0000000186ca,Synthetic Task 20,00000000-0000-0000-0000-00000000273a,Synthetic Project 1,14.3,UNAVAILABLE,0.0,94.7,6,0.0,2.0,0,AVAILABLE,0,13.3,LOW,1,CRITICAL,4,TODO,3,2,0.6667,69.5,41.8,-27.7,-61.7,47.11,0,0
00000000-0000-0000-0000-000000002352,Synthetic Dev 9,synth_dev_9@devalign.research,00000000-0000-0000-0000-00000001c162,Synthetic Task 23,00000000-0000-0000-0000-000000009c6a,Synthetic Project 4,14.3,UNAVAILABLE,0.0,94.7,6,0.0,2.0,0,AVAILABLE,0,54.3,HIGH,3,LOW,1,TODO,4,3,0.75,70.15,32.48,-37.67,-67.7,45.65,0,0
00000000-0000-0000-0000-0000000090b2,Synthetic Dev 37,synth_dev_37@devalign.research,00000000-0000-0000-0000-0000000138aa,Synthetic Task 16,00000000-0000-0000-0000-000000004e4a,Synthetic Project 2,8.2,UNAVAILABLE,0.0,94.0,3,1790.0,2.0,4,OVERLOADED,3,59.4,MEDIUM,2,CRITICAL,4,TODO,2,0,0.0,71.8,0.0,-71.8,-88.6,0.0,0,0
00000000-0000-0000-0000-00000000b7c2,Synthetic Dev 47,synth_dev_47@devalign.research,00000000-0000-0000-0000-000000015fba,Synthetic Task 18,00000000-0000-0000-0000-000000009c6a,Synthetic Project 4,4.5,AVAILABLE,1.0,96.9,4,70.5,40.0,4,BALANCED,1,23.0,MEDIUM,2,HIGH,3,TODO,4,1,0.25,75.42,15.28,-60.15,-85.5,20.34,0,0
00000000-0000-0000-0000-000000008112,Synthetic Dev 33,synth_dev_33@devalign.research,00000000-0000-0000-0000-000000003ac2,Synthetic Task 3,00000000-0000-0000-0000-000000009c6a,Synthetic Project 4,10.2,PARTIAL,0.5,97.5,6,144.5,20.0,4,OVERLOADED,3,28.6,HIGH,3,HIGH,3,TODO,4,4,1.0,74.65,60.52,-14.12,-38.8,77.32,0,0
00000000-0000-0000-0000-00000000a43a,Synthetic Dev 42,synth_dev_42@devalign.research,00000000-0000-0000-0000-000000017342,Synthetic Task 19,00000000-0000-0000-0000-00000000c37a,Synthetic Project 5,2.0,PARTIAL,0.5,96.3,6,149.5,20.0,3,OVERLOADED,3,17.1,HIGH,3,LOW,1,TODO,3,2,0.6667,82.57,45.6,-36.97,-80.4,52.94,0,0
00000000-0000-0000-0000-00000000561a,Synthetic Dev 22,synth_dev_22@devalign.research,00000000-0000-0000-0000-000000015fba,Synthetic Task 18,00000000-0000-0000-0000-000000009c6a,Synthetic Project 4,2.8,PARTIAL,0.5,74.0,3,134.0,20.0,3,OVERLOADED,3,23.0,MEDIUM,2,HIGH,3,TODO,4,2,0.5,75.42,38.03,-37.4,-85.5,48.71,0,0
00000000-0000-0000-0000-000000004292,Synthetic Dev 17,synth_dev_17@devalign.research,00000000-0000-0000-0000-000000020f82,Synthetic Task 27,00000000-0000-0000-0000-00000000755a,Synthetic Project 3,13.8,UNAVAILABLE,0.0,77.8,3,0.0,2.0,0,AVAILABLE,0,39.2,HIGH,3,MEDIUM,2,TODO,1,0,0.0,81.5,0.0,-81.5,-81.5,0.0,0,0
00000000-0000-0000-0000-0000000069a2,Synthetic Dev 27,synth_dev_27@devalign.research,00000000-0000-0000-0000-000000003ac2,Synthetic Task 3,00000000-0000-0000-0000-000000009c6a,Synthetic Project 4,6.8,UNAVAILABLE,0.0,86.3,7,805.0,2.0,2,OVERLOADED,3,28.6,HIGH,3,HIGH,3,TODO,4,2,0.5,74.65,31.3,-43.35,-73.9,37.5,0,0
00000000-0000-0000-0000-000000005a02,Synthetic Dev 23,synth_dev_23@devalign.research,00000000-0000-0000-0000-000000012522,Synthetic Task 15,00000000-0000-0000-0000-00000000273a,Synthetic Project 1,1.1,AVAILABLE,1.0,70.7,4,0.0,40.0,0,AVAILABLE,0,36.0,LOW,1,MEDIUM,2,TODO,2,1,0.5,65.8,39.35,-26.45,-68.9,50.0,0,0
00000000-0000-0000-0000-000000008cca,Synthetic Dev 36,synth_dev_36@devalign.research,00000000-0000-0000-0000-000000003ac2,Synthetic Task 3,00000000-0000-0000-0000-000000009c6a,Synthetic Project 4,13.5,UNAVAILABLE,0.0,76.0,3,805.0,2.0,2,OVERLOADED,3,28.6,HIGH,3,HIGH,3,TODO,4,2,0.5,74.65,41.72,-32.92,-85.6,50.0,0,0
00000000-0000-0000-0000-00000000c37a,Synthetic Dev 50,synth_dev_50@devalign.research,00000000-0000-0000-0000-000000023692,Synthetic Task 29,00000000-0000-0000-0000-00000000c37a,Synthetic Project 5,1.7,UNAVAILABLE,0.0,65.3,3,1105.0,2.0,4,OVERLOADED,3,15.2,MEDIUM,2,MEDIUM,2,TODO,3,1,0.3333,75.5,25.33,-50.17,-83.0,30.45,0,0
00000000-0000-0000-0000-000000000be2,Synthetic Dev 3,synth_dev_3@devalign.research,00000000-0000-0000-0000-000000009c6a,Synthetic Task 8,00000000-0000-0000-0000-000000009c6a,Synthetic Project 4,9.3,PARTIAL,0.5,89.7,6,131.5,20.0,3,OVERLOADED,3,40.8,HIGH,3,LOW,1,TODO,4,2,0.5,75.05,19.25,-55.8,-80.3,26.59,0,0
00000000-0000-0000-0000-0000000061d2,Synthetic Dev 25,synth_dev_25@devalign.research,00000000-0000-0000-0000-0000000061d2,Synthetic Task 5,00000000-0000-0000-0000-00000000273a,Synthetic Project 1,2.8,PARTIAL,0.5,85.2,6,166.5,20.0,3,OVERLOADED,3,60.0,HIGH,3,LOW,1,TODO,3,2,0.6667,77.17,40.33,-36.83,-76.1,51.85,1,0
00000000-0000-0000-0000-0000000090b2,Synthetic Dev 37,synth_dev_37@devalign.research,00000000-0000-0000-0000-00000002230a,Synthetic Task 28,00000000-0000-0000-0000-000000009c6a,Synthetic Project 4,8.2,UNAVAILABLE,0.0,94.0,3,1790.0,2.0,4,OVERLOADED,3,45.0,LOW,1,HIGH,3,TODO,1,0,0.0,63.1,0.0,-63.1,-63.1,0.0,0,0
00000000-0000-0000-0000-000000009882,Synthetic Dev 39,synth_dev_39@devalign.research,00000000-0000-0000-0000-0000000088e2,Synthetic Task 7,00000000-0000-0000-0000-00000000755a,Synthetic Project 3,14.3,AVAILABLE,1.0,63.6,4,0.0,40.0,0,AVAILABLE,0,20.1,HIGH,3,CRITICAL,4,TODO,4,1,0.25,70.12,15.05,-55.08,-66.2,16.95,0,0
00000000-0000-0000-0000-0000000007fa,Synthetic Dev 2,synth_dev_2@devalign.research,00000000-0000-0000-0000-00000001adda,Synthetic Task 22,00000000-0000-0000-0000-00000000755a,Synthetic Project 3,0.9,UNAVAILABLE,0.0,63.6,6,1585.0,2.0,4,OVERLOADED,3,31.9,HIGH,3,MEDIUM,2,TODO,2,1,0.5,71.95,18.15,-53.8,-68.4,24.04,0,0
00000000-0000-0000-0000-00000000755a,Synthetic Dev 30,synth_dev_30@devalign.research,00000000-0000-0000-0000-00000000755a,Synthetic Task 6,00000000-0000-0000-0000-000000004e4a,Synthetic Project 2,6.9,PARTIAL,0.5,84.1,4,166.0,20.0,4,OVERLOADED,3,39.5,LOW,1,CRITICAL,4,TODO,4,2,0.5,71.9,39.23,-32.67,-76.8,46.86,0,0
00000000-0000-0000-0000-000000003eaa,Synthetic Dev 16,synth_dev_16@devalign.research,00000000-0000-0000-0000-0000000138aa,Synthetic Task 16,00000000-0000-0000-0000-000000004e4a,Synthetic Project 2,10.1,UNAVAILABLE,0.0,75.9,3,355.0,2.0,1,OVERLOADED,3,59.4,MEDIUM,2,CRITICAL,4,TODO,2,1,0.5,71.8,34.0,-37.8,-55.0,38.37,0,0
00000000-0000-0000-0000-000000000fca,Synthetic Dev 4,synth_dev_4@devalign.research,00000000-0000-0000-0000-00000000273a,Synthetic Task 2,00000000-0000-0000-0000-00000000755a,Synthetic Project 3,12.9,AVAILABLE,1.0,92.3,5,52.0,40.0,3,BALANCED,1,54.9,HIGH,3,MEDIUM,2,TODO,2,1,0.5,59.45,34.8,-24.65,-62.3,50.0,0,0
00000000-0000-0000-0000-000000000412,Synthetic Dev 1,synth_dev_1@devalign.research,00000000-0000-0000-0000-000000003ac2,Synthetic Task 3,00000000-0000-0000-0000-000000009c6a,Synthetic Project 4,2.1,UNAVAILABLE,0.0,86.9,3,330.0,2.0,1,OVERLOADED,3,28.6,HIGH,3,HIGH,3,TODO,4,1,0.25,74.65,11.28,-63.38,-85.6,16.7,0,0
00000000-0000-0000-0000-0000000032f2,Synthetic Dev 13,synth_dev_13@devalign.research,00000000-0000-0000-0000-0000000061d2,Synthetic Task 5,00000000-0000-0000-0000-00000000273a,Synthetic Project 1,6.5,PARTIAL,0.5,92.1,3,0.0,20.0,0,AVAILABLE,0,60.0,HIGH,3,LOW,1,TODO,3,1,0.3333,77.17,27.33,-49.83,-86.6,33.33,0,0
00000000-0000-0000-0000-000000007172,Synthetic Dev 29,synth_dev_29@devalign.research,00000000-0000-0000-0000-00000000d702,Synthetic Task 11,00000000-0000-0000-0000-000000004e4a,Synthetic Project 2,13.6,UNAVAILABLE,0.0,81.5,3,785.0,2.0,2,OVERLOADED,3,29.8,LOW,1,LOW,1,TODO,1,0,0.0,69.9,0.0,-69.9,-69.9,0.0,0,0
00000000-0000-0000-0000-00000000b3da,Synthetic Dev 46,synth_dev_46@devalign.research,00000000-0000-0000-0000-00000000d702,Synthetic Task 11,00000000-0000-0000-0000-000000004e4a,Synthetic Project 2,4.5,PARTIAL,0.5,80.4,3,183.5,20.0,4,OVERLOADED,3,29.8,LOW,1,LOW,1,TODO,1,0,0.0,69.9,0.0,-69.9,-69.9,0.0,0,0
00000000-0000-0000-0000-00000000179a,Synthetic Dev 6,synth_dev_6@devalign.research,00000000-0000-0000-0000-000000009c6a,Synthetic Task 8,00000000-0000-0000-0000-000000009c6a,Synthetic Project 4,7.2,UNAVAILABLE,0.0,66.4,7,510.0,2.0,1,OVERLOADED,3,40.8,HIGH,3,LOW,1,TODO,4,3,0.75,75.05,25.77,-49.27,-80.3,35.36,0,0
00000000-0000-0000-0000-0000000032f2,Synthetic Dev 13,synth_dev_13@devalign.research,00000000-0000-0000-0000-00000001adda,Synthetic Task 22,00000000-0000-0000-0000-00000000755a,Synthetic Project 3,6.5,PARTIAL,0.5,92.1,3,0.0,20.0,0,AVAILABLE,0,31.9,HIGH,3,MEDIUM,2,TODO,2,0,0.0,71.95,0.0,-71.95,-75.5,0.0,0,0
00000000-0000-0000-0000-0000000069a2,Synthetic Dev 27,synth_dev_27@devalign.research,00000000-0000-0000-0000-00000000ea8a,Synthetic Task 12,00000000-0000-0000-0000-00000000755a,Synthetic Project 3,6.8,UNAVAILABLE,0.0,86.3,7,805.0,2.0,2,OVERLOADED,3,32.5,HIGH,3,HIGH,3,TODO,3,2,0.6667,65.7,41.73,-23.97,-65.3,53.12,0,0
00000000-0000-0000-0000-000000006d8a,Synthetic Dev 28,synth_dev_28@devalign.research,00000000-0000-0000-0000-00000000fe12,Synthetic Task 13,00000000-0000-0000-0000-000000009c6a,Synthetic Project 4,13.9,UNAVAILABLE,0.0,81.8,5,0.0,2.0,0,AVAILABLE,0,52.4,HIGH,3,MEDIUM,2,TODO,3,2,0.6667,68.67,36.17,-32.5,-61.3,50.44,0,0
00000000-0000-0000-0000-000000007d2a,Synthetic Dev 32,synth_dev_32@devalign.research,00000000-0000-0000-0000-0000000186ca,Synthetic Task 20,00000000-0000-0000-0000-00000000273a,Synthetic Project 1,10.0,AVAILABLE,1.0,55.2,4,0.0,40.0,0,AVAILABLE,0,13.3,LOW,1,CRITICAL,4,TODO,3,1,0.3333,69.5,12.9,-56.6,-65.0,15.77,0,0
00000000-0000-0000-0000-000000007d2a,Synthetic Dev 32,synth_dev_32@devalign.research,00000000-0000-0000-0000-00000001119a,Synthetic Task 14,00000000-0000-0000-0000-00000000c37a,Synthetic Project 5,10.0,AVAILABLE,1.0,55.2,4,0.0,40.0,0,AVAILABLE,0,52.5,HIGH,3,CRITICAL,4,TODO,4,3,0.75,68.72,48.42,-20.3,-68.2,63.21,0,0
00000000-0000-0000-0000-00000000c37a,Synthetic Dev 50,synth_dev_50@devalign.research,00000000-0000-0000-0000-0000000013b2,Synthetic Task 1,00000000-0000-0000-0000-000000004e4a,Synthetic Project 2,1.7,UNAVAILABLE,0.0,65.3,3,1105.0,2.0,4,OVERLOADED,3,8.0,HIGH,3,CRITICAL,4,TODO,2,0,0.0,69.4,0.0,-69.4,-71.8,0.0,0,0
00000000-0000-0000-0000-00000000c37a,Synthetic Dev 50,synth_dev_50@devalign.research,00000000-0000-0000-0000-00000000ea8a,Synthetic Task 12,00000000-0000-0000-0000-00000000755a,Synthetic Project 3,1.7,UNAVAILABLE,0.0,65.3,3,1105.0,2.0,4,OVERLOADED,3,32.5,HIGH,3,HIGH,3,TODO,3,3,1.0,65.7,56.63,-9.07,-27.1,81.44,0,0
00000000-0000-0000-0000-0000000069a2,Synthetic Dev 27,synth_dev_27@devalign.research,00000000-0000-0000-0000-00000001fbfa,Synthetic Task 26,00000000-0000-0000-0000-000000004e4a,Synthetic Project 2,6.8,UNAVAILABLE,0.0,86.3,7,805.0,2.0,2,OVERLOADED,3,16.3,LOW,1,HIGH,3,TODO,2,0,0.0,77.95,0.0,-77.95,-78.8,0.0,0,0
00000000-0000-0000-0000-00000000bf92,Synthetic Dev 49,synth_dev_49@devalign.research,00000000-0000-0000-0000-00000001adda,Synthetic Task 22,00000000-0000-0000-0000-00000000755a,Synthetic Project 3,2.2,AVAILABLE,1.0,87.9,7,91.8,40.0,4,HIGH,2,31.9,HIGH,3,MEDIUM,2,TODO,2,2,1.0,71.95,70.7,-1.25,-25.7,82.98,0,0
00000000-0000-0000-0000-0000000013b2,Synthetic Dev 5,synth_dev_5@devalign.research,00000000-0000-0000-0000-0000000061d2,Synthetic Task 5,00000000-0000-0000-0000-00000000273a,Synthetic Project 1,4.0,UNAVAILABLE,0.0,74.9,7,1195.0,2.0,2,OVERLOADED,3,60.0,HIGH,3,LOW,1,TODO,3,3,1.0,77.17,73.2,-3.97,-14.0,88.26,0,0
00000000-0000-0000-0000-00000000aff2,Synthetic Dev 45,synth_dev_45@devalign.research,00000000-0000-0000-0000-00000001fbfa,Synthetic Task 26,00000000-0000-0000-0000-000000004e4a,Synthetic Project 2,7.4,PARTIAL,0.5,77.8,7,179.5,20.0,3,OVERLOADED,3,16.3,LOW,1,HIGH,3,TODO,2,1,0.5,77.95,21.25,-56.7,-78.8,27.56,0,0
00000000-0000-0000-0000-000000001b82,Synthetic Dev 7,synth_dev_7@devalign.research,00000000-0000-0000-0000-00000000aff2,Synthetic Task 9,00000000-0000-0000-0000-00000000c37a,Synthetic Project 5,9.1,PARTIAL,0.5,75.1,3,118.0,20.0,2,OVERLOADED,3,34.8,LOW,1,HIGH,3,TODO,3,1,0.3333,69.47,26.67,-42.8,-75.2,32.52,0,0
00000000-0000-0000-0000-0000000088e2,Synthetic Dev 35,synth_dev_35@devalign.research,00000000-0000-0000-0000-0000000088e2,Synthetic Task 7,00000000-0000-0000-0000-00000000755a,Synthetic Project 3,6.4,PARTIAL,0.5,78.3,6,81.5,20.0,3,HIGH,2,20.1,HIGH,3,CRITICAL,4,TODO,4,3,0.75,70.12,52.08,-18.05,-88.8,71.98,0,0
00000000-0000-0000-0000-00000000bf92,Synthetic Dev 49,synth_dev_49@devalign.research,00000000-0000-0000-0000-00000001119a,Synthetic Task 14,00000000-0000-0000-0000-00000000c37a,Synthetic Project 5,2.2,AVAILABLE,1.0,87.9,7,91.8,40.0,4,HIGH,2,52.5,HIGH,3,CRITICAL,4,TODO,4,4,1.0,68.72,62.3,-6.42,-24.5,82.72,0,0
00000000-0000-0000-0000-000000004e4a,Synthetic Dev 20,synth_dev_20@devalign.research,00000000-0000-0000-0000-0000000186ca,Synthetic Task 20,00000000-0000-0000-0000-00000000273a,Synthetic Project 1,4.8,UNAVAILABLE,0.0,83.5,3,345.0,2.0,1,OVERLOADED,3,13.3,LOW,1,CRITICAL,4,TODO,3,0,0.0,69.5,0.0,-69.5,-81.8,0.0,0,0
00000000-0000-0000-0000-0000000032f2,Synthetic Dev 13,synth_dev_13@devalign.research,00000000-0000-0000-0000-000000004e4a,Synthetic Task 4,00000000-0000-0000-0000-00000000c37a,Synthetic Project 5,6.5,PARTIAL,0.5,92.1,3,0.0,20.0,0,AVAILABLE,0,37.8,HIGH,3,HIGH,3,TODO,1,0,0.0,59.2,0.0,-59.2,-59.2,0.0,0,0
00000000-0000-0000-0000-000000002352,Synthetic Dev 9,synth_dev_9@devalign.research,00000000-0000-0000-0000-00000000fe12,Synthetic Task 13,00000000-0000-0000-0000-000000009c6a,Synthetic Project 4,14.3,UNAVAILABLE,0.0,94.7,6,0.0,2.0,0,AVAILABLE,0,52.4,HIGH,3,MEDIUM,2,TODO,3,2,0.6667,68.67,42.4,-26.27,-61.9,47.67,0,0
00000000-0000-0000-0000-000000001b82,Synthetic Dev 7,synth_dev_7@devalign.research,00000000-0000-0000-0000-00000001adda,Synthetic Task 22,00000000-0000-0000-0000-00000000755a,Synthetic Project 3,9.1,PARTIAL,0.5,75.1,3,118.0,20.0,2,OVERLOADED,3,31.9,HIGH,3,MEDIUM,2,TODO,2,0,0.0,71.95,0.0,-71.95,-75.5,0.0,0,0
00000000-0000-0000-0000-000000000be2,Synthetic Dev 3,synth_dev_3@devalign.research,00000000-0000-0000-0000-00000000d702,Synthetic Task 11,00000000-0000-0000-0000-000000004e4a,Synthetic Project 2,9.3,PARTIAL,0.5,89.7,6,131.5,20.0,3,OVERLOADED,3,29.8,LOW,1,LOW,1,TODO,1,0,0.0,69.9,0.0,-69.9,-69.9,0.0,1,0
00000000-0000-0000-0000-000000005a02,Synthetic Dev 23,synth_dev_23@devalign.research,00000000-0000-0000-0000-0000000088e2,Synthetic Task 7,00000000-0000-0000-0000-00000000755a,Synthetic Project 3,1.1,AVAILABLE,1.0,70.7,4,0.0,40.0,0,AVAILABLE,0,20.1,HIGH,3,CRITICAL,4,TODO,4,0,0.0,70.12,0.0,-70.12,-88.8,0.0,0,0
00000000-0000-0000-0000-00000000273a,Synthetic Dev 10,synth_dev_10@devalign.research,00000000-0000-0000-0000-00000001adda,Synthetic Task 22,00000000-0000-0000-0000-00000000755a,Synthetic Project 3,11.6,UNAVAILABLE,0.0,60.5,4,1745.0,2.0,3,OVERLOADED,3,31.9,HIGH,3,MEDIUM,2,TODO,2,0,0.0,71.95,0.0,-71.95,-75.5,0.0,0,0
00000000-0000-0000-0000-000000005232,Synthetic Dev 21,synth_dev_21@devalign.research,00000000-0000-0000-0000-00000001d4ea,Synthetic Task 24,00000000-0000-0000-0000-00000000c37a,Synthetic Project 5,9.7,UNAVAILABLE,0.0,66.4,3,1015.0,2.0,3,OVERLOADED,3,29.6,MEDIUM,2,HIGH,3,TODO,3,1,0.3333,61.33,17.23,-44.1,-64.4,26.39,1,0
00000000-0000-0000-0000-000000007172,Synthetic Dev 29,synth_dev_29@devalign.research,00000000-0000-0000-0000-000000003ac2,Synthetic Task 3,00000000-0000-0000-0000-000000009c6a,Synthetic Project 4,13.6,UNAVAILABLE,0.0,81.5,3,785.0,2.0,2,OVERLOADED,3,28.6,HIGH,3,HIGH,3,TODO,4,2,0.5,74.65,31.4,-43.25,-85.6,43.12,0,0
00000000-0000-0000-0000-00000000aff2,Synthetic Dev 45,synth_dev_45@devalign.research,00000000-0000-0000-0000-00000000fe12,Synthetic Task 13,00000000-0000-0000-0000-000000009c6a,Synthetic Project 4,7.4,PARTIAL,0.5,77.8,7,179.5,20.0,3,OVERLOADED,3,52.4,HIGH,3,MEDIUM,2,TODO,3,2,0.6667,68.67,39.1,-29.57,-61.9,52.56,0,0
00000000-0000-0000-0000-00000000aff2,Synthetic Dev 45,synth_dev_45@devalign.research,00000000-0000-0000-0000-00000001c162,Synthetic Task 23,00000000-0000-0000-0000-000000009c6a,Synthetic Project 4,7.4,PARTIAL,0.5,77.8,7,179.5,20.0,3,OVERLOADED,3,54.3,HIGH,3,LOW,1,TODO,4,2,0.5,70.15,26.7,-43.45,-75.6,38.5,0,0
00000000-0000-0000-0000-0000000084fa,Synthetic Dev 34,synth_dev_34@devalign.research,00000000-0000-0000-0000-000000024a1a,Synthetic Task 30,00000000-0000-0000-0000-00000000273a,Synthetic Project 1,7.5,UNAVAILABLE,0.0,65.3,5,830.0,2.0,3,OVERLOADED,3,45.8,MEDIUM,2,HIGH,3,TODO,3,0,0.0,76.23,0.0,-76.23,-88.7,0.0,0,0
00000000-0000-0000-0000-0000000090b2,Synthetic Dev 37,synth_dev_37@devalign.research,00000000-0000-0000-0000-000000004e4a,Synthetic Task 4,00000000-0000-0000-0000-00000000c37a,Synthetic Project 5,8.2,UNAVAILABLE,0.0,94.0,3,1790.0,2.0,4,OVERLOADED,3,37.8,HIGH,3,HIGH,3,TODO,1,1,1.0,59.2,86.3,27.1,27.1,100.0,0,0
00000000-0000-0000-0000-00000000a43a,Synthetic Dev 42,synth_dev_42@devalign.research,00000000-0000-0000-0000-000000015fba,Synthetic Task 18,00000000-0000-0000-0000-000000009c6a,Synthetic Project 4,2.0,PARTIAL,0.5,96.3,6,149.5,20.0,3,OVERLOADED,3,23.0,MEDIUM,2,HIGH,3,TODO,4,2,0.5,75.42,26.55,-48.88,-85.5,37.57,0,0
00000000-0000-0000-0000-00000000ac0a,Synthetic Dev 44,synth_dev_44@devalign.research,00000000-0000-0000-0000-000000004e4a,Synthetic Task 4,00000000-0000-0000-0000-00000000c37a,Synthetic Project 5,0.6,UNAVAILABLE,0.0,95.8,6,0.0,2.0,0,AVAILABLE,0,37.8,HIGH,3,HIGH,3,TODO,1,0,0.0,59.2,0.0,-59.2,-59.2,0.0,0,0
00000000-0000-0000-0000-00000000949a,Synthetic Dev 38,synth_dev_38@devalign.research,00000000-0000-0000-0000-00000001d4ea,Synthetic Task 24,00000000-0000-0000-0000-00000000c37a,Synthetic Project 5,3.6,PARTIAL,0.5,69.1,6,104.0,20.0,3,OVERLOADED,3,29.6,MEDIUM,2,HIGH,3,TODO,3,1,0.3333,61.33,14.87,-46.47,-65.3,23.08,0,0
00000000-0000-0000-0000-0000000036da,Synthetic Dev 14,synth_dev_14@devalign.research,00000000-0000-0000-0000-00000000c37a,Synthetic Task 10,00000000-0000-0000-0000-00000000273a,Synthetic Project 1,7.0,UNAVAILABLE,0.0,73.1,3,825.0,2.0,2,OVERLOADED,3,21.4,HIGH,3,MEDIUM,2,TODO,1,1,1.0,66.3,95.0,28.7,28.7,100.0,0,0
00000000-0000-0000-0000-0000000036da,Synthetic Dev 14,synth_dev_14@devalign.research,00000000-0000-0000-0000-000000019a52,Synthetic Task 21,00000000-0000-0000-0000-000000004e4a,Synthetic Project 2,7.0,UNAVAILABLE,0.0,73.1,3,825.0,2.0,2,OVERLOADED,3,33.7,LOW,1,MEDIUM,2,TODO,2,0,0.0,69.0,0.0,-69.0,-84.8,0.0,0,0
00000000-0000-0000-0000-00000000c37a,Synthetic Dev 50,synth_dev_50@devalign.research,00000000-0000-0000-0000-0000000138aa,Synthetic Task 16,00000000-0000-0000-0000-000000004e4a,Synthetic Project 2,1.7,UNAVAILABLE,0.0,65.3,3,1105.0,2.0,4,OVERLOADED,3,59.4,MEDIUM,2,CRITICAL,4,TODO,2,1,0.5,71.8,22.5,-49.3,-88.6,40.91,0,0
00000000-0000-0000-0000-0000000084fa,Synthetic Dev 34,synth_dev_34@devalign.research,00000000-0000-0000-0000-00000000aff2,Synthetic Task 9,00000000-0000-0000-0000-00000000c37a,Synthetic Project 5,7.5,UNAVAILABLE,0.0,65.3,5,830.0,2.0,3,OVERLOADED,3,34.8,LOW,1,HIGH,3,TODO,3,0,0.0,69.47,0.0,-69.47,-82.0,0.0,0,0
00000000-0000-0000-0000-0000000088e2,Synthetic Dev 35,synth_dev_35@devalign.research,00000000-0000-0000-0000-0000000013b2,Synthetic Task 1,00000000-0000-0000-0000-000000004e4a,Synthetic Project 2,6.4,PARTIAL,0.5,78.3,6,81.5,20.0,3,HIGH,2,8.0,HIGH,3,CRITICAL,4,TODO,2,1,0.5,69.4,42.15,-27.25,-67.0,50.0,0,0
00000000-0000-0000-0000-00000000179a,Synthetic Dev 6,synth_dev_6@devalign.research,00000000-0000-0000-0000-0000000013b2,Synthetic Task 1,00000000-0000-0000-0000-000000004e4a,Synthetic Project 2,7.2,UNAVAILABLE,0.0,66.4,7,510.0,2.0,1,OVERLOADED,3,8.0,HIGH,3,CRITICAL,4,TODO,2,2,1.0,69.4,35.0,-34.4,-37.7,50.54,0,0
00000000-0000-0000-0000-00000000aff2,Synthetic Dev 45,synth_dev_45@devalign.research,00000000-0000-0000-0000-00000001d4ea,Synthetic Task 24,00000000-0000-0000-0000-00000000c37a,Synthetic Project 5,7.4,PARTIAL,0.5,77.8,7,179.5,20.0,3,OVERLOADED,3,29.6,MEDIUM,2,HIGH,3,TODO,3,2,0.6667,61.33,39.1,-22.23,-54.3,52.9,0,0
00000000-0000-0000-0000-000000000412,Synthetic Dev 1,synth_dev_1@devalign.research,00000000-0000-0000-0000-000000014c32,Synthetic Task 17,00000000-0000-0000-0000-00000000755a,Synthetic Project 3,2.1,UNAVAILABLE,0.0,86.9,3,330.0,2.0,1,OVERLOADED,3,53.0,MEDIUM,2,LOW,1,TODO,4,2,0.5,69.43,17.05,-52.38,-76.2,23.52,0,0
00000000-0000-0000-0000-0000000061d2,Synthetic Dev 25,synth_dev_25@devalign.research,00000000-0000-0000-0000-000000009c6a,Synthetic Task 8,00000000-0000-0000-0000-000000009c6a,Synthetic Project 4,2.8,PARTIAL,0.5,85.2,6,166.5,20.0,3,OVERLOADED,3,40.8,HIGH,3,LOW,1,TODO,4,2,0.5,75.05,19.75,-55.3,-80.4,28.21,0,0
00000000-0000-0000-0000-000000004292,Synthetic Dev 17,synth_dev_17@devalign.research,00000000-0000-0000-0000-00000000fe12,Synthetic Task 13,00000000-0000-0000-0000-000000009c6a,Synthetic Project 4,13.8,UNAVAILABLE,0.0,77.8,3,0.0,2.0,0,AVAILABLE,0,52.4,HIGH,3,MEDIUM,2,TODO,3,0,0.0,68.67,0.0,-68.67,-82.8,0.0,0,0
00000000-0000-0000-0000-000000000412,Synthetic Dev 1,synth_dev_1@devalign.research,00000000-0000-0000-0000-0000000088e2,Synthetic Task 7,00000000-0000-0000-0000-00000000755a,Synthetic Project 3,2.1,UNAVAILABLE,0.0,86.9,3,330.0,2.0,1,OVERLOADED,3,20.1,HIGH,3,CRITICAL,4,TODO,4,1,0.25,70.12,8.03,-62.1,-88.8,12.82,0,0
00000000-0000-0000-0000-000000009882,Synthetic Dev 39,synth_dev_39@devalign.research,00000000-0000-0000-0000-00000000d702,Synthetic Task 11,00000000-0000-0000-0000-000000004e4a,Synthetic Project 2,14.3,AVAILABLE,1.0,63.6,4,0.0,40.0,0,AVAILABLE,0,29.8,LOW,1,LOW,1,TODO,1,1,1.0,69.9,91.6,21.7,21.7,100.0,0,1
00000000-0000-0000-0000-000000004a62,Synthetic Dev 19,synth_dev_19@devalign.research,00000000-0000-0000-0000-00000001fbfa,Synthetic Task 26,00000000-0000-0000-0000-000000004e4a,Synthetic Project 2,15.0,UNAVAILABLE,0.0,97.8,7,0.0,2.0,0,AVAILABLE,0,16.3,LOW,1,HIGH,3,TODO,2,2,1.0,77.95,35.4,-42.55,-46.6,45.35,0,0
00000000-0000-0000-0000-00000000273a,Synthetic Dev 10,synth_dev_10@devalign.research,00000000-0000-0000-0000-00000000273a,Synthetic Task 2,00000000-0000-0000-0000-00000000755a,Synthetic Project 3,11.6,UNAVAILABLE,0.0,60.5,4,1745.0,2.0,3,OVERLOADED,3,54.9,HIGH,3,MEDIUM,2,TODO,2,1,0.5,59.45,38.15,-21.3,-62.3,50.0,0,0
00000000-0000-0000-0000-000000002b22,Synthetic Dev 11,synth_dev_11@devalign.research,00000000-0000-0000-0000-0000000088e2,Synthetic Task 7,00000000-0000-0000-0000-00000000755a,Synthetic Project 3,14.9,PARTIAL,0.5,82.9,6,169.5,20.0,3,OVERLOADED,3,20.1,HIGH,3,CRITICAL,4,TODO,4,2,0.5,70.12,19.73,-50.4,-88.8,31.44,0,0
00000000-0000-0000-0000-0000000065ba,Synthetic Dev 26,synth_dev_26@devalign.research,00000000-0000-0000-0000-000000023692,Synthetic Task 29,00000000-0000-0000-0000-00000000c37a,Synthetic Project 5,9.8,PARTIAL,0.5,72.2,3,146.5,20.0,4,OVERLOADED,3,15.2,MEDIUM,2,MEDIUM,2,TODO,3,1,0.3333,75.5,31.3,-44.2,-83.2,33.33,1,0
00000000-0000-0000-0000-0000000069a2,Synthetic Dev 27,synth_dev_27@devalign.research,00000000-0000-0000-0000-000000024a1a,Synthetic Task 30,00000000-0000-0000-0000-00000000273a,Synthetic Project 1,6.8,UNAVAILABLE,0.0,86.3,7,805.0,2.0,2,OVERLOADED,3,45.8,MEDIUM,2,HIGH,3,TODO,3,2,0.6667,76.23,35.53,-40.7,-84.4,49.42,1,0
00000000-0000-0000-0000-000000009882,Synthetic Dev 39,synth_dev_39@devalign.research,00000000-0000-0000-0000-00000001d4ea,Synthetic Task 24,00000000-0000-0000-0000-00000000c37a,Synthetic Project 5,14.3,AVAILABLE,1.0,63.6,4,0.0,40.0,0,AVAILABLE,0,29.6,MEDIUM,2,HIGH,3,TODO,3,1,0.3333,61.33,20.07,-41.27,-65.3,31.16,0,0
00000000-0000-0000-0000-000000004292,Synthetic Dev 17,synth_dev_17@devalign.research,00000000-0000-0000-0000-00000001adda,Synthetic Task 22,00000000-0000-0000-0000-00000000755a,Synthetic Project 3,13.8,UNAVAILABLE,0.0,77.8,3,0.0,2.0,0,AVAILABLE,0,31.9,HIGH,3,MEDIUM,2,TODO,2,0,0.0,71.95,0.0,-71.95,-75.5,0.0,0,0
00000000-0000-0000-0000-000000004e4a,Synthetic Dev 20,synth_dev_20@devalign.research,00000000-0000-0000-0000-00000000d702,Synthetic Task 11,00000000-0000-0000-0000-000000004e4a,Synthetic Project 2,4.8,UNAVAILABLE,0.0,83.5,3,345.0,2.0,1,OVERLOADED,3,29.8,LOW,1,LOW,1,TODO,1,1,1.0,69.9,43.7,-26.2,-26.2,62.52,0,0
00000000-0000-0000-0000-000000005dea,Synthetic Dev 24,synth_dev_24@devalign.research,00000000-0000-0000-0000-000000009c6a,Synthetic Task 8,00000000-0000-0000-0000-000000009c6a,Synthetic Project 4,13.0,AVAILABLE,1.0,97.0,3,28.0,40.0,1,AVAILABLE,0,40.8,HIGH,3,LOW,1,TODO,4,1,0.25,75.05,20.68,-54.38,-80.4,25.0,0,0
00000000-0000-0000-0000-0000000069a2,Synthetic Dev 27,synth_dev_27@devalign.research,00000000-0000-0000-0000-0000000186ca,Synthetic Task 20,00000000-0000-0000-0000-00000000273a,Synthetic Project 1,6.8,UNAVAILABLE,0.0,86.3,7,805.0,2.0,2,OVERLOADED,3,13.3,LOW,1,CRITICAL,4,TODO,3,2,0.6667,69.5,45.3,-24.2,-61.7,61.49,0,0
00000000-0000-0000-0000-0000000036da,Synthetic Dev 14,synth_dev_14@devalign.research,00000000-0000-0000-0000-00000001fbfa,Synthetic Task 26,00000000-0000-0000-0000-000000004e4a,Synthetic Project 2,7.0,UNAVAILABLE,0.0,73.1,3,825.0,2.0,2,OVERLOADED,3,16.3,LOW,1,HIGH,3,TODO,2,0,0.0,77.95,0.0,-77.95,-78.8,0.0,0,0
00000000-0000-0000-0000-000000009882,Synthetic Dev 39,synth_dev_39@devalign.research,00000000-0000-0000-0000-000000009c6a,Synthetic Task 8,00000000-0000-0000-0000-000000009c6a,Synthetic Project 4,14.3,AVAILABLE,1.0,63.6,4,0.0,40.0,0,AVAILABLE,0,40.8,HIGH,3,LOW,1,TODO,4,1,0.25,75.05,13.5,-61.55,-80.3,16.79,0,0
00000000-0000-0000-0000-00000000949a,Synthetic Dev 38,synth_dev_38@devalign.research,00000000-0000-0000-0000-00000000c37a,Synthetic Task 10,00000000-0000-0000-0000-00000000273a,Synthetic Project 1,3.6,PARTIAL,0.5,69.1,6,104.0,20.0,3,OVERLOADED,3,21.4,HIGH,3,MEDIUM,2,TODO,1,0,0.0,66.3,0.0,-66.3,-66.3,0.0,1,0
00000000-0000-0000-0000-00000000a052,Synthetic Dev 41,synth_dev_41@devalign.research,00000000-0000-0000-0000-0000000061d2,Synthetic Task 5,00000000-0000-0000-0000-00000000273a,Synthetic Project 1,1.6,AVAILABLE,1.0,84.7,5,14.3,40.0,1,AVAILABLE,0,60.0,HIGH,3,LOW,1,TODO,3,3,1.0,77.17,57.63,-19.53,-34.4,75.65,0,0
00000000-0000-0000-0000-0000000065ba,Synthetic Dev 26,synth_dev_26@devalign.research,00000000-0000-0000-0000-00000000755a,Synthetic Task 6,00000000-0000-0000-0000-000000004e4a,Synthetic Project 2,9.8,PARTIAL,0.5,72.2,3,146.5,20.0,4,OVERLOADED,3,39.5,LOW,1,CRITICAL,4,TODO,4,1,0.25,71.9,16.93,-54.97,-84.3,25.0,0,0
00000000-0000-0000-0000-00000000a052,Synthetic Dev 41,synth_dev_41@devalign.research,00000000-0000-0000-0000-00000001e872,Synthetic Task 25,00000000-0000-0000-0000-00000000273a,Synthetic Project 1,1.6,AVAILABLE,1.0,84.7,5,14.3,40.0,1,AVAILABLE,0,5.2,MEDIUM,2,HIGH,3,TODO,4,3,0.75,82.55,51.48,-31.07,-86.1,61.72,0,0
00000000-0000-0000-0000-000000004a62,Synthetic Dev 19,synth_dev_19@devalign.research,00000000-0000-0000-0000-00000001d4ea,Synthetic Task 24,00000000-0000-0000-0000-00000000c37a,Synthetic Project 5,15.0,UNAVAILABLE,0.0,97.8,7,0.0,2.0,0,AVAILABLE,0,29.6,MEDIUM,2,HIGH,3,TODO,3,0,0.0,61.33,0.0,-61.33,-65.3,0.0,0,0
00000000-0000-0000-0000-000000009882,Synthetic Dev 39,synth_dev_39@devalign.research,00000000-0000-0000-0000-00000001fbfa,Synthetic Task 26,00000000-0000-0000-0000-000000004e4a,Synthetic Project 2,14.3,AVAILABLE,1.0,63.6,4,0.0,40.0,0,AVAILABLE,0,16.3,LOW,1,HIGH,3,TODO,2,1,0.5,77.95,27.0,-50.95,-77.1,34.26,0,0
00000000-0000-0000-0000-000000002f0a,Synthetic Dev 12,synth_dev_12@devalign.research,00000000-0000-0000-0000-00000000273a,Synthetic Task 2,00000000-0000-0000-0000-00000000755a,Synthetic Project 3,13.0,AVAILABLE,1.0,58.0,6,17.2,40.0,1,AVAILABLE,0,54.9,HIGH,3,MEDIUM,2,TODO,2,0,0.0,59.45,0.0,-59.45,-62.3,0.0,0,0
00000000-0000-0000-0000-0000000013b2,Synthetic Dev 5,synth_dev_5@devalign.research,00000000-0000-0000-0000-00000001c162,Synthetic Task 23,00000000-0000-0000-0000-000000009c6a,Synthetic Project 4,4.0,UNAVAILABLE,0.0,74.9,7,1195.0,2.0,2,OVERLOADED,3,54.3,HIGH,3,LOW,1,TODO,4,2,0.5,70.15,40.97,-29.18,-67.7,49.69,0,0
00000000-0000-0000-0000-000000007942,Synthetic Dev 31,synth_dev_31@devalign.research,00000000-0000-0000-0000-0000000138aa,Synthetic Task 16,00000000-0000-0000-0000-000000004e4a,Synthetic Project 2,2.6,AVAILABLE,1.0,57.0,3,69.5,40.0,3,BALANCED,1,59.4,MEDIUM,2,CRITICAL,4,TODO,2,1,0.5,71.8,38.35,-33.45,-88.6,50.0,0,0
00000000-0000-0000-0000-0000000032f2,Synthetic Dev 13,synth_dev_13@devalign.research,00000000-0000-0000-0000-000000017342,Synthetic Task 19,00000000-0000-0000-0000-00000000c37a,Synthetic Project 5,6.5,PARTIAL,0.5,92.1,3,0.0,20.0,0,AVAILABLE,0,17.1,HIGH,3,LOW,1,TODO,3,1,0.3333,82.57,12.37,-70.2,-89.1,15.81,0,0
00000000-0000-0000-0000-0000000084fa,Synthetic Dev 34,synth_dev_34@devalign.research,00000000-0000-0000-0000-00000000fe12,Synthetic Task 13,00000000-0000-0000-0000-000000009c6a,Synthetic Project 4,7.5,UNAVAILABLE,0.0,65.3,5,830.0,2.0,3,OVERLOADED,3,52.4,HIGH,3,MEDIUM,2,TODO,3,2,0.6667,68.67,31.57,-37.1,-82.8,51.29,0,0
00000000-0000-0000-0000-00000000ac0a,Synthetic Dev 44,synth_dev_44@devalign.research,00000000-0000-0000-0000-00000000c37a,Synthetic Task 10,00000000-0000-0000-0000-00000000273a,Synthetic Project 1,0.6,UNAVAILABLE,0.0,95.8,6,0.0,2.0,0,AVAILABLE,0,21.4,HIGH,3,MEDIUM,2,TODO,1,1,1.0,66.3,31.1,-35.2,-35.2,46.91,0,0
00000000-0000-0000-0000-0000000090b2,Synthetic Dev 37,synth_dev_37@devalign.research,00000000-0000-0000-0000-000000015fba,Synthetic Task 18,00000000-0000-0000-0000-000000009c6a,Synthetic Project 4,8.2,UNAVAILABLE,0.0,94.0,3,1790.0,2.0,4,OVERLOADED,3,23.0,MEDIUM,2,HIGH,3,TODO,4,3,0.75,75.42,43.75,-31.67,-85.5,56.41,1,0
00000000-0000-0000-0000-000000008112,Synthetic Dev 33,synth_dev_33@devalign.research,00000000-0000-0000-0000-00000002230a,Synthetic Task 28,00000000-0000-0000-0000-000000009c6a,Synthetic Project 4,10.2,PARTIAL,0.5,97.5,6,144.5,20.0,4,OVERLOADED,3,45.0,LOW,1,HIGH,3,TODO,1,1,1.0,63.1,46.1,-17.0,-17.0,73.06,0,0
00000000-0000-0000-0000-000000007942,Synthetic Dev 31,synth_dev_31@devalign.research,00000000-0000-0000-0000-000000015fba,Synthetic Task 18,00000000-0000-0000-0000-000000009c6a,Synthetic Project 4,2.6,AVAILABLE,1.0,57.0,3,69.5,40.0,3,BALANCED,1,23.0,MEDIUM,2,HIGH,3,TODO,4,1,0.25,75.42,13.75,-61.67,-85.5,19.78,0,0
00000000-0000-0000-0000-00000000bbaa,Synthetic Dev 48,synth_dev_48@devalign.research,00000000-0000-0000-0000-000000020f82,Synthetic Task 27,00000000-0000-0000-0000-00000000755a,Synthetic Project 3,14.1,PARTIAL,0.5,75.5,3,0.0,20.0,0,AVAILABLE,0,39.2,HIGH,3,MEDIUM,2,TODO,1,0,0.0,81.5,0.0,-81.5,-81.5,0.0,0,0
00000000-0000-0000-0000-00000000273a,Synthetic Dev 10,synth_dev_10@devalign.research,00000000-0000-0000-0000-00000001e872,Synthetic Task 25,00000000-0000-0000-0000-00000000273a,Synthetic Project 1,11.6,UNAVAILABLE,0.0,60.5,4,1745.0,2.0,3,OVERLOADED,3,5.2,MEDIUM,2,HIGH,3,TODO,4,2,0.5,82.55,42.38,-40.17,-83.3,47.97,0,0
00000000-0000-0000-0000-000000004e4a,Synthetic Dev 20,synth_dev_20@devalign.research,00000000-0000-0000-0000-00000000aff2,Synthetic Task 9,00000000-0000-0000-0000-00000000c37a,Synthetic Project 5,4.8,UNAVAILABLE,0.0,83.5,3,345.0,2.0,1,OVERLOADED,3,34.8,LOW,1,HIGH,3,TODO,3,0,0.0,69.47,0.0,-69.47,-82.0,0.0,0,0
00000000-0000-0000-0000-000000007d2a,Synthetic Dev 32,synth_dev_32@devalign.research,00000000-0000-0000-0000-00000002230a,Synthetic Task 28,00000000-0000-0000-0000-000000009c6a,Synthetic Project 4,10.0,AVAILABLE,1.0,55.2,4,0.0,40.0,0,AVAILABLE,0,45.0,LOW,1,HIGH,3,TODO,1,0,0.0,63.1,0.0,-63.1,-63.1,0.0,0,0
00000000-0000-0000-0000-00000000bbaa,Synthetic Dev 48,synth_dev_48@devalign.research,00000000-0000-0000-0000-000000017342,Synthetic Task 19,00000000-0000-0000-0000-00000000c37a,Synthetic Project 5,14.1,PARTIAL,0.5,75.5,3,0.0,20.0,0,AVAILABLE,0,17.1,HIGH,3,LOW,1,TODO,3,0,0.0,82.57,0.0,-82.57,-89.1,0.0,0,0
00000000-0000-0000-0000-000000001f6a,Synthetic Dev 8,synth_dev_8@devalign.research,00000000-0000-0000-0000-00000000ea8a,Synthetic Task 12,00000000-0000-0000-0000-00000000755a,Synthetic Project 3,7.1,AVAILABLE,1.0,96.0,4,59.0,40.0,2,BALANCED,1,32.5,HIGH,3,HIGH,3,TODO,3,2,0.6667,65.7,50.37,-15.33,-72.1,66.67,0,0
00000000-0000-0000-0000-000000001b82,Synthetic Dev 7,synth_dev_7@devalign.research,00000000-0000-0000-0000-00000001d4ea,Synthetic Task 24,00000000-0000-0000-0000-00000000c37a,Synthetic Project 5,9.1,PARTIAL,0.5,75.1,3,118.0,20.0,2,OVERLOADED,3,29.6,MEDIUM,2,HIGH,3,TODO,3,0,0.0,61.33,0.0,-61.33,-65.3,0.0,0,0
00000000-0000-0000-0000-00000000179a,Synthetic Dev 6,synth_dev_6@devalign.research,00000000-0000-0000-0000-00000001adda,Synthetic Task 22,00000000-0000-0000-0000-00000000755a,Synthetic Project 3,7.2,UNAVAILABLE,0.0,66.4,7,510.0,2.0,1,OVERLOADED,3,31.9,HIGH,3,MEDIUM,2,TODO,2,1,0.5,71.95,17.05,-54.9,-68.4,22.58,0,0
00000000-0000-0000-0000-0000000065ba,Synthetic Dev 26,synth_dev_26@devalign.research,00000000-0000-0000-0000-000000019a52,Synthetic Task 21,00000000-0000-0000-0000-000000004e4a,Synthetic Project 2,9.8,PARTIAL,0.5,72.2,3,146.5,20.0,4,OVERLOADED,3,33.7,LOW,1,MEDIUM,2,TODO,2,1,0.5,69.0,16.25,-52.75,-84.8,30.55,0,0
00000000-0000-0000-0000-00000000949a,Synthetic Dev 38,synth_dev_38@devalign.research,00000000-0000-0000-0000-000000012522,Synthetic Task 15,00000000-0000-0000-0000-00000000273a,Synthetic Project 1,3.6,PARTIAL,0.5,69.1,6,104.0,20.0,3,OVERLOADED,3,36.0,LOW,1,MEDIUM,2,TODO,2,1,0.5,65.8,17.25,-48.55,-62.7,25.04,0,0
00000000-0000-0000-0000-00000000a052,Synthetic Dev 41,synth_dev_41@devalign.research,00000000-0000-0000-0000-000000023692,Synthetic Task 29,00000000-0000-0000-0000-00000000c37a,Synthetic Project 5,1.6,AVAILABLE,1.0,84.7,5,14.3,40.0,1,AVAILABLE,0,15.2,MEDIUM,2,MEDIUM,2,TODO,3,2,0.6667,75.5,47.67,-27.83,-83.2,65.28,0,0
00000000-0000-0000-0000-00000000a052,Synthetic Dev 41,synth_dev_41@devalign.research,00000000-0000-0000-0000-00000000c37a,Synthetic Task 10,00000000-0000-0000-0000-00000000273a,Synthetic Project 1,1.6,AVAILABLE,1.0,84.7,5,14.3,40.0,1,AVAILABLE,0,21.4,HIGH,3,MEDIUM,2,TODO,1,0,0.0,66.3,0.0,-66.3,-66.3,0.0,0,0
00000000-0000-0000-0000-000000007942,Synthetic Dev 31,synth_dev_31@devalign.research,00000000-0000-0000-0000-000000003ac2,Synthetic Task 3,00000000-0000-0000-0000-000000009c6a,Synthetic Project 4,2.6,AVAILABLE,1.0,57.0,3,69.5,40.0,3,BALANCED,1,28.6,HIGH,3,HIGH,3,TODO,4,2,0.5,74.65,32.92,-41.72,-73.9,42.77,0,0
00000000-0000-0000-0000-0000000084fa,Synthetic Dev 34,synth_dev_34@devalign.research,00000000-0000-0000-0000-000000020f82,Synthetic Task 27,00000000-0000-0000-0000-00000000755a,Synthetic Project 3,7.5,UNAVAILABLE,0.0,65.3,5,830.0,2.0,3,OVERLOADED,3,39.2,HIGH,3,MEDIUM,2,TODO,1,1,1.0,81.5,39.8,-41.7,-41.7,48.83,0,0
00000000-0000-0000-0000-0000000065ba,Synthetic Dev 26,synth_dev_26@devalign.research,00000000-0000-0000-0000-00000000fe12,Synthetic Task 13,00000000-0000-0000-0000-000000009c6a,Synthetic Project 4,9.8,PARTIAL,0.5,72.2,3,146.5,20.0,4,OVERLOADED,3,52.4,HIGH,3,MEDIUM,2,TODO,3,1,0.3333,68.67,31.3,-37.37,-82.8,33.33,0,0
00000000-0000-0000-0000-000000008cca,Synthetic Dev 36,synth_dev_36@devalign.research,00000000-0000-0000-0000-00000000d702,Synthetic Task 11,00000000-0000-0000-0000-000000004e4a,Synthetic Project 2,13.5,UNAVAILABLE,0.0,76.0,3,805.0,2.0,2,OVERLOADED,3,29.8,LOW,1,LOW,1,TODO,1,0,0.0,69.9,0.0,-69.9,-69.9,0.0,0,0
00000000-0000-0000-0000-000000004292,Synthetic Dev 17,synth_dev_17@devalign.research,00000000-0000-0000-0000-000000024a1a,Synthetic Task 30,00000000-0000-0000-0000-00000000273a,Synthetic Project 1,13.8,UNAVAILABLE,0.0,77.8,3,0.0,2.0,0,AVAILABLE,0,45.8,MEDIUM,2,HIGH,3,TODO,3,1,0.3333,76.23,15.1,-61.13,-88.7,27.16,0,0
00000000-0000-0000-0000-00000000ac0a,Synthetic Dev 44,synth_dev_44@devalign.research,00000000-0000-0000-0000-00000001fbfa,Synthetic Task 26,00000000-0000-0000-0000-000000004e4a,Synthetic Project 2,0.6,UNAVAILABLE,0.0,95.8,6,0.0,2.0,0,AVAILABLE,0,16.3,LOW,1,HIGH,3,TODO,2,1,0.5,77.95,22.9,-55.05,-78.8,29.7,0,0
00000000-0000-0000-0000-000000009c6a,Synthetic Dev 40,synth_dev_40@devalign.research,00000000-0000-0000-0000-00000000755a,Synthetic Task 6,00000000-0000-0000-0000-000000004e4a,Synthetic Project 2,9.3,UNAVAILABLE,0.0,87.2,4,0.0,2.0,0,AVAILABLE,0,39.5,LOW,1,CRITICAL,4,TODO,4,1,0.25,71.9,22.25,-49.65,-84.3,25.0,0,0
00000000-0000-0000-0000-0000000088e2,Synthetic Dev 35,synth_dev_35@devalign.research,00000000-0000-0000-0000-000000023692,Synthetic Task 29,00000000-0000-0000-0000-00000000c37a,Synthetic Project 5,6.4,PARTIAL,0.5,78.3,6,81.5,20.0,3,HIGH,2,15.2,MEDIUM,2,MEDIUM,2,TODO,3,2,0.6667,75.5,51.0,-24.5,-83.0,59.38,0,0
00000000-0000-0000-0000-00000000c37a,Synthetic Dev 50,synth_dev_50@devalign.research,00000000-0000-0000-0000-00000000aff2,Synthetic Task 9,00000000-0000-0000-0000-00000000c37a,Synthetic Project 5,1.7,UNAVAILABLE,0.0,65.3,3,1105.0,2.0,4,OVERLOADED,3,34.8,LOW,1,HIGH,3,TODO,3,1,0.3333,69.47,15.0,-54.47,-82.0,29.3,0,0
00000000-0000-0000-0000-000000007942,Synthetic Dev 31,synth_dev_31@devalign.research,00000000-0000-0000-0000-000000004e4a,Synthetic Task 4,00000000-0000-0000-0000-00000000c37a,Synthetic Project 5,2.6,AVAILABLE,1.0,57.0,3,69.5,40.0,3,BALANCED,1,37.8,HIGH,3,HIGH,3,TODO,1,0,0.0,59.2,0.0,-59.2,-59.2,0.0,0,0
00000000-0000-0000-0000-000000007942,Synthetic Dev 31,synth_dev_31@devalign.research,00000000-0000-0000-0000-0000000061d2,Synthetic Task 5,00000000-0000-0000-0000-00000000273a,Synthetic Project 1,2.6,AVAILABLE,1.0,57.0,3,69.5,40.0,3,BALANCED,1,60.0,HIGH,3,LOW,1,TODO,3,0,0.0,77.17,0.0,-77.17,-86.6,0.0,0,0
00000000-0000-0000-0000-000000007942,Synthetic Dev 31,synth_dev_31@devalign.research,00000000-0000-0000-0000-00000001c162,Synthetic Task 23,00000000-0000-0000-0000-000000009c6a,Synthetic Project 4,2.6,AVAILABLE,1.0,57.0,3,69.5,40.0,3,BALANCED,1,54.3,HIGH,3,LOW,1,TODO,4,0,0.0,70.15,0.0,-70.15,-75.6,0.0,0,0
00000000-0000-0000-0000-0000000032f2,Synthetic Dev 13,synth_dev_13@devalign.research,00000000-0000-0000-0000-0000000088e2,Synthetic Task 7,00000000-0000-0000-0000-00000000755a,Synthetic Project 3,6.5,PARTIAL,0.5,92.1,3,0.0,20.0,0,AVAILABLE,0,20.1,HIGH,3,CRITICAL,4,TODO,4,1,0.25,70.12,20.5,-49.62,-88.8,25.0,0,0
00000000-0000-0000-0000-0000000036da,Synthetic Dev 14,synth_dev_14@devalign.research,00000000-0000-0000-0000-000000004e4a,Synthetic Task 4,00000000-0000-0000-0000-00000000c37a,Synthetic Project 5,7.0,UNAVAILABLE,0.0,73.1,3,825.0,2.0,2,OVERLOADED,3,37.8,HIGH,3,HIGH,3,TODO,1,1,1.0,59.2,84.3,25.1,25.1,100.0,0,0
00000000-0000-0000-0000-000000006d8a,Synthetic Dev 28,synth_dev_28@devalign.research,00000000-0000-0000-0000-000000019a52,Synthetic Task 21,00000000-0000-0000-0000-000000004e4a,Synthetic Project 2,13.9,UNAVAILABLE,0.0,81.8,5,0.0,2.0,0,AVAILABLE,0,33.7,LOW,1,MEDIUM,2,TODO,2,1,0.5,69.0,36.6,-32.4,-84.8,50.0,0,0
00000000-0000-0000-0000-000000007d2a,Synthetic Dev 32,synth_dev_32@devalign.research,00000000-0000-0000-0000-00000000aff2,Synthetic Task 9,00000000-0000-0000-0000-00000000c37a,Synthetic Project 5,10.0,AVAILABLE,1.0,55.2,4,0.0,40.0,0,AVAILABLE,0,34.8,LOW,1,HIGH,3,TODO,3,1,0.3333,69.47,12.63,-56.83,-82.0,24.67,0,0
00000000-0000-0000-0000-00000000a43a,Synthetic Dev 42,synth_dev_42@devalign.research,00000000-0000-0000-0000-00000000fe12,Synthetic Task 13,00000000-0000-0000-0000-000000009c6a,Synthetic Project 4,2.0,PARTIAL,0.5,96.3,6,149.5,20.0,3,OVERLOADED,3,52.4,HIGH,3,MEDIUM,2,TODO,3,2,0.6667,68.67,38.17,-30.5,-61.3,51.85,0,0
00000000-0000-0000-0000-000000007d2a,Synthetic Dev 32,synth_dev_32@devalign.research,00000000-0000-0000-0000-000000023692,Synthetic Task 29,00000000-0000-0000-0000-00000000c37a,Synthetic Project 5,10.0,AVAILABLE,1.0,55.2,4,0.0,40.0,0,AVAILABLE,0,15.2,MEDIUM,2,MEDIUM,2,TODO,3,1,0.3333,75.5,29.87,-45.63,-83.0,33.33,0,0
00000000-0000-0000-0000-000000007172,Synthetic Dev 29,synth_dev_29@devalign.research,00000000-0000-0000-0000-000000020f82,Synthetic Task 27,00000000-0000-0000-0000-00000000755a,Synthetic Project 3,13.6,UNAVAILABLE,0.0,81.5,3,785.0,2.0,2,OVERLOADED,3,39.2,HIGH,3,MEDIUM,2,TODO,1,1,1.0,81.5,57.9,-23.6,-23.6,71.04,0,0
00000000-0000-0000-0000-000000007942,Synthetic Dev 31,synth_dev_31@devalign.research,00000000-0000-0000-0000-0000000186ca,Synthetic Task 20,00000000-0000-0000-0000-00000000273a,Synthetic Project 1,2.6,AVAILABLE,1.0,57.0,3,69.5,40.0,3,BALANCED,1,13.3,LOW,1,CRITICAL,4,TODO,3,0,0.0,69.5,0.0,-69.5,-81.8,0.0,0,0
00000000-0000-0000-0000-00000000b7c2,Synthetic Dev 47,synth_dev_47@devalign.research,00000000-0000-0000-0000-000000017342,Synthetic Task 19,00000000-0000-0000-0000-00000000c37a,Synthetic Project 5,4.5,AVAILABLE,1.0,96.9,4,70.5,40.0,4,BALANCED,1,17.1,HIGH,3,LOW,1,TODO,3,1,0.3333,82.57,20.37,-62.2,-89.1,25.33,0,0
00000000-0000-0000-0000-00000000a822,Synthetic Dev 43,synth_dev_43@devalign.research,00000000-0000-0000-0000-000000009c6a,Synthetic Task 8,00000000-0000-0000-0000-000000009c6a,Synthetic Project 4,13.3,PARTIAL,0.5,65.5,6,135.0,20.0,3,OVERLOADED,3,40.8,HIGH,3,LOW,1,TODO,4,2,0.5,75.05,25.33,-49.73,-80.4,35.21,0,0
00000000-0000-0000-0000-00000000a052,Synthetic Dev 41,synth_dev_41@devalign.research,00000000-0000-0000-0000-0000000186ca,Synthetic Task 20,00000000-0000-0000-0000-00000000273a,Synthetic Project 1,1.6,AVAILABLE,1.0,84.7,5,14.3,40.0,1,AVAILABLE,0,13.3,LOW,1,CRITICAL,4,TODO,3,2,0.6667,69.5,40.23,-29.27,-65.0,56.86,0,0
00000000-0000-0000-0000-0000000090b2,Synthetic Dev 37,synth_dev_37@devalign.research,00000000-0000-0000-0000-0000000013b2,Synthetic Task 1,00000000-0000-0000-0000-000000004e4a,Synthetic Project 2,8.2,UNAVAILABLE,0.0,94.0,3,1790.0,2.0,4,OVERLOADED,3,8.0,HIGH,3,CRITICAL,4,TODO,2,0,0.0,69.4,0.0,-69.4,-71.8,0.0,0,0
00000000-0000-0000-0000-000000001b82,Synthetic Dev 7,synth_dev_7@devalign.research,00000000-0000-0000-0000-000000009c6a,Synthetic Task 8,00000000-0000-0000-0000-000000009c6a,Synthetic Project 4,9.1,PARTIAL,0.5,75.1,3,118.0,20.0,2,OVERLOADED,3,40.8,HIGH,3,LOW,1,TODO,4,1,0.25,75.05,12.28,-62.77,-80.3,15.27,0,0
00000000-0000-0000-0000-0000000069a2,Synthetic Dev 27,synth_dev_27@devalign.research,00000000-0000-0000-0000-00000001119a,Synthetic Task 14,00000000-0000-0000-0000-00000000c37a,Synthetic Project 5,6.8,UNAVAILABLE,0.0,86.3,7,805.0,2.0,2,OVERLOADED,3,52.5,HIGH,3,CRITICAL,4,TODO,4,3,0.75,68.72,47.97,-20.75,-72.1,61.18,0,0
00000000-0000-0000-0000-000000009c6a,Synthetic Dev 40,synth_dev_40@devalign.research,00000000-0000-0000-0000-00000001c162,Synthetic Task 23,00000000-0000-0000-0000-000000009c6a,Synthetic Project 4,9.3,UNAVAILABLE,0.0,87.2,4,0.0,2.0,0,AVAILABLE,0,54.3,HIGH,3,LOW,1,TODO,4,3,0.75,70.15,53.25,-16.9,-63.8,67.88,0,0
00000000-0000-0000-0000-000000005dea,Synthetic Dev 24,synth_dev_24@devalign.research,00000000-0000-0000-0000-00000000755a,Synthetic Task 6,00000000-0000-0000-0000-000000004e4a,Synthetic Project 2,13.0,AVAILABLE,1.0,97.0,3,28.0,40.0,1,AVAILABLE,0,39.5,LOW,1,CRITICAL,4,TODO,4,1,0.25,71.9,21.55,-50.35,-76.8,25.0,0,0
00000000-0000-0000-0000-0000000088e2,Synthetic Dev 35,synth_dev_35@devalign.research,00000000-0000-0000-0000-00000000aff2,Synthetic Task 9,00000000-0000-0000-0000-00000000c37a,Synthetic Project 5,6.4,PARTIAL,0.5,78.3,6,81.5,20.0,3,HIGH,2,34.8,LOW,1,HIGH,3,TODO,3,1,0.3333,69.47,29.33,-40.13,-82.0,33.33,0,0
00000000-0000-0000-0000-000000002b22,Synthetic Dev 11,synth_dev_11@devalign.research,00000000-0000-0000-0000-0000000186ca,Synthetic Task 20,00000000-0000-0000-0000-00000000273a,Synthetic Project 1,14.9,PARTIAL,0.5,82.9,6,169.5,20.0,3,OVERLOADED,3,13.3,LOW,1,CRITICAL,4,TODO,3,1,0.3333,69.5,11.53,-57.97,-65.0,14.1,0,0
00000000-0000-0000-0000-000000005dea,Synthetic Dev 24,synth_dev_24@devalign.research,00000000-0000-0000-0000-000000004e4a,Synthetic Task 4,00000000-0000-0000-0000-00000000c37a,Synthetic Project 5,13.0,AVAILABLE,1.0,97.0,3,28.0,40.0,1,AVAILABLE,0,37.8,HIGH,3,HIGH,3,TODO,1,0,0.0,59.2,0.0,-59.2,-59.2,0.0,0,0
00000000-0000-0000-0000-00000000755a,Synthetic Dev 30,synth_dev_30@devalign.research,00000000-0000-0000-0000-0000000013b2,Synthetic Task 1,00000000-0000-0000-0000-000000004e4a,Synthetic Project 2,6.9,PARTIAL,0.5,84.1,4,166.0,20.0,4,OVERLOADED,3,8.0,HIGH,3,CRITICAL,4,TODO,2,1,0.5,69.4,39.4,-30.0,-71.8,50.0,0,0
00000000-0000-0000-0000-000000005a02,Synthetic Dev 23,synth_dev_23@devalign.research,00000000-0000-0000-0000-00000001e872,Synthetic Task 25,00000000-0000-0000-0000-00000000273a,Synthetic Project 1,1.1,AVAILABLE,1.0,70.7,4,0.0,40.0,0,AVAILABLE,0,5.2,MEDIUM,2,HIGH,3,TODO,4,0,0.0,82.55,0.0,-82.55,-86.1,0.0,1,0
00000000-0000-0000-0000-000000000412,Synthetic Dev 1,synth_dev_1@devalign.research,00000000-0000-0000-0000-00000000ea8a,Synthetic Task 12,00000000-0000-0000-0000-00000000755a,Synthetic Project 3,2.1,UNAVAILABLE,0.0,86.9,3,330.0,2.0,1,OVERLOADED,3,32.5,HIGH,3,HIGH,3,TODO,3,2,0.6667,65.7,25.73,-39.97,-72.1,41.57,0,0
00000000-0000-0000-0000-0000000069a2,Synthetic Dev 27,synth_dev_27@devalign.research,00000000-0000-0000-0000-0000000061d2,Synthetic Task 5,00000000-0000-0000-0000-00000000273a,Synthetic Project 1,6.8,UNAVAILABLE,0.0,86.3,7,805.0,2.0,2,OVERLOADED,3,60.0,HIGH,3,LOW,1,TODO,3,2,0.6667,77.17,56.33,-20.83,-68.8,66.67,0,0
00000000-0000-0000-0000-00000000b7c2,Synthetic Dev 47,synth_dev_47@devalign.research,00000000-0000-0000-0000-0000000088e2,Synthetic Task 7,00000000-0000-0000-0000-00000000755a,Synthetic Project 3,4.5,AVAILABLE,1.0,96.9,4,70.5,40.0,4,BALANCED,1,20.1,HIGH,3,CRITICAL,4,TODO,4,2,0.5,70.12,25.15,-44.98,-66.2,34.36,0,0
00000000-0000-0000-0000-000000001f6a,Synthetic Dev 8,synth_dev_8@devalign.research,00000000-0000-0000-0000-00000002230a,Synthetic Task 28,00000000-0000-0000-0000-000000009c6a,Synthetic Project 4,7.1,AVAILABLE,1.0,96.0,4,59.0,40.0,2,BALANCED,1,45.0,LOW,1,HIGH,3,TODO,1,1,1.0,63.1,39.9,-23.2,-23.2,63.23,0,0
00000000-0000-0000-0000-0000000090b2,Synthetic Dev 37,synth_dev_37@devalign.research,00000000-0000-0000-0000-00000000aff2,Synthetic Task 9,00000000-0000-0000-0000-00000000c37a,Synthetic Project 5,8.2,UNAVAILABLE,0.0,94.0,3,1790.0,2.0,4,OVERLOADED,3,34.8,LOW,1,HIGH,3,TODO,3,1,0.3333,69.47,28.77,-40.7,-75.2,33.33,0,0
00000000-0000-0000-0000-000000000be2,Synthetic Dev 3,synth_dev_3@devalign.research,00000000-0000-0000-0000-00000001adda,Synthetic Task 22,00000000-0000-0000-0000-00000000755a,Synthetic Project 3,9.3,PARTIAL,0.5,89.7,6,131.5,20.0,3,OVERLOADED,3,31.9,HIGH,3,MEDIUM,2,TODO,2,1,0.5,71.95,40.1,-31.85,-75.5,50.0,0,0
00000000-0000-0000-0000-0000000065ba,Synthetic Dev 26,synth_dev_26@devalign.research,00000000-0000-0000-0000-00000000c37a,Synthetic Task 10,00000000-0000-0000-0000-00000000273a,Synthetic Project 1,9.8,PARTIAL,0.5,72.2,3,146.5,20.0,4,OVERLOADED,3,21.4,HIGH,3,MEDIUM,2,TODO,1,0,0.0,66.3,0.0,-66.3,-66.3,0.0,0,0
00000000-0000-0000-0000-0000000069a2,Synthetic Dev 27,synth_dev_27@devalign.research,00000000-0000-0000-0000-00000000fe12,Synthetic Task 13,00000000-0000-0000-0000-000000009c6a,Synthetic Project 4,6.8,UNAVAILABLE,0.0,86.3,7,805.0,2.0,2,OVERLOADED,3,52.4,HIGH,3,MEDIUM,2,TODO,3,2,0.6667,68.67,46.8,-21.87,-61.9,64.71,0,0
00000000-0000-0000-0000-0000000007fa,Synthetic Dev 2,synth_dev_2@devalign.research,00000000-0000-0000-0000-00000000fe12,Synthetic Task 13,00000000-0000-0000-0000-000000009c6a,Synthetic Project 4,0.9,UNAVAILABLE,0.0,63.6,6,1585.0,2.0,4,OVERLOADED,3,52.4,HIGH,3,MEDIUM,2,TODO,3,2,0.6667,68.67,30.67,-38.0,-61.3,42.49,0,0
00000000-0000-0000-0000-000000000fca,Synthetic Dev 4,synth_dev_4@devalign.research,00000000-0000-0000-0000-00000000fe12,Synthetic Task 13,00000000-0000-0000-0000-000000009c6a,Synthetic Project 4,12.9,AVAILABLE,1.0,92.3,5,52.0,40.0,3,BALANCED,1,52.4,HIGH,3,MEDIUM,2,TODO,3,1,0.3333,68.67,30.3,-38.37,-82.8,33.33,0,0
00000000-0000-0000-0000-000000007172,Synthetic Dev 29,synth_dev_29@devalign.research,00000000-0000-0000-0000-000000009c6a,Synthetic Task 8,00000000-0000-0000-0000-000000009c6a,Synthetic Project 4,13.6,UNAVAILABLE,0.0,81.5,3,785.0,2.0,2,OVERLOADED,3,40.8,HIGH,3,LOW,1,TODO,4,2,0.5,75.05,32.62,-42.43,-80.3,42.2,0,0
00000000-0000-0000-0000-000000002f0a,Synthetic Dev 12,synth_dev_12@devalign.research,00000000-0000-0000-0000-000000003ac2,Synthetic Task 3,00000000-0000-0000-0000-000000009c6a,Synthetic Project 4,13.0,AVAILABLE,1.0,58.0,6,17.2,40.0,1,AVAILABLE,0,28.6,HIGH,3,HIGH,3,TODO,4,2,0.5,74.65,23.57,-51.08,-85.6,34.16,0,0
00000000-0000-0000-0000-0000000061d2,Synthetic Dev 25,synth_dev_25@devalign.research,00000000-0000-0000-0000-00000001adda,Synthetic Task 22,00000000-0000-0000-0000-00000000755a,Synthetic Project 3,2.8,PARTIAL,0.5,85.2,6,166.5,20.0,3,OVERLOADED,3,31.9,HIGH,3,MEDIUM,2,TODO,2,2,1.0,71.95,50.2,-21.75,-31.0,70.33,0,0
00000000-0000-0000-0000-000000006d8a,Synthetic Dev 28,synth_dev_28@devalign.research,00000000-0000-0000-0000-000000014c32,Synthetic Task 17,00000000-0000-0000-0000-00000000755a,Synthetic Project 3,13.9,UNAVAILABLE,0.0,81.8,5,0.0,2.0,0,AVAILABLE,0,53.0,MEDIUM,2,LOW,1,TODO,4,1,0.25,69.43,18.82,-50.6,-78.9,25.0,0,0
00000000-0000-0000-0000-000000001b82,Synthetic Dev 7,synth_dev_7@devalign.research,00000000-0000-0000-0000-0000000138aa,Synthetic Task 16,00000000-0000-0000-0000-000000004e4a,Synthetic Project 2,9.1,PARTIAL,0.5,75.1,3,118.0,20.0,2,OVERLOADED,3,59.4,MEDIUM,2,CRITICAL,4,TODO,2,0,0.0,71.8,0.0,-71.8,-88.6,0.0,0,0
00000000-0000-0000-0000-000000005dea,Synthetic Dev 24,synth_dev_24@devalign.research,00000000-0000-0000-0000-000000015fba,Synthetic Task 18,00000000-0000-0000-0000-000000009c6a,Synthetic Project 4,13.0,AVAILABLE,1.0,97.0,3,28.0,40.0,1,AVAILABLE,0,23.0,MEDIUM,2,HIGH,3,TODO,4,3,0.75,75.42,62.75,-12.67,-75.1,75.0,0,0
00000000-0000-0000-0000-00000000b3da,Synthetic Dev 46,synth_dev_46@devalign.research,00000000-0000-0000-0000-00000001c162,Synthetic Task 23,00000000-0000-0000-0000-000000009c6a,Synthetic Project 4,4.5,PARTIAL,0.5,80.4,3,183.5,20.0,4,OVERLOADED,3,54.3,HIGH,3,LOW,1,TODO,4,1,0.25,70.15,12.4,-57.75,-75.6,18.32,0,0
00000000-0000-0000-0000-0000000013b2,Synthetic Dev 5,synth_dev_5@devalign.research,00000000-0000-0000-0000-000000003ac2,Synthetic Task 3,00000000-0000-0000-0000-000000009c6a,Synthetic Project 4,4.0,UNAVAILABLE,0.0,74.9,7,1195.0,2.0,2,OVERLOADED,3,28.6,HIGH,3,HIGH,3,TODO,4,2,0.5,74.65,26.55,-48.1,-71.6,33.59,0,0
00000000-0000-0000-0000-0000000036da,Synthetic Dev 14,synth_dev_14@devalign.research,00000000-0000-0000-0000-00000000fe12,Synthetic Task 13,00000000-0000-0000-0000-000000009c6a,Synthetic Project 4,7.0,UNAVAILABLE,0.0,73.1,3,825.0,2.0,2,OVERLOADED,3,52.4,HIGH,3,MEDIUM,2,TODO,3,0,0.0,68.67,0.0,-68.67,-82.8,0.0,0,0
00000000-0000-0000-0000-000000007942,Synthetic Dev 31,synth_dev_31@devalign.research,00000000-0000-0000-0000-00000000ea8a,Synthetic Task 12,00000000-0000-0000-0000-00000000755a,Synthetic Project 3,2.6,AVAILABLE,1.0,57.0,3,69.5,40.0,3,BALANCED,1,32.5,HIGH,3,HIGH,3,TODO,3,2,0.6667,65.7,43.9,-21.8,-65.3,64.04,0,0
00000000-0000-0000-0000-0000000065ba,Synthetic Dev 26,synth_dev_26@devalign.research,00000000-0000-0000-0000-0000000186ca,Synthetic Task 20,00000000-0000-0000-0000-00000000273a,Synthetic Project 1,9.8,PARTIAL,0.5,72.2,3,146.5,20.0,4,OVERLOADED,3,13.3,LOW,1,CRITICAL,4,TODO,3,0,0.0,69.5,0.0,-69.5,-81.8,0.0,0,0
00000000-0000-0000-0000-00000000bbaa,Synthetic Dev 48,synth_dev_48@devalign.research,00000000-0000-0000-0000-0000000138aa,Synthetic Task 16,00000000-0000-0000-0000-000000004e4a,Synthetic Project 2,14.1,PARTIAL,0.5,75.5,3,0.0,20.0,0,AVAILABLE,0,59.4,MEDIUM,2,CRITICAL,4,TODO,2,1,0.5,71.8,33.3,-38.5,-55.0,37.58,0,0
00000000-0000-0000-0000-00000000c37a,Synthetic Dev 50,synth_dev_50@devalign.research,00000000-0000-0000-0000-00000000d702,Synthetic Task 11,00000000-0000-0000-0000-000000004e4a,Synthetic Project 2,1.7,UNAVAILABLE,0.0,65.3,3,1105.0,2.0,4,OVERLOADED,3,29.8,LOW,1,LOW,1,TODO,1,0,0.0,69.9,0.0,-69.9,-69.9,0.0,0,0
00000000-0000-0000-0000-00000000bf92,Synthetic Dev 49,synth_dev_49@devalign.research,00000000-0000-0000-0000-00000000d702,Synthetic Task 11,00000000-0000-0000-0000-000000004e4a,Synthetic Project 2,2.2,AVAILABLE,1.0,87.9,7,91.8,40.0,4,HIGH,2,29.8,LOW,1,LOW,1,TODO,1,1,1.0,69.9,43.5,-26.4,-26.4,62.23,0,0
00000000-0000-0000-0000-000000000fca,Synthetic Dev 4,synth_dev_4@devalign.research,00000000-0000-0000-0000-000000020f82,Synthetic Task 27,00000000-0000-0000-0000-00000000755a,Synthetic Project 3,12.9,AVAILABLE,1.0,92.3,5,52.0,40.0,3,BALANCED,1,39.2,HIGH,3,MEDIUM,2,TODO,1,0,0.0,81.5,0.0,-81.5,-81.5,0.0,0,0
00000000-0000-0000-0000-0000000032f2,Synthetic Dev 13,synth_dev_13@devalign.research,00000000-0000-0000-0000-000000023692,Synthetic Task 29,00000000-0000-0000-0000-00000000c37a,Synthetic Project 5,6.5,PARTIAL,0.5,92.1,3,0.0,20.0,0,AVAILABLE,0,15.2,MEDIUM,2,MEDIUM,2,TODO,3,0,0.0,75.5,0.0,-75.5,-83.2,0.0,0,0
00000000-0000-0000-0000-00000000561a,Synthetic Dev 22,synth_dev_22@devalign.research,00000000-0000-0000-0000-000000009c6a,Synthetic Task 8,00000000-0000-0000-0000-000000009c6a,Synthetic Project 4,2.8,PARTIAL,0.5,74.0,3,134.0,20.0,3,OVERLOADED,3,40.8,HIGH,3,LOW,1,TODO,4,1,0.25,75.05,9.9,-65.15,-80.4,12.33,0,0
00000000-0000-0000-0000-000000002352,Synthetic Dev 9,synth_dev_9@devalign.research,00000000-0000-0000-0000-00000000273a,Synthetic Task 2,00000000-0000-0000-0000-00000000755a,Synthetic Project 3,14.3,UNAVAILABLE,0.0,94.7,6,0.0,2.0,0,AVAILABLE,0,54.9,HIGH,3,MEDIUM,2,TODO,2,2,1.0,59.45,60.45,1.0,-28.5,77.13,0,0
00000000-0000-0000-0000-000000005232,Synthetic Dev 21,synth_dev_21@devalign.research,00000000-0000-0000-0000-0000000013b2,Synthetic Task 1,00000000-0000-0000-0000-000000004e4a,Synthetic Project 2,9.7,UNAVAILABLE,0.0,66.4,3,1015.0,2.0,3,OVERLOADED,3,8.0,HIGH,3,CRITICAL,4,TODO,2,1,0.5,69.4,19.25,-50.15,-71.8,28.73,0,0
00000000-0000-0000-0000-00000000aff2,Synthetic Dev 45,synth_dev_45@devalign.research,00000000-0000-0000-0000-000000023692,Synthetic Task 29,00000000-0000-0000-0000-00000000c37a,Synthetic Project 5,7.4,PARTIAL,0.5,77.8,7,179.5,20.0,3,OVERLOADED,3,15.2,MEDIUM,2,MEDIUM,2,TODO,3,2,0.6667,75.5,28.17,-47.33,-83.0,40.32,0,0
00000000-0000-0000-0000-000000000be2,Synthetic Dev 3,synth_dev_3@devalign.research,00000000-0000-0000-0000-00000001c162,Synthetic Task 23,00000000-0000-0000-0000-000000009c6a,Synthetic Project 4,9.3,PARTIAL,0.5,89.7,6,131.5,20.0,3,OVERLOADED,3,54.3,HIGH,3,LOW,1,TODO,4,2,0.5,70.15,24.0,-46.15,-75.6,36.66,0,0
00000000-0000-0000-0000-0000000090b2,Synthetic Dev 37,synth_dev_37@devalign.research,00000000-0000-0000-0000-00000001adda,Synthetic Task 22,00000000-0000-0000-0000-00000000755a,Synthetic Project 3,8.2,UNAVAILABLE,0.0,94.0,3,1790.0,2.0,4,OVERLOADED,3,31.9,HIGH,3,MEDIUM,2,TODO,2,0,0.0,71.95,0.0,-71.95,-75.5,0.0,0,0
00000000-0000-0000-0000-000000005a02,Synthetic Dev 23,synth_dev_23@devalign.research,00000000-0000-0000-0000-000000020f82,Synthetic Task 27,00000000-0000-0000-0000-00000000755a,Synthetic Project 3,1.1,AVAILABLE,1.0,70.7,4,0.0,40.0,0,AVAILABLE,0,39.2,HIGH,3,MEDIUM,2,TODO,1,0,0.0,81.5,0.0,-81.5,-81.5,0.0,0,0
00000000-0000-0000-0000-000000000be2,Synthetic Dev 3,synth_dev_3@devalign.research,00000000-0000-0000-0000-000000020f82,Synthetic Task 27,00000000-0000-0000-0000-00000000755a,Synthetic Project 3,9.3,PARTIAL,0.5,89.7,6,131.5,20.0,3,OVERLOADED,3,39.2,HIGH,3,MEDIUM,2,TODO,1,1,1.0,81.5,42.5,-39.0,-39.0,52.15,0,0
00000000-0000-0000-0000-000000005dea,Synthetic Dev 24,synth_dev_24@devalign.research,00000000-0000-0000-0000-000000012522,Synthetic Task 15,00000000-0000-0000-0000-00000000273a,Synthetic Project 1,13.0,AVAILABLE,1.0,97.0,3,28.0,40.0,1,AVAILABLE,0,36.0,LOW,1,MEDIUM,2,TODO,2,1,0.5,65.8,41.35,-24.45,-68.9,50.0,0,0
00000000-0000-0000-0000-000000008cca,Synthetic Dev 36,synth_dev_36@devalign.research,00000000-0000-0000-0000-000000017342,Synthetic Task 19,00000000-0000-0000-0000-00000000c37a,Synthetic Project 5,13.5,UNAVAILABLE,0.0,76.0,3,805.0,2.0,2,OVERLOADED,3,17.1,HIGH,3,LOW,1,TODO,3,1,0.3333,82.57,25.7,-56.87,-89.1,32.86,0,0
00000000-0000-0000-0000-000000008cca,Synthetic Dev 36,synth_dev_36@devalign.research,00000000-0000-0000-0000-00000002230a,Synthetic Task 28,00000000-0000-0000-0000-000000009c6a,Synthetic Project 4,13.5,UNAVAILABLE,0.0,76.0,3,805.0,2.0,2,OVERLOADED,3,45.0,LOW,1,HIGH,3,TODO,1,0,0.0,63.1,0.0,-63.1,-63.1,0.0,0,0
00000000-0000-0000-0000-000000002352,Synthetic Dev 9,synth_dev_9@devalign.research,00000000-0000-0000-0000-000000003ac2,Synthetic Task 3,00000000-0000-0000-0000-000000009c6a,Synthetic Project 4,14.3,UNAVAILABLE,0.0,94.7,6,0.0,2.0,0,AVAILABLE,0,28.6,HIGH,3,HIGH,3,TODO,4,1,0.25,74.65,8.9,-65.75,-85.6,13.19,0,0
00000000-0000-0000-0000-00000000aff2,Synthetic Dev 45,synth_dev_45@devalign.research,00000000-0000-0000-0000-0000000138aa,Synthetic Task 16,00000000-0000-0000-0000-000000004e4a,Synthetic Project 2,7.4,PARTIAL,0.5,77.8,7,179.5,20.0,3,OVERLOADED,3,59.4,MEDIUM,2,CRITICAL,4,TODO,2,1,0.5,71.8,18.9,-52.9,-88.6,34.36,0,0
00000000-0000-0000-0000-000000003eaa,Synthetic Dev 16,synth_dev_16@devalign.research,00000000-0000-0000-0000-000000004e4a,Synthetic Task 4,00000000-0000-0000-0000-00000000c37a,Synthetic Project 5,10.1,UNAVAILABLE,0.0,75.9,3,355.0,2.0,1,OVERLOADED,3,37.8,HIGH,3,HIGH,3,TODO,1,0,0.0,59.2,0.0,-59.2,-59.2,0.0,0,0
00000000-0000-0000-0000-0000000007fa,Synthetic Dev 2,synth_dev_2@devalign.research,00000000-0000-0000-0000-00000002230a,Synthetic Task 28,00000000-0000-0000-0000-000000009c6a,Synthetic Project 4,0.9,UNAVAILABLE,0.0,63.6,6,1585.0,2.0,4,OVERLOADED,3,45.0,LOW,1,HIGH,3,TODO,1,1,1.0,63.1,40.1,-23.0,-23.0,63.55,0,0
00000000-0000-0000-0000-000000004292,Synthetic Dev 17,synth_dev_17@devalign.research,00000000-0000-0000-0000-0000000088e2,Synthetic Task 7,00000000-0000-0000-0000-00000000755a,Synthetic Project 3,13.8,UNAVAILABLE,0.0,77.8,3,0.0,2.0,0,AVAILABLE,0,20.1,HIGH,3,CRITICAL,4,TODO,4,1,0.25,70.12,9.45,-60.67,-88.8,15.1,0,0
00000000-0000-0000-0000-0000000036da,Synthetic Dev 14,synth_dev_14@devalign.research,00000000-0000-0000-0000-000000020f82,Synthetic Task 27,00000000-0000-0000-0000-00000000755a,Synthetic Project 3,7.0,UNAVAILABLE,0.0,73.1,3,825.0,2.0,2,OVERLOADED,3,39.2,HIGH,3,MEDIUM,2,TODO,1,0,0.0,81.5,0.0,-81.5,-81.5,0.0,0,0
00000000-0000-0000-0000-000000005a02,Synthetic Dev 23,synth_dev_23@devalign.research,00000000-0000-0000-0000-00000001c162,Synthetic Task 23,00000000-0000-0000-0000-000000009c6a,Synthetic Project 4,1.1,AVAILABLE,1.0,70.7,4,0.0,40.0,0,AVAILABLE,0,54.3,HIGH,3,LOW,1,TODO,4,0,0.0,70.15,0.0,-70.15,-75.6,0.0,0,0
00000000-0000-0000-0000-00000000b3da,Synthetic Dev 46,synth_dev_46@devalign.research,00000000-0000-0000-0000-00000000c37a,Synthetic Task 10,00000000-0000-0000-0000-00000000273a,Synthetic Project 1,4.5,PARTIAL,0.5,80.4,3,183.5,20.0,4,OVERLOADED,3,21.4,HIGH,3,MEDIUM,2,TODO,1,0,0.0,66.3,0.0,-66.3,-66.3,0.0,0,0
00000000-0000-0000-0000-00000000179a,Synthetic Dev 6,synth_dev_6@devalign.research,00000000-0000-0000-0000-00000000c37a,Synthetic Task 10,00000000-0000-0000-0000-00000000273a,Synthetic Project 1,7.2,UNAVAILABLE,0.0,66.4,7,510.0,2.0,1,OVERLOADED,3,21.4,HIGH,3,MEDIUM,2,TODO,1,1,1.0,66.3,37.1,-29.2,-29.2,55.96,0,0
00000000-0000-0000-0000-0000000036da,Synthetic Dev 14,synth_dev_14@devalign.research,00000000-0000-0000-0000-000000012522,Synthetic Task 15,00000000-0000-0000-0000-00000000273a,Synthetic Project 1,7.0,UNAVAILABLE,0.0,73.1,3,825.0,2.0,2,OVERLOADED,3,36.0,LOW,1,MEDIUM,2,TODO,2,0,0.0,65.8,0.0,-65.8,-68.9,0.0,0,0
00000000-0000-0000-0000-000000008cca,Synthetic Dev 36,synth_dev_36@devalign.research,00000000-0000-0000-0000-00000001119a,Synthetic Task 14,00000000-0000-0000-0000-00000000c37a,Synthetic Project 5,13.5,UNAVAILABLE,0.0,76.0,3,805.0,2.0,2,OVERLOADED,3,52.5,HIGH,3,CRITICAL,4,TODO,4,1,0.25,68.72,21.15,-47.58,-72.1,25.0,0,0
00000000-0000-0000-0000-00000000a822,Synthetic Dev 43,synth_dev_43@devalign.research,00000000-0000-0000-0000-000000004e4a,Synthetic Task 4,00000000-0000-0000-0000-00000000c37a,Synthetic Project 5,13.3,PARTIAL,0.5,65.5,6,135.0,20.0,3,OVERLOADED,3,37.8,HIGH,3,HIGH,3,TODO,1,1,1.0,59.2,87.2,28.0,28.0,100.0,0,0
00000000-0000-0000-0000-00000000273a,Synthetic Dev 10,synth_dev_10@devalign.research,00000000-0000-0000-0000-000000020f82,Synthetic Task 27,00000000-0000-0000-0000-00000000755a,Synthetic Project 3,11.6,UNAVAILABLE,0.0,60.5,4,1745.0,2.0,3,OVERLOADED,3,39.2,HIGH,3,MEDIUM,2,TODO,1,1,1.0,81.5,90.4,8.9,8.9,100.0,0,0
00000000-0000-0000-0000-000000002f0a,Synthetic Dev 12,synth_dev_12@devalign.research,00000000-0000-0000-0000-0000000088e2,Synthetic Task 7,00000000-0000-0000-0000-00000000755a,Synthetic Project 3,13.0,AVAILABLE,1.0,58.0,6,17.2,40.0,1,AVAILABLE,0,20.1,HIGH,3,CRITICAL,4,TODO,4,1,0.25,70.12,20.25,-49.88,-88.8,25.0,0,0
00000000-0000-0000-0000-00000000ac0a,Synthetic Dev 44,synth_dev_44@devalign.research,00000000-0000-0000-0000-00000001119a,Synthetic Task 14,00000000-0000-0000-0000-00000000c37a,Synthetic Project 5,0.6,UNAVAILABLE,0.0,95.8,6,0.0,2.0,0,AVAILABLE,0,52.5,HIGH,3,CRITICAL,4,TODO,4,3,0.75,68.72,36.62,-32.1,-62.9,52.03,0,0
00000000-0000-0000-0000-000000002352,Synthetic Dev 9,synth_dev_9@devalign.research,00000000-0000-0000-0000-0000000088e2,Synthetic Task 7,00000000-0000-0000-0000-00000000755a,Synthetic Project 3,14.3,UNAVAILABLE,0.0,94.7,6,0.0,2.0,0,AVAILABLE,0,20.1,HIGH,3,CRITICAL,4,TODO,4,2,0.5,70.12,17.07,-53.05,-88.8,27.21,0,0
00000000-0000-0000-0000-000000004292,Synthetic Dev 17,synth_dev_17@devalign.research,00000000-0000-0000-0000-000000023692,Synthetic Task 29,00000000-0000-0000-0000-00000000c37a,Synthetic Project 5,13.8,UNAVAILABLE,0.0,77.8,3,0.0,2.0,0,AVAILABLE,0,15.2,MEDIUM,2,MEDIUM,2,TODO,3,1,0.3333,75.5,12.6,-62.9,-83.0,15.14,0,0
00000000-0000-0000-0000-00000000a43a,Synthetic Dev 42,synth_dev_42@devalign.research,00000000-0000-0000-0000-00000001c162,Synthetic Task 23,00000000-0000-0000-0000-000000009c6a,Synthetic Project 4,2.0,PARTIAL,0.5,96.3,6,149.5,20.0,3,OVERLOADED,3,54.3,HIGH,3,LOW,1,TODO,4,3,0.75,70.15,53.1,-17.05,-75.6,70.48,0,0
00000000-0000-0000-0000-00000000bf92,Synthetic Dev 49,synth_dev_49@devalign.research,00000000-0000-0000-0000-000000024a1a,Synthetic Task 30,00000000-0000-0000-0000-00000000273a,Synthetic Project 1,2.2,AVAILABLE,1.0,87.9,7,91.8,40.0,4,HIGH,2,45.8,MEDIUM,2,HIGH,3,TODO,3,2,0.6667,76.23,56.57,-19.67,-55.6,64.18,0,0
00000000-0000-0000-0000-000000001b82,Synthetic Dev 7,synth_dev_7@devalign.research,00000000-0000-0000-0000-000000019a52,Synthetic Task 21,00000000-0000-0000-0000-000000004e4a,Synthetic Project 2,9.1,PARTIAL,0.5,75.1,3,118.0,20.0,2,OVERLOADED,3,33.7,LOW,1,MEDIUM,2,TODO,2,0,0.0,69.0,0.0,-69.0,-84.8,0.0,0,0
00000000-0000-0000-0000-000000007d2a,Synthetic Dev 32,synth_dev_32@devalign.research,00000000-0000-0000-0000-00000001adda,Synthetic Task 22,00000000-0000-0000-0000-00000000755a,Synthetic Project 3,10.0,AVAILABLE,1.0,55.2,4,0.0,40.0,0,AVAILABLE,0,31.9,HIGH,3,MEDIUM,2,TODO,2,1,0.5,71.95,18.95,-53.0,-75.5,27.7,0,0
00000000-0000-0000-0000-0000000007fa,Synthetic Dev 2,synth_dev_2@devalign.research,00000000-0000-0000-0000-0000000088e2,Synthetic Task 7,00000000-0000-0000-0000-00000000755a,Synthetic Project 3,0.9,UNAVAILABLE,0.0,63.6,6,1585.0,2.0,4,OVERLOADED,3,20.1,HIGH,3,CRITICAL,4,TODO,4,2,0.5,70.12,36.08,-34.05,-88.8,44.68,0,0
00000000-0000-0000-0000-0000000090b2,Synthetic Dev 37,synth_dev_37@devalign.research,00000000-0000-0000-0000-00000001fbfa,Synthetic Task 26,00000000-0000-0000-0000-000000004e4a,Synthetic Project 2,8.2,UNAVAILABLE,0.0,94.0,3,1790.0,2.0,4,OVERLOADED,3,16.3,LOW,1,HIGH,3,TODO,2,0,0.0,77.95,0.0,-77.95,-78.8,0.0,0,0
00000000-0000-0000-0000-000000009c6a,Synthetic Dev 40,synth_dev_40@devalign.research,00000000-0000-0000-0000-000000004e4a,Synthetic Task 4,00000000-0000-0000-0000-00000000c37a,Synthetic Project 5,9.3,UNAVAILABLE,0.0,87.2,4,0.0,2.0,0,AVAILABLE,0,37.8,HIGH,3,HIGH,3,TODO,1,1,1.0,59.2,89.0,29.8,29.8,100.0,1,0
00000000-0000-0000-0000-00000000ac0a,Synthetic Dev 44,synth_dev_44@devalign.research,00000000-0000-0000-0000-000000023692,Synthetic Task 29,00000000-0000-0000-0000-00000000c37a,Synthetic Project 5,0.6,UNAVAILABLE,0.0,95.8,6,0.0,2.0,0,AVAILABLE,0,15.2,MEDIUM,2,MEDIUM,2,TODO,3,2,0.6667,75.5,25.63,-49.87,-83.0,37.78,0,0
00000000-0000-0000-0000-000000001b82,Synthetic Dev 7,synth_dev_7@devalign.research,00000000-0000-0000-0000-0000000061d2,Synthetic Task 5,00000000-0000-0000-0000-00000000273a,Synthetic Project 1,9.1,PARTIAL,0.5,75.1,3,118.0,20.0,2,OVERLOADED,3,60.0,HIGH,3,LOW,1,TODO,3,0,0.0,77.17,0.0,-77.17,-86.6,0.0,0,0
00000000-0000-0000-0000-000000002352,Synthetic Dev 9,synth_dev_9@devalign.research,00000000-0000-0000-0000-00000000755a,Synthetic Task 6,00000000-0000-0000-0000-000000004e4a,Synthetic Project 2,14.3,UNAVAILABLE,0.0,94.7,6,0.0,2.0,0,AVAILABLE,0,39.5,LOW,1,CRITICAL,4,TODO,4,2,0.5,71.9,44.67,-27.23,-76.8,50.0,0,0
00000000-0000-0000-0000-00000000467a,Synthetic Dev 18,synth_dev_18@devalign.research,00000000-0000-0000-0000-00000001adda,Synthetic Task 22,00000000-0000-0000-0000-00000000755a,Synthetic Project 3,4.1,UNAVAILABLE,0.0,80.6,7,1115.0,2.0,4,OVERLOADED,3,31.9,HIGH,3,MEDIUM,2,TODO,2,1,0.5,71.95,15.3,-56.65,-75.5,22.37,0,0
00000000-0000-0000-0000-000000006d8a,Synthetic Dev 28,synth_dev_28@devalign.research,00000000-0000-0000-0000-0000000186ca,Synthetic Task 20,00000000-0000-0000-0000-00000000273a,Synthetic Project 1,13.9,UNAVAILABLE,0.0,81.8,5,0.0,2.0,0,AVAILABLE,0,13.3,LOW,1,CRITICAL,4,TODO,3,0,0.0,69.5,0.0,-69.5,-81.8,0.0,0,0
00000000-0000-0000-0000-000000009882,Synthetic Dev 39,synth_dev_39@devalign.research,00000000-0000-0000-0000-000000015fba,Synthetic Task 18,00000000-0000-0000-0000-000000009c6a,Synthetic Project 4,14.3,AVAILABLE,1.0,63.6,4,0.0,40.0,0,AVAILABLE,0,23.0,MEDIUM,2,HIGH,3,TODO,4,2,0.5,75.42,34.58,-40.85,-85.5,40.55,0,0
00000000-0000-0000-0000-000000004292,Synthetic Dev 17,synth_dev_17@devalign.research,00000000-0000-0000-0000-000000014c32,Synthetic Task 17,00000000-0000-0000-0000-00000000755a,Synthetic Project 3,13.8,UNAVAILABLE,0.0,77.8,3,0.0,2.0,0,AVAILABLE,0,53.0,MEDIUM,2,LOW,1,TODO,4,2,0.5,69.43,20.77,-48.65,-76.2,28.59,0,0
00000000-0000-0000-0000-00000000a43a,Synthetic Dev 42,synth_dev_42@devalign.research,00000000-0000-0000-0000-000000004e4a,Synthetic Task 4,00000000-0000-0000-0000-00000000c37a,Synthetic Project 5,2.0,PARTIAL,0.5,96.3,6,149.5,20.0,3,OVERLOADED,3,37.8,HIGH,3,HIGH,3,TODO,1,0,0.0,59.2,0.0,-59.2,-59.2,0.0,0,0
00000000-0000-0000-0000-000000001f6a,Synthetic Dev 8,synth_dev_8@devalign.research,00000000-0000-0000-0000-00000000d702,Synthetic Task 11,00000000-0000-0000-0000-000000004e4a,Synthetic Project 2,7.1,AVAILABLE,1.0,96.0,4,59.0,40.0,2,BALANCED,1,29.8,LOW,1,LOW,1,TODO,1,0,0.0,69.9,0.0,-69.9,-69.9,0.0,0,0
00000000-0000-0000-0000-00000000273a,Synthetic Dev 10,synth_dev_10@devalign.research,00000000-0000-0000-0000-00000000c37a,Synthetic Task 10,00000000-0000-0000-0000-00000000273a,Synthetic Project 1,11.6,UNAVAILABLE,0.0,60.5,4,1745.0,2.0,3,OVERLOADED,3,21.4,HIGH,3,MEDIUM,2,TODO,1,1,1.0,66.3,79.1,12.8,12.8,100.0,0,0
00000000-0000-0000-0000-00000000aff2,Synthetic Dev 45,synth_dev_45@devalign.research,00000000-0000-0000-0000-00000001adda,Synthetic Task 22,00000000-0000-0000-0000-00000000755a,Synthetic Project 3,7.4,PARTIAL,0.5,77.8,7,179.5,20.0,3,OVERLOADED,3,31.9,HIGH,3,MEDIUM,2,TODO,2,1,0.5,71.95,18.9,-53.05,-75.5,27.63,0,0
00000000-0000-0000-0000-000000008cca,Synthetic Dev 36,synth_dev_36@devalign.research,00000000-0000-0000-0000-0000000088e2,Synthetic Task 7,00000000-0000-0000-0000-00000000755a,Synthetic Project 3,13.5,UNAVAILABLE,0.0,76.0,3,805.0,2.0,2,OVERLOADED,3,20.1,HIGH,3,CRITICAL,4,TODO,4,1,0.25,70.12,22.45,-47.67,-88.8,25.0,0,0
00000000-0000-0000-0000-000000002352,Synthetic Dev 9,synth_dev_9@devalign.research,00000000-0000-0000-0000-00000001d4ea,Synthetic Task 24,00000000-0000-0000-0000-00000000c37a,Synthetic Project 5,14.3,UNAVAILABLE,0.0,94.7,6,0.0,2.0,0,AVAILABLE,0,29.6,MEDIUM,2,HIGH,3,TODO,3,1,0.3333,61.33,11.87,-49.47,-64.4,18.17,0,0
00000000-0000-0000-0000-00000000a052,Synthetic Dev 41,synth_dev_41@devalign.research,00000000-0000-0000-0000-000000014c32,Synthetic Task 17,00000000-0000-0000-0000-00000000755a,Synthetic Project 3,1.6,AVAILABLE,1.0,84.7,5,14.3,40.0,1,AVAILABLE,0,53.0,MEDIUM,2,LOW,1,TODO,4,2,0.5,69.43,29.25,-40.18,-76.2,42.14,0,0
00000000-0000-0000-0000-00000000a822,Synthetic Dev 43,synth_dev_43@devalign.research,00000000-0000-0000-0000-0000000061d2,Synthetic Task 5,00000000-0000-0000-0000-00000000273a,Synthetic Project 1,13.3,PARTIAL,0.5,65.5,6,135.0,20.0,3,OVERLOADED,3,60.0,HIGH,3,LOW,1,TODO,3,2,0.6667,77.17,40.63,-36.53,-68.8,49.74,0,0
00000000-0000-0000-0000-000000007172,Synthetic Dev 29,synth_dev_29@devalign.research,00000000-0000-0000-0000-00000000c37a,Synthetic Task 10,00000000-0000-0000-0000-00000000273a,Synthetic Project 1,13.6,UNAVAILABLE,0.0,81.5,3,785.0,2.0,2,OVERLOADED,3,21.4,HIGH,3,MEDIUM,2,TODO,1,0,0.0,66.3,0.0,-66.3,-66.3,0.0,0,0
00000000-0000-0000-0000-000000000fca,Synthetic Dev 4,synth_dev_4@devalign.research,00000000-0000-0000-0000-00000001119a,Synthetic Task 14,00000000-0000-0000-0000-00000000c37a,Synthetic Project 5,12.9,AVAILABLE,1.0,92.3,5,52.0,40.0,3,BALANCED,1,52.5,HIGH,3,CRITICAL,4,TODO,4,4,1.0,68.72,62.88,-5.85,-30.6,83.17,0,0
00000000-0000-0000-0000-00000000561a,Synthetic Dev 22,synth_dev_22@devalign.research,00000000-0000-0000-0000-00000001c162,Synthetic Task 23,00000000-0000-0000-0000-000000009c6a,Synthetic Project 4,2.8,PARTIAL,0.5,74.0,3,134.0,20.0,3,OVERLOADED,3,54.3,HIGH,3,LOW,1,TODO,4,2,0.5,70.15,26.88,-43.27,-67.7,36.19,0,0
00000000-0000-0000-0000-00000000755a,Synthetic Dev 30,synth_dev_30@devalign.research,00000000-0000-0000-0000-000000020f82,Synthetic Task 27,00000000-0000-0000-0000-00000000755a,Synthetic Project 3,6.9,PARTIAL,0.5,84.1,4,166.0,20.0,4,OVERLOADED,3,39.2,HIGH,3,MEDIUM,2,TODO,1,1,1.0,81.5,78.8,-2.7,-2.7,96.69,0,0
00000000-0000-0000-0000-0000000088e2,Synthetic Dev 35,synth_dev_35@devalign.research,00000000-0000-0000-0000-000000014c32,Synthetic Task 17,00000000-0000-0000-0000-00000000755a,Synthetic Project 3,6.4,PARTIAL,0.5,78.3,6,81.5,20.0,3,HIGH,2,53.0,MEDIUM,2,LOW,1,TODO,4,2,0.5,69.43,30.07,-39.35,-78.9,49.07,0,0
00000000-0000-0000-0000-000000000fca,Synthetic Dev 4,synth_dev_4@devalign.research,00000000-0000-0000-0000-0000000138aa,Synthetic Task 16,00000000-0000-0000-0000-000000004e4a,Synthetic Project 2,12.9,AVAILABLE,1.0,92.3,5,52.0,40.0,3,BALANCED,1,59.4,MEDIUM,2,CRITICAL,4,TODO,2,1,0.5,71.8,20.55,-51.25,-88.6,37.36,0,0
00000000-0000-0000-0000-00000000273a,Synthetic Dev 10,synth_dev_10@devalign.research,00000000-0000-0000-0000-00000000aff2,Synthetic Task 9,00000000-0000-0000-0000-00000000c37a,Synthetic Project 5,11.6,UNAVAILABLE,0.0,60.5,4,1745.0,2.0,3,OVERLOADED,3,34.8,LOW,1,HIGH,3,TODO,3,1,0.3333,69.47,25.43,-44.03,-75.2,31.02,0,0
00000000-0000-0000-0000-000000002f0a,Synthetic Dev 12,synth_dev_12@devalign.research,00000000-0000-0000-0000-000000012522,Synthetic Task 15,00000000-0000-0000-0000-00000000273a,Synthetic Project 1,13.0,AVAILABLE,1.0,58.0,6,17.2,40.0,1,AVAILABLE,0,36.0,LOW,1,MEDIUM,2,TODO,2,1,0.5,65.8,29.0,-36.8,-68.9,46.25,0,0
00000000-0000-0000-0000-0000000084fa,Synthetic Dev 34,synth_dev_34@devalign.research,00000000-0000-0000-0000-000000023692,Synthetic Task 29,00000000-0000-0000-0000-00000000c37a,Synthetic Project 5,7.5,UNAVAILABLE,0.0,65.3,5,830.0,2.0,3,OVERLOADED,3,15.2,MEDIUM,2,MEDIUM,2,TODO,3,2,0.6667,75.5,27.9,-47.6,-60.3,33.57,0,0
00000000-0000-0000-0000-00000000bf92,Synthetic Dev 49,synth_dev_49@devalign.research,00000000-0000-0000-0000-00000000273a,Synthetic Task 2,00000000-0000-0000-0000-00000000755a,Synthetic Project 3,2.2,AVAILABLE,1.0,87.9,7,91.8,40.0,4,HIGH,2,54.9,HIGH,3,MEDIUM,2,TODO,2,0,0.0,59.45,0.0,-59.45,-62.3,0.0,0,0
00000000-0000-0000-0000-000000007d2a,Synthetic Dev 32,synth_dev_32@devalign.research,00000000-0000-0000-0000-000000014c32,Synthetic Task 17,00000000-0000-0000-0000-00000000755a,Synthetic Project 3,10.0,AVAILABLE,1.0,55.2,4,0.0,40.0,0,AVAILABLE,0,53.0,MEDIUM,2,LOW,1,TODO,4,3,0.75,69.43,41.55,-27.88,-78.9,54.65,0,0
00000000-0000-0000-0000-000000003eaa,Synthetic Dev 16,synth_dev_16@devalign.research,00000000-0000-0000-0000-00000000d702,Synthetic Task 11,00000000-0000-0000-0000-000000004e4a,Synthetic Project 2,10.1,UNAVAILABLE,0.0,75.9,3,355.0,2.0,1,OVERLOADED,3,29.8,LOW,1,LOW,1,TODO,1,0,0.0,69.9,0.0,-69.9,-69.9,0.0,0,0
00000000-0000-0000-0000-00000000ac0a,Synthetic Dev 44,synth_dev_44@devalign.research,00000000-0000-0000-0000-00000000273a,Synthetic Task 2,00000000-0000-0000-0000-00000000755a,Synthetic Project 3,0.6,UNAVAILABLE,0.0,95.8,6,0.0,2.0,0,AVAILABLE,0,54.9,HIGH,3,MEDIUM,2,TODO,2,0,0.0,59.45,0.0,-59.45,-62.3,0.0,0,0
00000000-0000-0000-0000-00000000ac0a,Synthetic Dev 44,synth_dev_44@devalign.research,00000000-0000-0000-0000-000000019a52,Synthetic Task 21,00000000-0000-0000-0000-000000004e4a,Synthetic Project 2,0.6,UNAVAILABLE,0.0,95.8,6,0.0,2.0,0,AVAILABLE,0,33.7,LOW,1,MEDIUM,2,TODO,2,1,0.5,69.0,22.9,-46.1,-53.2,27.0,0,0
00000000-0000-0000-0000-0000000088e2,Synthetic Dev 35,synth_dev_35@devalign.research,00000000-0000-0000-0000-00000000ea8a,Synthetic Task 12,00000000-0000-0000-0000-00000000755a,Synthetic Project 3,6.4,PARTIAL,0.5,78.3,6,81.5,20.0,3,HIGH,2,32.5,HIGH,3,HIGH,3,TODO,3,2,0.6667,65.7,38.13,-27.57,-72.1,60.76,0,0
00000000-0000-0000-0000-0000000065ba,Synthetic Dev 26,synth_dev_26@devalign.research,00000000-0000-0000-0000-000000024a1a,Synthetic Task 30,00000000-0000-0000-0000-00000000273a,Synthetic Project 1,9.8,PARTIAL,0.5,72.2,3,146.5,20.0,4,OVERLOADED,3,45.8,MEDIUM,2,HIGH,3,TODO,3,1,0.3333,76.23,22.57,-53.67,-88.7,33.33,0,0
00000000-0000-0000-0000-0000000032f2,Synthetic Dev 13,synth_dev_13@devalign.research,00000000-0000-0000-0000-00000001fbfa,Synthetic Task 26,00000000-0000-0000-0000-000000004e4a,Synthetic Project 2,6.5,PARTIAL,0.5,92.1,3,0.0,20.0,0,AVAILABLE,0,16.3,LOW,1,HIGH,3,TODO,2,0,0.0,77.95,0.0,-77.95,-78.8,0.0,0,0
00000000-0000-0000-0000-000000004e4a,Synthetic Dev 20,synth_dev_20@devalign.research,00000000-0000-0000-0000-000000014c32,Synthetic Task 17,00000000-0000-0000-0000-00000000755a,Synthetic Project 3,4.8,UNAVAILABLE,0.0,83.5,3,345.0,2.0,1,OVERLOADED,3,53.0,MEDIUM,2,LOW,1,TODO,4,1,0.25,69.43,12.07,-57.35,-78.9,18.19,0,0
00000000-0000-0000-0000-000000008cca,Synthetic Dev 36,synth_dev_36@devalign.research,00000000-0000-0000-0000-0000000138aa,Synthetic Task 16,00000000-0000-0000-0000-000000004e4a,Synthetic Project 2,13.5,UNAVAILABLE,0.0,76.0,3,805.0,2.0,2,OVERLOADED,3,59.4,MEDIUM,2,CRITICAL,4,TODO,2,0,0.0,71.8,0.0,-71.8,-88.6,0.0,1,0
00000000-0000-0000-0000-000000007172,Synthetic Dev 29,synth_dev_29@devalign.research,00000000-0000-0000-0000-00000001d4ea,Synthetic Task 24,00000000-0000-0000-0000-00000000c37a,Synthetic Project 5,13.6,UNAVAILABLE,0.0,81.5,3,785.0,2.0,2,OVERLOADED,3,29.6,MEDIUM,2,HIGH,3,TODO,3,1,0.3333,61.33,24.2,-37.13,-65.3,33.33,0,0
00000000-0000-0000-0000-00000000273a,Synthetic Dev 10,synth_dev_10@devalign.research,00000000-0000-0000-0000-0000000186ca,Synthetic Task 20,00000000-0000-0000-0000-00000000273a,Synthetic Project 1,11.6,UNAVAILABLE,0.0,60.5,4,1745.0,2.0,3,OVERLOADED,3,13.3,LOW,1,CRITICAL,4,TODO,3,0,0.0,69.5,0.0,-69.5,-81.8,0.0,0,0
00000000-0000-0000-0000-0000000007fa,Synthetic Dev 2,synth_dev_2@devalign.research,00000000-0000-0000-0000-000000003ac2,Synthetic Task 3,00000000-0000-0000-0000-000000009c6a,Synthetic Project 4,0.9,UNAVAILABLE,0.0,63.6,6,1585.0,2.0,4,OVERLOADED,3,28.6,HIGH,3,HIGH,3,TODO,4,3,0.75,74.65,36.02,-38.62,-85.6,50.85,0,0
00000000-0000-0000-0000-000000007172,Synthetic Dev 29,synth_dev_29@devalign.research,00000000-0000-0000-0000-000000024a1a,Synthetic Task 30,00000000-0000-0000-0000-00000000273a,Synthetic Project 1,13.6,UNAVAILABLE,0.0,81.5,3,785.0,2.0,2,OVERLOADED,3,45.8,MEDIUM,2,HIGH,3,TODO,3,1,0.3333,76.23,22.57,-53.67,-88.7,26.74,0,0
00000000-0000-0000-0000-000000005a02,Synthetic Dev 23,synth_dev_23@devalign.research,00000000-0000-0000-0000-0000000013b2,Synthetic Task 1,00000000-0000-0000-0000-000000004e4a,Synthetic Project 2,1.1,AVAILABLE,1.0,70.7,4,0.0,40.0,0,AVAILABLE,0,8.0,HIGH,3,CRITICAL,4,TODO,2,1,0.5,69.4,33.2,-36.2,-67.0,46.24,0,0
00000000-0000-0000-0000-000000004292,Synthetic Dev 17,synth_dev_17@devalign.research,00000000-0000-0000-0000-000000004e4a,Synthetic Task 4,00000000-0000-0000-0000-00000000c37a,Synthetic Project 5,13.8,UNAVAILABLE,0.0,77.8,3,0.0,2.0,0,AVAILABLE,0,37.8,HIGH,3,HIGH,3,TODO,1,1,1.0,59.2,45.3,-13.9,-13.9,76.52,0,0
00000000-0000-0000-0000-000000003ac2,Synthetic Dev 15,synth_dev_15@devalign.research,00000000-0000-0000-0000-00000001119a,Synthetic Task 14,00000000-0000-0000-0000-00000000c37a,Synthetic Project 5,13.9,AVAILABLE,1.0,91.5,6,19.5,40.0,1,AVAILABLE,0,52.5,HIGH,3,CRITICAL,4,TODO,4,1,0.25,68.72,23.05,-45.67,-72.1,25.0,0,0
00000000-0000-0000-0000-000000003ac2,Synthetic Dev 15,synth_dev_15@devalign.research,00000000-0000-0000-0000-000000009c6a,Synthetic Task 8,00000000-0000-0000-0000-000000009c6a,Synthetic Project 4,13.9,AVAILABLE,1.0,91.5,6,19.5,40.0,1,AVAILABLE,0,40.8,HIGH,3,LOW,1,TODO,4,3,0.75,75.05,55.55,-19.5,-80.4,68.29,0,0
00000000-0000-0000-0000-00000000b7c2,Synthetic Dev 47,synth_dev_47@devalign.research,00000000-0000-0000-0000-000000019a52,Synthetic Task 21,00000000-0000-0000-0000-000000004e4a,Synthetic Project 2,4.5,AVAILABLE,1.0,96.9,4,70.5,40.0,4,BALANCED,1,33.7,LOW,1,MEDIUM,2,TODO,2,0,0.0,69.0,0.0,-69.0,-84.8,0.0,0,0
00000000-0000-0000-0000-000000004e4a,Synthetic Dev 20,synth_dev_20@devalign.research,00000000-0000-0000-0000-000000012522,Synthetic Task 15,00000000-0000-0000-0000-00000000273a,Synthetic Project 1,4.8,UNAVAILABLE,0.0,83.5,3,345.0,2.0,1,OVERLOADED,3,36.0,LOW,1,MEDIUM,2,TODO,2,0,0.0,65.8,0.0,-65.8,-68.9,0.0,0,0
00000000-0000-0000-0000-000000005232,Synthetic Dev 21,synth_dev_21@devalign.research,00000000-0000-0000-0000-00000000273a,Synthetic Task 2,00000000-0000-0000-0000-00000000755a,Synthetic Project 3,9.7,UNAVAILABLE,0.0,66.4,3,1015.0,2.0,3,OVERLOADED,3,54.9,HIGH,3,MEDIUM,2,TODO,2,1,0.5,59.45,16.45,-43.0,-62.3,29.06,0,0
00000000-0000-0000-0000-0000000013b2,Synthetic Dev 5,synth_dev_5@devalign.research,00000000-0000-0000-0000-000000017342,Synthetic Task 19,00000000-0000-0000-0000-00000000c37a,Synthetic Project 5,4.0,UNAVAILABLE,0.0,74.9,7,1195.0,2.0,2,OVERLOADED,3,17.1,HIGH,3,LOW,1,TODO,3,2,0.6667,82.57,44.8,-37.77,-78.2,51.07,0,0
00000000-0000-0000-0000-000000004a62,Synthetic Dev 19,synth_dev_19@devalign.research,00000000-0000-0000-0000-000000014c32,Synthetic Task 17,00000000-0000-0000-0000-00000000755a,Synthetic Project 3,15.0,UNAVAILABLE,0.0,97.8,7,0.0,2.0,0,AVAILABLE,0,53.0,MEDIUM,2,LOW,1,TODO,4,3,0.75,69.43,59.12,-10.3,-76.2,75.0,0,0
00000000-0000-0000-0000-0000000090b2,Synthetic Dev 37,synth_dev_37@devalign.research,00000000-0000-0000-0000-00000001d4ea,Synthetic Task 24,00000000-0000-0000-0000-00000000c37a,Synthetic Project 5,8.2,UNAVAILABLE,0.0,94.0,3,1790.0,2.0,4,OVERLOADED,3,29.6,MEDIUM,2,HIGH,3,TODO,3,1,0.3333,61.33,13.93,-47.4,-64.4,21.34,0,0
00000000-0000-0000-0000-00000000ac0a,Synthetic Dev 44,synth_dev_44@devalign.research,00000000-0000-0000-0000-00000001adda,Synthetic Task 22,00000000-0000-0000-0000-00000000755a,Synthetic Project 3,0.6,UNAVAILABLE,0.0,95.8,6,0.0,2.0,0,AVAILABLE,0,31.9,HIGH,3,MEDIUM,2,TODO,2,2,1.0,71.95,54.1,-17.85,-26.4,75.72,0,0
00000000-0000-0000-0000-00000000467a,Synthetic Dev 18,synth_dev_18@devalign.research,00000000-0000-0000-0000-00000001e872,Synthetic Task 25,00000000-0000-0000-0000-00000000273a,Synthetic Project 1,4.1,UNAVAILABLE,0.0,80.6,7,1115.0,2.0,4,OVERLOADED,3,5.2,MEDIUM,2,HIGH,3,TODO,4,2,0.5,82.55,21.45,-61.1,-83.3,25.78,1,0
00000000-0000-0000-0000-000000009882,Synthetic Dev 39,synth_dev_39@devalign.research,00000000-0000-0000-0000-000000012522,Synthetic Task 15,00000000-0000-0000-0000-00000000273a,Synthetic Project 1,14.3,AVAILABLE,1.0,63.6,4,0.0,40.0,0,AVAILABLE,0,36.0,LOW,1,MEDIUM,2,TODO,2,0,0.0,65.8,0.0,-65.8,-68.9,0.0,0,0
00000000-0000-0000-0000-000000000be2,Synthetic Dev 3,synth_dev_3@devalign.research,00000000-0000-0000-0000-000000012522,Synthetic Task 15,00000000-0000-0000-0000-00000000273a,Synthetic Project 1,9.3,PARTIAL,0.5,89.7,6,131.5,20.0,3,OVERLOADED,3,36.0,LOW,1,MEDIUM,2,TODO,2,1,0.5,65.8,17.25,-48.55,-68.9,27.51,0,0
00000000-0000-0000-0000-00000000aff2,Synthetic Dev 45,synth_dev_45@devalign.research,00000000-0000-0000-0000-000000019a52,Synthetic Task 21,00000000-0000-0000-0000-000000004e4a,Synthetic Project 2,7.4,PARTIAL,0.5,77.8,7,179.5,20.0,3,OVERLOADED,3,33.7,LOW,1,MEDIUM,2,TODO,2,2,1.0,69.0,53.65,-15.35,-42.3,75.06,0,0
00000000-0000-0000-0000-000000001b82,Synthetic Dev 7,synth_dev_7@devalign.research,00000000-0000-0000-0000-00000001c162,Synthetic Task 23,00000000-0000-0000-0000-000000009c6a,Synthetic Project 4,9.1,PARTIAL,0.5,75.1,3,118.0,20.0,2,OVERLOADED,3,54.3,HIGH,3,LOW,1,TODO,4,2,0.5,70.15,25.3,-44.85,-75.6,38.55,0,0
00000000-0000-0000-0000-00000000bf92,Synthetic Dev 49,synth_dev_49@devalign.research,00000000-0000-0000-0000-000000019a52,Synthetic Task 21,00000000-0000-0000-0000-000000004e4a,Synthetic Project 2,2.2,AVAILABLE,1.0,87.9,7,91.8,40.0,4,HIGH,2,33.7,LOW,1,MEDIUM,2,TODO,2,2,1.0,69.0,60.8,-8.2,-9.7,86.93,0,1
00000000-0000-0000-0000-000000004e4a,Synthetic Dev 20,synth_dev_20@devalign.research,00000000-0000-0000-0000-000000019a52,Synthetic Task 21,00000000-0000-0000-0000-000000004e4a,Synthetic Project 2,4.8,UNAVAILABLE,0.0,83.5,3,345.0,2.0,1,OVERLOADED,3,33.7,LOW,1,MEDIUM,2,TODO,2,1,0.5,69.0,21.85,-47.15,-84.8,41.07,0,0
00000000-0000-0000-0000-00000000bbaa,Synthetic Dev 48,synth_dev_48@devalign.research,00000000-0000-0000-0000-00000001fbfa,Synthetic Task 26,00000000-0000-0000-0000-000000004e4a,Synthetic Project 2,14.1,PARTIAL,0.5,75.5,3,0.0,20.0,0,AVAILABLE,0,16.3,LOW,1,HIGH,3,TODO,2,1,0.5,77.95,19.85,-58.1,-78.8,25.75,0,0
00000000-0000-0000-0000-000000000412,Synthetic Dev 1,synth_dev_1@devalign.research,00000000-0000-0000-0000-00000001119a,Synthetic Task 14,00000000-0000-0000-0000-00000000c37a,Synthetic Project 5,2.1,UNAVAILABLE,0.0,86.9,3,330.0,2.0,1,OVERLOADED,3,52.5,HIGH,3,CRITICAL,4,TODO,4,1,0.25,68.72,8.03,-60.7,-71.7,11.13,0,0
00000000-0000-0000-0000-000000005dea,Synthetic Dev 24,synth_dev_24@devalign.research,00000000-0000-0000-0000-000000019a52,Synthetic Task 21,00000000-0000-0000-0000-000000004e4a,Synthetic Project 2,13.0,AVAILABLE,1.0,97.0,3,28.0,40.0,1,AVAILABLE,0,33.7,LOW,1,MEDIUM,2,TODO,2,1,0.5,69.0,41.05,-27.95,-84.8,50.0,0,0
00000000-0000-0000-0000-00000000179a,Synthetic Dev 6,synth_dev_6@devalign.research,00000000-0000-0000-0000-000000015fba,Synthetic Task 18,00000000-0000-0000-0000-000000009c6a,Synthetic Project 4,7.2,UNAVAILABLE,0.0,66.4,7,510.0,2.0,1,OVERLOADED,3,23.0,MEDIUM,2,HIGH,3,TODO,4,4,1.0,75.42,60.7,-14.72,-36.4,78.41,0,0
00000000-0000-0000-0000-000000003eaa,Synthetic Dev 16,synth_dev_16@devalign.research,00000000-0000-0000-0000-000000015fba,Synthetic Task 18,00000000-0000-0000-0000-000000009c6a,Synthetic Project 4,10.1,UNAVAILABLE,0.0,75.9,3,355.0,2.0,1,OVERLOADED,3,23.0,MEDIUM,2,HIGH,3,TODO,4,0,0.0,75.42,0.0,-75.42,-85.5,0.0,0,0
00000000-0000-0000-0000-00000000561a,Synthetic Dev 22,synth_dev_22@devalign.research,00000000-0000-0000-0000-000000017342,Synthetic Task 19,00000000-0000-0000-0000-00000000c37a,Synthetic Project 5,2.8,PARTIAL,0.5,74.0,3,134.0,20.0,3,OVERLOADED,3,17.1,HIGH,3,LOW,1,TODO,3,1,0.3333,82.57,28.07,-54.5,-89.1,33.33,0,0
00000000-0000-0000-0000-000000005dea,Synthetic Dev 24,synth_dev_24@devalign.research,00000000-0000-0000-0000-00000000273a,Synthetic Task 2,00000000-0000-0000-0000-00000000755a,Synthetic Project 3,13.0,AVAILABLE,1.0,97.0,3,28.0,40.0,1,AVAILABLE,0,54.9,HIGH,3,MEDIUM,2,TODO,2,0,0.0,59.45,0.0,-59.45,-62.3,0.0,0,0
00000000-0000-0000-0000-000000004e4a,Synthetic Dev 20,synth_dev_20@devalign.research,00000000-0000-0000-0000-00000000755a,Synthetic Task 6,00000000-0000-0000-0000-000000004e4a,Synthetic Project 2,4.8,UNAVAILABLE,0.0,83.5,3,345.0,2.0,1,OVERLOADED,3,39.5,LOW,1,CRITICAL,4,TODO,4,0,0.0,71.9,0.0,-71.9,-84.3,0.0,0,0
00000000-0000-0000-0000-000000001b82,Synthetic Dev 7,synth_dev_7@devalign.research,00000000-0000-0000-0000-000000015fba,Synthetic Task 18,00000000-0000-0000-0000-000000009c6a,Synthetic Project 4,9.1,PARTIAL,0.5,75.1,3,118.0,20.0,2,OVERLOADED,3,23.0,MEDIUM,2,HIGH,3,TODO,4,1,0.25,75.42,20.0,-55.42,-85.5,25.0,0,0
00000000-0000-0000-0000-000000009882,Synthetic Dev 39,synth_dev_39@devalign.research,00000000-0000-0000-0000-00000000c37a,Synthetic Task 10,00000000-0000-0000-0000-00000000273a,Synthetic Project 1,14.3,AVAILABLE,1.0,63.6,4,0.0,40.0,0,AVAILABLE,0,21.4,HIGH,3,MEDIUM,2,TODO,1,0,0.0,66.3,0.0,-66.3,-66.3,0.0,0,0
00000000-0000-0000-0000-000000005a02,Synthetic Dev 23,synth_dev_23@devalign.research,00000000-0000-0000-0000-000000014c32,Synthetic Task 17,00000000-0000-0000-0000-00000000755a,Synthetic Project 3,1.1,AVAILABLE,1.0,70.7,4,0.0,40.0,0,AVAILABLE,0,53.0,MEDIUM,2,LOW,1,TODO,4,1,0.25,69.43,21.73,-47.7,-76.2,25.0,0,0
00000000-0000-0000-0000-00000000bbaa,Synthetic Dev 48,synth_dev_48@devalign.research,00000000-0000-0000-0000-00000001e872,Synthetic Task 25,00000000-0000-0000-0000-00000000273a,Synthetic Project 1,14.1,PARTIAL,0.5,75.5,3,0.0,20.0,0,AVAILABLE,0,5.2,MEDIUM,2,HIGH,3,TODO,4,2,0.5,82.55,26.57,-55.97,-86.1,32.24,0,0
00000000-0000-0000-0000-000000002b22,Synthetic Dev 11,synth_dev_11@devalign.research,00000000-0000-0000-0000-00000000273a,Synthetic Task 2,00000000-0000-0000-0000-00000000755a,Synthetic Project 3,14.9,PARTIAL,0.5,82.9,6,169.5,20.0,3,OVERLOADED,3,54.9,HIGH,3,MEDIUM,2,TODO,2,2,1.0,59.45,51.4,-8.05,-27.7,77.77,0,0
00000000-0000-0000-0000-000000003ac2,Synthetic Dev 15,synth_dev_15@devalign.research,00000000-0000-0000-0000-0000000138aa,Synthetic Task 16,00000000-0000-0000-0000-000000004e4a,Synthetic Project 2,13.9,AVAILABLE,1.0,91.5,6,19.5,40.0,1,AVAILABLE,0,59.4,MEDIUM,2,CRITICAL,4,TODO,2,2,1.0,71.8,86.6,14.8,-7.6,95.71,0,1
00000000-0000-0000-0000-000000008cca,Synthetic Dev 36,synth_dev_36@devalign.research,00000000-0000-0000-0000-0000000013b2,Synthetic Task 1,00000000-0000-0000-0000-000000004e4a,Synthetic Project 2,13.5,UNAVAILABLE,0.0,76.0,3,805.0,2.0,2,OVERLOADED,3,8.0,HIGH,3,CRITICAL,4,TODO,2,0,0.0,69.4,0.0,-69.4,-71.8,0.0,0,0
00000000-0000-0000-0000-000000002352,Synthetic Dev 9,synth_dev_9@devalign.research,00000000-0000-0000-0000-00000001119a,Synthetic Task 14,00000000-0000-0000-0000-00000000c37a,Synthetic Project 5,14.3,UNAVAILABLE,0.0,94.7,6,0.0,2.0,0,AVAILABLE,0,52.5,HIGH,3,CRITICAL,4,TODO,4,3,0.75,68.72,46.92,-21.8,-71.7,61.45,1,0
00000000-0000-0000-0000-0000000032f2,Synthetic Dev 13,synth_dev_13@devalign.research,00000000-0000-0000-0000-0000000013b2,Synthetic Task 1,00000000-0000-0000-0000-000000004e4a,Synthetic Project 2,6.5,PARTIAL,0.5,92.1,3,0.0,20.0,0,AVAILABLE,0,8.0,HIGH,3,CRITICAL,4,TODO,2,0,0.0,69.4,0.0,-69.4,-71.8,0.0,0,0
00000000-0000-0000-0000-000000007d2a,Synthetic Dev 32,synth_dev_32@devalign.research,00000000-0000-0000-0000-000000015fba,Synthetic Task 18,00000000-0000-0000-0000-000000009c6a,Synthetic Project 4,10.0,AVAILABLE,1.0,55.2,4,0.0,40.0,0,AVAILABLE,0,23.0,MEDIUM,2,HIGH,3,TODO,4,1,0.25,75.42,16.55,-58.88,-85.5,23.11,0,0
00000000-0000-0000-0000-000000007172,Synthetic Dev 29,synth_dev_29@devalign.research,00000000-0000-0000-0000-00000000ea8a,Synthetic Task 12,00000000-0000-0000-0000-00000000755a,Synthetic Project 3,13.6,UNAVAILABLE,0.0,81.5,3,785.0,2.0,2,OVERLOADED,3,32.5,HIGH,3,HIGH,3,TODO,3,0,0.0,65.7,0.0,-65.7,-72.1,0.0,0,0
00000000-0000-0000-0000-0000000032f2,Synthetic Dev 13,synth_dev_13@devalign.research,00000000-0000-0000-0000-00000000755a,Synthetic Task 6,00000000-0000-0000-0000-000000004e4a,Synthetic Project 2,6.5,PARTIAL,0.5,92.1,3,0.0,20.0,0,AVAILABLE,0,39.5,LOW,1,CRITICAL,4,TODO,4,1,0.25,71.9,10.62,-61.27,-76.8,12.6,0,0
00000000-0000-0000-0000-00000000a43a,Synthetic Dev 42,synth_dev_42@devalign.research,00000000-0000-0000-0000-00000001e872,Synthetic Task 25,00000000-0000-0000-0000-00000000273a,Synthetic Project 1,2.0,PARTIAL,0.5,96.3,6,149.5,20.0,3,OVERLOADED,3,5.2,MEDIUM,2,HIGH,3,TODO,4,2,0.5,82.55,38.05,-44.5,-83.3,45.76,0,0
00000000-0000-0000-0000-000000000412,Synthetic Dev 1,synth_dev_1@devalign.research,00000000-0000-0000-0000-000000024a1a,Synthetic Task 30,00000000-0000-0000-0000-00000000273a,Synthetic Project 1,2.1,UNAVAILABLE,0.0,86.9,3,330.0,2.0,1,OVERLOADED,3,45.8,MEDIUM,2,HIGH,3,TODO,3,1,0.3333,76.23,12.03,-64.2,-88.7,21.64,0,0
00000000-0000-0000-0000-000000004e4a,Synthetic Dev 20,synth_dev_20@devalign.research,00000000-0000-0000-0000-000000023692,Synthetic Task 29,00000000-0000-0000-0000-00000000c37a,Synthetic Project 5,4.8,UNAVAILABLE,0.0,83.5,3,345.0,2.0,1,OVERLOADED,3,15.2,MEDIUM,2,MEDIUM,2,TODO,3,2,0.6667,75.5,33.53,-41.97,-60.3,40.35,0,0
00000000-0000-0000-0000-00000000755a,Synthetic Dev 30,synth_dev_30@devalign.research,00000000-0000-0000-0000-00000000fe12,Synthetic Task 13,00000000-0000-0000-0000-000000009c6a,Synthetic Project 4,6.9,PARTIAL,0.5,84.1,4,166.0,20.0,4,OVERLOADED,3,52.4,HIGH,3,MEDIUM,2,TODO,3,2,0.6667,68.67,50.83,-17.83,-82.8,66.67,0,0
00000000-0000-0000-0000-000000003eaa,Synthetic Dev 16,synth_dev_16@devalign.research,00000000-0000-0000-0000-000000023692,Synthetic Task 29,00000000-0000-0000-0000-00000000c37a,Synthetic Project 5,10.1,UNAVAILABLE,0.0,75.9,3,355.0,2.0,1,OVERLOADED,3,15.2,MEDIUM,2,MEDIUM,2,TODO,3,2,0.6667,75.5,37.43,-38.07,-83.0,46.83,0,0
00000000-0000-0000-0000-00000000bbaa,Synthetic Dev 48,synth_dev_48@devalign.research,00000000-0000-0000-0000-000000012522,Synthetic Task 15,00000000-0000-0000-0000-00000000273a,Synthetic Project 1,14.1,PARTIAL,0.5,75.5,3,0.0,20.0,0,AVAILABLE,0,36.0,LOW,1,MEDIUM,2,TODO,2,1,0.5,65.8,33.3,-32.5,-62.7,48.33,0,0
00000000-0000-0000-0000-000000009c6a,Synthetic Dev 40,synth_dev_40@devalign.research,00000000-0000-0000-0000-000000019a52,Synthetic Task 21,00000000-0000-0000-0000-000000004e4a,Synthetic Project 2,9.3,UNAVAILABLE,0.0,87.2,4,0.0,2.0,0,AVAILABLE,0,33.7,LOW,1,MEDIUM,2,TODO,2,1,0.5,69.0,45.6,-23.4,-84.8,50.0,0,0
00000000-0000-0000-0000-000000000fca,Synthetic Dev 4,synth_dev_4@devalign.research,00000000-0000-0000-0000-0000000088e2,Synthetic Task 7,00000000-0000-0000-0000-00000000755a,Synthetic Project 3,12.9,AVAILABLE,1.0,92.3,5,52.0,40.0,3,BALANCED,1,20.1,HIGH,3,CRITICAL,4,TODO,4,2,0.5,70.12,28.3,-41.83,-66.2,36.57,0,0
00000000-0000-0000-0000-00000000561a,Synthetic Dev 22,synth_dev_22@devalign.research,00000000-0000-0000-0000-0000000186ca,Synthetic Task 20,00000000-0000-0000-0000-00000000273a,Synthetic Project 1,2.8,PARTIAL,0.5,74.0,3,134.0,20.0,3,OVERLOADED,3,13.3,LOW,1,CRITICAL,4,TODO,3,1,0.3333,69.5,13.2,-56.3,-65.0,16.14,0,0
00000000-0000-0000-0000-0000000065ba,Synthetic Dev 26,synth_dev_26@devalign.research,00000000-0000-0000-0000-00000001d4ea,Synthetic Task 24,00000000-0000-0000-0000-00000000c37a,Synthetic Project 5,9.8,PARTIAL,0.5,72.2,3,146.5,20.0,4,OVERLOADED,3,29.6,MEDIUM,2,HIGH,3,TODO,3,0,0.0,61.33,0.0,-61.33,-65.3,0.0,0,0
00000000-0000-0000-0000-0000000036da,Synthetic Dev 14,synth_dev_14@devalign.research,00000000-0000-0000-0000-000000014c32,Synthetic Task 17,00000000-0000-0000-0000-00000000755a,Synthetic Project 3,7.0,UNAVAILABLE,0.0,73.1,3,825.0,2.0,2,OVERLOADED,3,53.0,MEDIUM,2,LOW,1,TODO,4,3,0.75,69.43,53.15,-16.28,-56.2,60.93,0,0
00000000-0000-0000-0000-000000004292,Synthetic Dev 17,synth_dev_17@devalign.research,00000000-0000-0000-0000-000000003ac2,Synthetic Task 3,00000000-0000-0000-0000-000000009c6a,Synthetic Project 4,13.8,UNAVAILABLE,0.0,77.8,3,0.0,2.0,0,AVAILABLE,0,28.6,HIGH,3,HIGH,3,TODO,4,0,0.0,74.65,0.0,-74.65,-85.6,0.0,0,0
00000000-0000-0000-0000-00000000949a,Synthetic Dev 38,synth_dev_38@devalign.research,00000000-0000-0000-0000-000000004e4a,Synthetic Task 4,00000000-0000-0000-0000-00000000c37a,Synthetic Project 5,3.6,PARTIAL,0.5,69.1,6,104.0,20.0,3,OVERLOADED,3,37.8,HIGH,3,HIGH,3,TODO,1,1,1.0,59.2,91.9,32.7,32.7,100.0,0,0
00000000-0000-0000-0000-000000000412,Synthetic Dev 1,synth_dev_1@devalign.research,00000000-0000-0000-0000-00000000755a,Synthetic Task 6,00000000-0000-0000-0000-000000004e4a,Synthetic Project 2,2.1,UNAVAILABLE,0.0,86.9,3,330.0,2.0,1,OVERLOADED,3,39.5,LOW,1,CRITICAL,4,TODO,4,1,0.25,71.9,9.03,-62.88,-84.3,14.26,0,0
00000000-0000-0000-0000-00000000bf92,Synthetic Dev 49,synth_dev_49@devalign.research,00000000-0000-0000-0000-000000015fba,Synthetic Task 18,00000000-0000-0000-0000-000000009c6a,Synthetic Project 4,2.2,AVAILABLE,1.0,87.9,7,91.8,40.0,4,HIGH,2,23.0,MEDIUM,2,HIGH,3,TODO,4,3,0.75,75.42,39.2,-36.22,-75.1,52.97,0,0
00000000-0000-0000-0000-0000000007fa,Synthetic Dev 2,synth_dev_2@devalign.research,00000000-0000-0000-0000-00000001d4ea,Synthetic Task 24,00000000-0000-0000-0000-00000000c37a,Synthetic Project 5,0.9,UNAVAILABLE,0.0,63.6,6,1585.0,2.0,4,OVERLOADED,3,29.6,MEDIUM,2,HIGH,3,TODO,3,2,0.6667,61.33,29.4,-31.93,-64.4,48.78,0,0
00000000-0000-0000-0000-000000001f6a,Synthetic Dev 8,synth_dev_8@devalign.research,00000000-0000-0000-0000-0000000088e2,Synthetic Task 7,00000000-0000-0000-0000-00000000755a,Synthetic Project 3,7.1,AVAILABLE,1.0,96.0,4,59.0,40.0,2,BALANCED,1,20.1,HIGH,3,CRITICAL,4,TODO,4,1,0.25,70.12,17.88,-52.25,-88.8,25.0,0,0
00000000-0000-0000-0000-0000000007fa,Synthetic Dev 2,synth_dev_2@devalign.research,00000000-0000-0000-0000-0000000138aa,Synthetic Task 16,00000000-0000-0000-0000-000000004e4a,Synthetic Project 2,0.9,UNAVAILABLE,0.0,63.6,6,1585.0,2.0,4,OVERLOADED,3,59.4,MEDIUM,2,CRITICAL,4,TODO,2,1,0.5,71.8,46.1,-25.7,-55.0,50.0,0,0
00000000-0000-0000-0000-00000000b7c2,Synthetic Dev 47,synth_dev_47@devalign.research,00000000-0000-0000-0000-000000012522,Synthetic Task 15,00000000-0000-0000-0000-00000000273a,Synthetic Project 1,4.5,AVAILABLE,1.0,96.9,4,70.5,40.0,4,BALANCED,1,36.0,LOW,1,MEDIUM,2,TODO,2,1,0.5,65.8,26.05,-39.75,-62.7,37.81,0,0
00000000-0000-0000-0000-0000000036da,Synthetic Dev 14,synth_dev_14@devalign.research,00000000-0000-0000-0000-00000001119a,Synthetic Task 14,00000000-0000-0000-0000-00000000c37a,Synthetic Project 5,7.0,UNAVAILABLE,0.0,73.1,3,825.0,2.0,2,OVERLOADED,3,52.5,HIGH,3,CRITICAL,4,TODO,4,2,0.5,68.72,32.08,-36.65,-68.2,36.61,0,0
00000000-0000-0000-0000-00000000273a,Synthetic Dev 10,synth_dev_10@devalign.research,00000000-0000-0000-0000-000000019a52,Synthetic Task 21,00000000-0000-0000-0000-000000004e4a,Synthetic Project 2,11.6,UNAVAILABLE,0.0,60.5,4,1745.0,2.0,3,OVERLOADED,3,33.7,LOW,1,MEDIUM,2,TODO,2,0,0.0,69.0,0.0,-69.0,-84.8,0.0,0,0
00000000-0000-0000-0000-000000002f0a,Synthetic Dev 12,synth_dev_12@devalign.research,00000000-0000-0000-0000-000000014c32,Synthetic Task 17,00000000-0000-0000-0000-00000000755a,Synthetic Project 3,13.0,AVAILABLE,1.0,58.0,6,17.2,40.0,1,AVAILABLE,0,53.0,MEDIUM,2,LOW,1,TODO,4,1,0.25,69.43,20.25,-49.18,-78.9,25.0,0,0
00000000-0000-0000-0000-00000000aff2,Synthetic Dev 45,synth_dev_45@devalign.research,00000000-0000-0000-0000-000000009c6a,Synthetic Task 8,00000000-0000-0000-0000-000000009c6a,Synthetic Project 4,7.4,PARTIAL,0.5,77.8,7,179.5,20.0,3,OVERLOADED,3,40.8,HIGH,3,LOW,1,TODO,4,1,0.25,75.05,19.88,-55.17,-80.4,25.0,0,0
00000000-0000-0000-0000-0000000084fa,Synthetic Dev 34,synth_dev_34@devalign.research,00000000-0000-0000-0000-0000000186ca,Synthetic Task 20,00000000-0000-0000-0000-00000000273a,Synthetic Project 1,7.5,UNAVAILABLE,0.0,65.3,5,830.0,2.0,3,OVERLOADED,3,13.3,LOW,1,CRITICAL,4,TODO,3,1,0.3333,69.5,18.3,-51.2,-81.8,28.15,0,0
00000000-0000-0000-0000-00000000a822,Synthetic Dev 43,synth_dev_43@devalign.research,00000000-0000-0000-0000-000000012522,Synthetic Task 15,00000000-0000-0000-0000-00000000273a,Synthetic Project 1,13.3,PARTIAL,0.5,65.5,6,135.0,20.0,3,OVERLOADED,3,36.0,LOW,1,MEDIUM,2,TODO,2,2,1.0,65.8,50.65,-15.15,-15.8,76.97,0,0
00000000-0000-0000-0000-0000000088e2,Synthetic Dev 35,synth_dev_35@devalign.research,00000000-0000-0000-0000-000000009c6a,Synthetic Task 8,00000000-0000-0000-0000-000000009c6a,Synthetic Project 4,6.4,PARTIAL,0.5,78.3,6,81.5,20.0,3,HIGH,2,40.8,HIGH,3,LOW,1,TODO,4,3,0.75,75.05,47.25,-27.8,-80.4,61.36,0,0
00000000-0000-0000-0000-000000003ac2,Synthetic Dev 15,synth_dev_15@devalign.research,00000000-0000-0000-0000-00000001d4ea,Synthetic Task 24,00000000-0000-0000-0000-00000000c37a,Synthetic Project 5,13.9,AVAILABLE,1.0,91.5,6,19.5,40.0,1,AVAILABLE,0,29.6,MEDIUM,2,HIGH,3,TODO,3,3,1.0,61.33,77.8,16.47,-18.1,90.76,0,1
00000000-0000-0000-0000-00000000bbaa,Synthetic Dev 48,synth_dev_48@devalign.research,00000000-0000-0000-0000-000000019a52,Synthetic Task 21,00000000-0000-0000-0000-000000004e4a,Synthetic Project 2,14.1,PARTIAL,0.5,75.5,3,0.0,20.0,0,AVAILABLE,0,33.7,LOW,1,MEDIUM,2,TODO,2,2,1.0,69.0,44.7,-24.3,-45.1,70.12,0,0
00000000-0000-0000-0000-000000003ac2,Synthetic Dev 15,synth_dev_15@devalign.research,00000000-0000-0000-0000-0000000088e2,Synthetic Task 7,00000000-0000-0000-0000-00000000755a,Synthetic Project 3,13.9,AVAILABLE,1.0,91.5,6,19.5,40.0,1,AVAILABLE,0,20.1,HIGH,3,CRITICAL,4,TODO,4,3,0.75,70.12,57.67,-12.45,-62.6,71.71,0,0
00000000-0000-0000-0000-000000005a02,Synthetic Dev 23,synth_dev_23@devalign.research,00000000-0000-0000-0000-00000001119a,Synthetic Task 14,00000000-0000-0000-0000-00000000c37a,Synthetic Project 5,1.1,AVAILABLE,1.0,70.7,4,0.0,40.0,0,AVAILABLE,0,52.5,HIGH,3,CRITICAL,4,TODO,4,1,0.25,68.72,23.32,-45.4,-72.1,25.0,0,0
00000000-0000-0000-0000-0000000090b2,Synthetic Dev 37,synth_dev_37@devalign.research,00000000-0000-0000-0000-0000000186ca,Synthetic Task 20,00000000-0000-0000-0000-00000000273a,Synthetic Project 1,8.2,UNAVAILABLE,0.0,94.0,3,1790.0,2.0,4,OVERLOADED,3,13.3,LOW,1,CRITICAL,4,TODO,3,0,0.0,69.5,0.0,-69.5,-81.8,0.0,0,0
00000000-0000-0000-0000-000000002b22,Synthetic Dev 11,synth_dev_11@devalign.research,00000000-0000-0000-0000-00000000aff2,Synthetic Task 9,00000000-0000-0000-0000-00000000c37a,Synthetic Project 5,14.9,PARTIAL,0.5,82.9,6,169.5,20.0,3,OVERLOADED,3,34.8,LOW,1,HIGH,3,TODO,3,1,0.3333,69.47,22.73,-46.73,-75.2,27.72,0,0
00000000-0000-0000-0000-000000009c6a,Synthetic Dev 40,synth_dev_40@devalign.research,00000000-0000-0000-0000-000000020f82,Synthetic Task 27,00000000-0000-0000-0000-00000000755a,Synthetic Project 3,9.3,UNAVAILABLE,0.0,87.2,4,0.0,2.0,0,AVAILABLE,0,39.2,HIGH,3,MEDIUM,2,TODO,1,1,1.0,81.5,67.4,-14.1,-14.1,82.7,0,0
00000000-0000-0000-0000-000000008cca,Synthetic Dev 36,synth_dev_36@devalign.research,00000000-0000-0000-0000-000000015fba,Synthetic Task 18,00000000-0000-0000-0000-000000009c6a,Synthetic Project 4,13.5,UNAVAILABLE,0.0,76.0,3,805.0,2.0,2,OVERLOADED,3,23.0,MEDIUM,2,HIGH,3,TODO,4,2,0.5,75.42,40.42,-35.0,-75.1,49.74,0,0
00000000-0000-0000-0000-000000002b22,Synthetic Dev 11,synth_dev_11@devalign.research,00000000-0000-0000-0000-000000003ac2,Synthetic Task 3,00000000-0000-0000-0000-000000009c6a,Synthetic Project 4,14.9,PARTIAL,0.5,82.9,6,169.5,20.0,3,OVERLOADED,3,28.6,HIGH,3,HIGH,3,TODO,4,1,0.25,74.65,11.22,-63.42,-85.6,16.63,0,0
00000000-0000-0000-0000-000000000fca,Synthetic Dev 4,synth_dev_4@devalign.research,00000000-0000-0000-0000-00000000ea8a,Synthetic Task 12,00000000-0000-0000-0000-00000000755a,Synthetic Project 3,12.9,AVAILABLE,1.0,92.3,5,52.0,40.0,3,BALANCED,1,32.5,HIGH,3,HIGH,3,TODO,3,2,0.6667,65.7,37.73,-27.97,-59.7,52.33,0,0
00000000-0000-0000-0000-0000000061d2,Synthetic Dev 25,synth_dev_25@devalign.research,00000000-0000-0000-0000-00000001d4ea,Synthetic Task 24,00000000-0000-0000-0000-00000000c37a,Synthetic Project 5,2.8,PARTIAL,0.5,85.2,6,166.5,20.0,3,OVERLOADED,3,29.6,MEDIUM,2,HIGH,3,TODO,3,3,1.0,61.33,44.97,-16.37,-30.8,73.86,0,0
00000000-0000-0000-0000-000000000be2,Synthetic Dev 3,synth_dev_3@devalign.research,00000000-0000-0000-0000-00000000ea8a,Synthetic Task 12,00000000-0000-0000-0000-00000000755a,Synthetic Project 3,9.3,PARTIAL,0.5,89.7,6,131.5,20.0,3,OVERLOADED,3,32.5,HIGH,3,HIGH,3,TODO,3,3,1.0,65.7,56.07,-9.63,-25.2,79.91,0,0
00000000-0000-0000-0000-00000000755a,Synthetic Dev 30,synth_dev_30@devalign.research,00000000-0000-0000-0000-000000012522,Synthetic Task 15,00000000-0000-0000-0000-00000000273a,Synthetic Project 1,6.9,PARTIAL,0.5,84.1,4,166.0,20.0,4,OVERLOADED,3,36.0,LOW,1,MEDIUM,2,TODO,2,1,0.5,65.8,22.3,-43.5,-62.7,32.37,0,0
00000000-0000-0000-0000-0000000007fa,Synthetic Dev 2,synth_dev_2@devalign.research,00000000-0000-0000-0000-000000019a52,Synthetic Task 21,00000000-0000-0000-0000-000000004e4a,Synthetic Project 2,0.9,UNAVAILABLE,0.0,63.6,6,1585.0,2.0,4,OVERLOADED,3,33.7,LOW,1,MEDIUM,2,TODO,2,1,0.5,69.0,26.05,-42.95,-53.2,30.72,0,0
00000000-0000-0000-0000-0000000013b2,Synthetic Dev 5,synth_dev_5@devalign.research,00000000-0000-0000-0000-00000000ea8a,Synthetic Task 12,00000000-0000-0000-0000-00000000755a,Synthetic Project 3,4.0,UNAVAILABLE,0.0,74.9,7,1195.0,2.0,2,OVERLOADED,3,32.5,HIGH,3,HIGH,3,TODO,3,1,0.3333,65.7,16.83,-48.87,-65.3,23.35,0,0
00000000-0000-0000-0000-000000000fca,Synthetic Dev 4,synth_dev_4@devalign.research,00000000-0000-0000-0000-000000015fba,Synthetic Task 18,00000000-0000-0000-0000-000000009c6a,Synthetic Project 4,12.9,AVAILABLE,1.0,92.3,5,52.0,40.0,3,BALANCED,1,23.0,MEDIUM,2,HIGH,3,TODO,4,3,0.75,75.42,51.98,-23.45,-69.5,64.72,0,0
00000000-0000-0000-0000-000000000fca,Synthetic Dev 4,synth_dev_4@devalign.research,00000000-0000-0000-0000-0000000186ca,Synthetic Task 20,00000000-0000-0000-0000-00000000273a,Synthetic Project 1,12.9,AVAILABLE,1.0,92.3,5,52.0,40.0,3,BALANCED,1,13.3,LOW,1,CRITICAL,4,TODO,3,1,0.3333,69.5,30.3,-39.2,-81.8,33.33,0,0
00000000-0000-0000-0000-00000000aff2,Synthetic Dev 45,synth_dev_45@devalign.research,00000000-0000-0000-0000-00000000d702,Synthetic Task 11,00000000-0000-0000-0000-000000004e4a,Synthetic Project 2,7.4,PARTIAL,0.5,77.8,7,179.5,20.0,3,OVERLOADED,3,29.8,LOW,1,LOW,1,TODO,1,1,1.0,69.9,64.8,-5.1,-5.1,92.7,0,0
00000000-0000-0000-0000-00000000b3da,Synthetic Dev 46,synth_dev_46@devalign.research,00000000-0000-0000-0000-0000000013b2,Synthetic Task 1,00000000-0000-0000-0000-000000004e4a,Synthetic Project 2,4.5,PARTIAL,0.5,80.4,3,183.5,20.0,4,OVERLOADED,3,8.0,HIGH,3,CRITICAL,4,TODO,2,2,1.0,69.4,51.55,-17.85,-18.3,74.27,1,0
00000000-0000-0000-0000-0000000061d2,Synthetic Dev 25,synth_dev_25@devalign.research,00000000-0000-0000-0000-000000012522,Synthetic Task 15,00000000-0000-0000-0000-00000000273a,Synthetic Project 1,2.8,PARTIAL,0.5,85.2,6,166.5,20.0,3,OVERLOADED,3,36.0,LOW,1,MEDIUM,2,TODO,2,1,0.5,65.8,17.25,-48.55,-68.9,27.51,0,0
00000000-0000-0000-0000-00000000ac0a,Synthetic Dev 44,synth_dev_44@devalign.research,00000000-0000-0000-0000-00000001e872,Synthetic Task 25,00000000-0000-0000-0000-00000000273a,Synthetic Project 1,0.6,UNAVAILABLE,0.0,95.8,6,0.0,2.0,0,AVAILABLE,0,5.2,MEDIUM,2,HIGH,3,TODO,4,2,0.5,82.55,19.23,-63.32,-83.3,23.17,0,0
00000000-0000-0000-0000-00000000aff2,Synthetic Dev 45,synth_dev_45@devalign.research,00000000-0000-0000-0000-0000000013b2,Synthetic Task 1,00000000-0000-0000-0000-000000004e4a,Synthetic Project 2,7.4,PARTIAL,0.5,77.8,7,179.5,20.0,3,OVERLOADED,3,8.0,HIGH,3,CRITICAL,4,TODO,2,0,0.0,69.4,0.0,-69.4,-71.8,0.0,0,0
00000000-0000-0000-0000-000000006d8a,Synthetic Dev 28,synth_dev_28@devalign.research,00000000-0000-0000-0000-000000004e4a,Synthetic Task 4,00000000-0000-0000-0000-00000000c37a,Synthetic Project 5,13.9,UNAVAILABLE,0.0,81.8,5,0.0,2.0,0,AVAILABLE,0,37.8,HIGH,3,HIGH,3,TODO,1,0,0.0,59.2,0.0,-59.2,-59.2,0.0,0,0
00000000-0000-0000-0000-00000000b7c2,Synthetic Dev 47,synth_dev_47@devalign.research,00000000-0000-0000-0000-0000000186ca,Synthetic Task 20,00000000-0000-0000-0000-00000000273a,Synthetic Project 1,4.5,AVAILABLE,1.0,96.9,4,70.5,40.0,4,BALANCED,1,13.3,LOW,1,CRITICAL,4,TODO,3,1,0.3333,69.5,17.37,-52.13,-65.0,21.23,0,0
00000000-0000-0000-0000-0000000061d2,Synthetic Dev 25,synth_dev_25@devalign.research,00000000-0000-0000-0000-000000003ac2,Synthetic Task 3,00000000-0000-0000-0000-000000009c6a,Synthetic Project 4,2.8,PARTIAL,0.5,85.2,6,166.5,20.0,3,OVERLOADED,3,28.6,HIGH,3,HIGH,3,TODO,4,3,0.75,74.65,40.83,-33.82,-71.6,53.77,0,0
00000000-0000-0000-0000-0000000065ba,Synthetic Dev 26,synth_dev_26@devalign.research,00000000-0000-0000-0000-0000000138aa,Synthetic Task 16,00000000-0000-0000-0000-000000004e4a,Synthetic Project 2,9.8,PARTIAL,0.5,72.2,3,146.5,20.0,4,OVERLOADED,3,59.4,MEDIUM,2,CRITICAL,4,TODO,2,0,0.0,71.8,0.0,-71.8,-88.6,0.0,0,0
00000000-0000-0000-0000-0000000088e2,Synthetic Dev 35,synth_dev_35@devalign.research,00000000-0000-0000-0000-00000002230a,Synthetic Task 28,00000000-0000-0000-0000-000000009c6a,Synthetic Project 4,6.4,PARTIAL,0.5,78.3,6,81.5,20.0,3,HIGH,2,45.0,LOW,1,HIGH,3,TODO,1,0,0.0,63.1,0.0,-63.1,-63.1,0.0,0,0
00000000-0000-0000-0000-000000005232,Synthetic Dev 21,synth_dev_21@devalign.research,00000000-0000-0000-0000-0000000138aa,Synthetic Task 16,00000000-0000-0000-0000-000000004e4a,Synthetic Project 2,9.7,UNAVAILABLE,0.0,66.4,3,1015.0,2.0,3,OVERLOADED,3,59.4,MEDIUM,2,CRITICAL,4,TODO,2,0,0.0,71.8,0.0,-71.8,-88.6,0.0,0,0
00000000-0000-0000-0000-000000004292,Synthetic Dev 17,synth_dev_17@devalign.research,00000000-0000-0000-0000-000000019a52,Synthetic Task 21,00000000-0000-0000-0000-000000004e4a,Synthetic Project 2,13.8,UNAVAILABLE,0.0,77.8,3,0.0,2.0,0,AVAILABLE,0,33.7,LOW,1,MEDIUM,2,TODO,2,1,0.5,69.0,36.95,-32.05,-84.8,50.0,0,0
00000000-0000-0000-0000-00000000755a,Synthetic Dev 30,synth_dev_30@devalign.research,00000000-0000-0000-0000-000000017342,Synthetic Task 19,00000000-0000-0000-0000-00000000c37a,Synthetic Project 5,6.9,PARTIAL,0.5,84.1,4,166.0,20.0,4,OVERLOADED,3,17.1,HIGH,3,LOW,1,TODO,3,1,0.3333,82.57,27.73,-54.83,-89.1,33.33,0,0
00000000-0000-0000-0000-000000007d2a,Synthetic Dev 32,synth_dev_32@devalign.research,00000000-0000-0000-0000-00000000fe12,Synthetic Task 13,00000000-0000-0000-0000-000000009c6a,Synthetic Project 4,10.0,AVAILABLE,1.0,55.2,4,0.0,40.0,0,AVAILABLE,0,52.4,HIGH,3,MEDIUM,2,TODO,3,0,0.0,68.67,0.0,-68.67,-82.8,0.0,0,0
00000000-0000-0000-0000-0000000007fa,Synthetic Dev 2,synth_dev_2@devalign.research,00000000-0000-0000-0000-000000023692,Synthetic Task 29,00000000-0000-0000-0000-00000000c37a,Synthetic Project 5,0.9,UNAVAILABLE,0.0,63.6,6,1585.0,2.0,4,OVERLOADED,3,15.2,MEDIUM,2,MEDIUM,2,TODO,3,2,0.6667,75.5,30.73,-44.77,-83.2,44.9,0,0
00000000-0000-0000-0000-000000005232,Synthetic Dev 21,synth_dev_21@devalign.research,00000000-0000-0000-0000-00000000c37a,Synthetic Task 10,00000000-0000-0000-0000-00000000273a,Synthetic Project 1,9.7,UNAVAILABLE,0.0,66.4,3,1015.0,2.0,3,OVERLOADED,3,21.4,HIGH,3,MEDIUM,2,TODO,1,0,0.0,66.3,0.0,-66.3,-66.3,0.0,0,0
00000000-0000-0000-0000-00000000755a,Synthetic Dev 30,synth_dev_30@devalign.research,00000000-0000-0000-0000-0000000138aa,Synthetic Task 16,00000000-0000-0000-0000-000000004e4a,Synthetic Project 2,6.9,PARTIAL,0.5,84.1,4,166.0,20.0,4,OVERLOADED,3,59.4,MEDIUM,2,CRITICAL,4,TODO,2,1,0.5,71.8,22.3,-49.5,-55.0,25.17,0,0
00000000-0000-0000-0000-000000000fca,Synthetic Dev 4,synth_dev_4@devalign.research,00000000-0000-0000-0000-00000001e872,Synthetic Task 25,00000000-0000-0000-0000-00000000273a,Synthetic Project 1,12.9,AVAILABLE,1.0,92.3,5,52.0,40.0,3,BALANCED,1,5.2,MEDIUM,2,HIGH,3,TODO,4,1,0.25,82.55,18.02,-64.53,-83.3,20.93,1,0
00000000-0000-0000-0000-0000000065ba,Synthetic Dev 26,synth_dev_26@devalign.research,00000000-0000-0000-0000-0000000013b2,Synthetic Task 1,00000000-0000-0000-0000-000000004e4a,Synthetic Project 2,9.8,PARTIAL,0.5,72.2,3,146.5,20.0,4,OVERLOADED,3,8.0,HIGH,3,CRITICAL,4,TODO,2,1,0.5,69.4,46.95,-22.45,-71.8,50.0,0,0
00000000-0000-0000-0000-000000008112,Synthetic Dev 33,synth_dev_33@devalign.research,00000000-0000-0000-0000-0000000013b2,Synthetic Task 1,00000000-0000-0000-0000-000000004e4a,Synthetic Project 2,10.2,PARTIAL,0.5,97.5,6,144.5,20.0,4,OVERLOADED,3,8.0,HIGH,3,CRITICAL,4,TODO,2,2,1.0,69.4,58.75,-10.65,-20.9,84.12,0,0
00000000-0000-0000-0000-0000000065ba,Synthetic Dev 26,synth_dev_26@devalign.research,00000000-0000-0000-0000-00000001c162,Synthetic Task 23,00000000-0000-0000-0000-000000009c6a,Synthetic Project 4,9.8,PARTIAL,0.5,72.2,3,146.5,20.0,4,OVERLOADED,3,54.3,HIGH,3,LOW,1,TODO,4,2,0.5,70.15,31.6,-38.55,-75.6,36.05,0,0
00000000-0000-0000-0000-00000000a822,Synthetic Dev 43,synth_dev_43@devalign.research,00000000-0000-0000-0000-000000020f82,Synthetic Task 27,00000000-0000-0000-0000-00000000755a,Synthetic Project 3,13.3,PARTIAL,0.5,65.5,6,135.0,20.0,3,OVERLOADED,3,39.2,HIGH,3,MEDIUM,2,TODO,1,0,0.0,81.5,0.0,-81.5,-81.5,0.0,0,0
00000000-0000-0000-0000-0000000013b2,Synthetic Dev 5,synth_dev_5@devalign.research,00000000-0000-0000-0000-0000000088e2,Synthetic Task 7,00000000-0000-0000-0000-00000000755a,Synthetic Project 3,4.0,UNAVAILABLE,0.0,74.9,7,1195.0,2.0,2,OVERLOADED,3,20.1,HIGH,3,CRITICAL,4,TODO,4,3,0.75,70.12,49.38,-20.75,-62.6,60.25,0,0
00000000-0000-0000-0000-00000000179a,Synthetic Dev 6,synth_dev_6@devalign.research,00000000-0000-0000-0000-00000000fe12,Synthetic Task 13,00000000-0000-0000-0000-000000009c6a,Synthetic Project 4,7.2,UNAVAILABLE,0.0,66.4,7,510.0,2.0,1,OVERLOADED,3,52.4,HIGH,3,MEDIUM,2,TODO,3,3,1.0,68.67,42.13,-26.53,-49.7,63.87,0,0
00000000-0000-0000-0000-000000001f6a,Synthetic Dev 8,synth_dev_8@devalign.research,00000000-0000-0000-0000-00000001fbfa,Synthetic Task 26,00000000-0000-0000-0000-000000004e4a,Synthetic Project 2,7.1,AVAILABLE,1.0,96.0,4,59.0,40.0,2,BALANCED,1,16.3,LOW,1,HIGH,3,TODO,2,1,0.5,77.95,19.95,-58.0,-77.1,25.32,0,0
00000000-0000-0000-0000-000000007942,Synthetic Dev 31,synth_dev_31@devalign.research,00000000-0000-0000-0000-00000000c37a,Synthetic Task 10,00000000-0000-0000-0000-00000000273a,Synthetic Project 1,2.6,AVAILABLE,1.0,57.0,3,69.5,40.0,3,BALANCED,1,21.4,HIGH,3,MEDIUM,2,TODO,1,0,0.0,66.3,0.0,-66.3,-66.3,0.0,0,0
00000000-0000-0000-0000-00000000ac0a,Synthetic Dev 44,synth_dev_44@devalign.research,00000000-0000-0000-0000-0000000186ca,Synthetic Task 20,00000000-0000-0000-0000-00000000273a,Synthetic Project 1,0.6,UNAVAILABLE,0.0,95.8,6,0.0,2.0,0,AVAILABLE,0,13.3,LOW,1,CRITICAL,4,TODO,3,2,0.6667,69.5,34.03,-35.47,-81.8,53.62,0,0
00000000-0000-0000-0000-0000000032f2,Synthetic Dev 13,synth_dev_13@devalign.research,00000000-0000-0000-0000-0000000138aa,Synthetic Task 16,00000000-0000-0000-0000-000000004e4a,Synthetic Project 2,6.5,PARTIAL,0.5,92.1,3,0.0,20.0,0,AVAILABLE,0,59.4,MEDIUM,2,CRITICAL,4,TODO,2,1,0.5,71.8,41.0,-30.8,-55.0,46.28,0,0
00000000-0000-0000-0000-0000000088e2,Synthetic Dev 35,synth_dev_35@devalign.research,00000000-0000-0000-0000-00000000755a,Synthetic Task 6,00000000-0000-0000-0000-000000004e4a,Synthetic Project 2,6.4,PARTIAL,0.5,78.3,6,81.5,20.0,3,HIGH,2,39.5,LOW,1,CRITICAL,4,TODO,4,1,0.25,71.9,21.07,-50.83,-84.3,25.0,0,0
00000000-0000-0000-0000-000000004292,Synthetic Dev 17,synth_dev_17@devalign.research,00000000-0000-0000-0000-000000015fba,Synthetic Task 18,00000000-0000-0000-0000-000000009c6a,Synthetic Project 4,13.8,UNAVAILABLE,0.0,77.8,3,0.0,2.0,0,AVAILABLE,0,23.0,MEDIUM,2,HIGH,3,TODO,4,2,0.5,75.42,29.8,-45.62,-85.5,40.08,0,0
00000000-0000-0000-0000-00000000949a,Synthetic Dev 38,synth_dev_38@devalign.research,00000000-0000-0000-0000-00000002230a,Synthetic Task 28,00000000-0000-0000-0000-000000009c6a,Synthetic Project 4,3.6,PARTIAL,0.5,69.1,6,104.0,20.0,3,OVERLOADED,3,45.0,LOW,1,HIGH,3,TODO,1,1,1.0,63.1,33.4,-29.7,-29.7,52.93,0,0
00000000-0000-0000-0000-000000008112,Synthetic Dev 33,synth_dev_33@devalign.research,00000000-0000-0000-0000-00000000d702,Synthetic Task 11,00000000-0000-0000-0000-000000004e4a,Synthetic Project 2,10.2,PARTIAL,0.5,97.5,6,144.5,20.0,4,OVERLOADED,3,29.8,LOW,1,LOW,1,TODO,1,0,0.0,69.9,0.0,-69.9,-69.9,0.0,0,0
00000000-0000-0000-0000-000000007942,Synthetic Dev 31,synth_dev_31@devalign.research,00000000-0000-0000-0000-000000019a52,Synthetic Task 21,00000000-0000-0000-0000-000000004e4a,Synthetic Project 2,2.6,AVAILABLE,1.0,57.0,3,69.5,40.0,3,BALANCED,1,33.7,LOW,1,MEDIUM,2,TODO,2,0,0.0,69.0,0.0,-69.0,-84.8,0.0,0,0
00000000-0000-0000-0000-000000000be2,Synthetic Dev 3,synth_dev_3@devalign.research,00000000-0000-0000-0000-000000004e4a,Synthetic Task 4,00000000-0000-0000-0000-00000000c37a,Synthetic Project 5,9.3,PARTIAL,0.5,89.7,6,131.5,20.0,3,OVERLOADED,3,37.8,HIGH,3,HIGH,3,TODO,1,1,1.0,59.2,87.6,28.4,28.4,100.0,0,0
00000000-0000-0000-0000-00000000bf92,Synthetic Dev 49,synth_dev_49@devalign.research,00000000-0000-0000-0000-00000001e872,Synthetic Task 25,00000000-0000-0000-0000-00000000273a,Synthetic Project 1,2.2,AVAILABLE,1.0,87.9,7,91.8,40.0,4,HIGH,2,5.2,MEDIUM,2,HIGH,3,TODO,4,2,0.5,82.55,37.12,-45.42,-83.3,44.55,0,0
00000000-0000-0000-0000-000000008112,Synthetic Dev 33,synth_dev_33@devalign.research,00000000-0000-0000-0000-00000001d4ea,Synthetic Task 24,00000000-0000-0000-0000-00000000c37a,Synthetic Project 5,10.2,PARTIAL,0.5,97.5,6,144.5,20.0,4,OVERLOADED,3,29.6,MEDIUM,2,HIGH,3,TODO,3,3,1.0,61.33,59.7,-1.63,-17.6,88.64,0,0
00000000-0000-0000-0000-0000000088e2,Synthetic Dev 35,synth_dev_35@devalign.research,00000000-0000-0000-0000-000000017342,Synthetic Task 19,00000000-0000-0000-0000-00000000c37a,Synthetic Project 5,6.4,PARTIAL,0.5,78.3,6,81.5,20.0,3,HIGH,2,17.1,HIGH,3,LOW,1,TODO,3,2,0.6667,82.57,44.57,-38.0,-80.4,52.59,0,0
00000000-0000-0000-0000-0000000013b2,Synthetic Dev 5,synth_dev_5@devalign.research,00000000-0000-0000-0000-00000001adda,Synthetic Task 22,00000000-0000-0000-0000-00000000755a,Synthetic Project 3,4.0,UNAVAILABLE,0.0,74.9,7,1195.0,2.0,2,OVERLOADED,3,31.9,HIGH,3,MEDIUM,2,TODO,2,2,1.0,71.95,48.95,-23.0,-28.1,68.31,0,0
00000000-0000-0000-0000-000000009c6a,Synthetic Dev 40,synth_dev_40@devalign.research,00000000-0000-0000-0000-000000009c6a,Synthetic Task 8,00000000-0000-0000-0000-000000009c6a,Synthetic Project 4,9.3,UNAVAILABLE,0.0,87.2,4,0.0,2.0,0,AVAILABLE,0,40.8,HIGH,3,LOW,1,TODO,4,2,0.5,75.05,30.45,-44.6,-75.0,37.89,0,0
00000000-0000-0000-0000-00000000755a,Synthetic Dev 30,synth_dev_30@devalign.research,00000000-0000-0000-0000-00000001d4ea,Synthetic Task 24,00000000-0000-0000-0000-00000000c37a,Synthetic Project 5,6.9,PARTIAL,0.5,84.1,4,166.0,20.0,4,OVERLOADED,3,29.6,MEDIUM,2,HIGH,3,TODO,3,0,0.0,61.33,0.0,-61.33,-65.3,0.0,0,0
00000000-0000-0000-0000-0000000090b2,Synthetic Dev 37,synth_dev_37@devalign.research,00000000-0000-0000-0000-000000019a52,Synthetic Task 21,00000000-0000-0000-0000-000000004e4a,Synthetic Project 2,8.2,UNAVAILABLE,0.0,94.0,3,1790.0,2.0,4,OVERLOADED,3,33.7,LOW,1,MEDIUM,2,TODO,2,1,0.5,69.0,23.45,-45.55,-84.8,44.08,0,0
00000000-0000-0000-0000-00000000273a,Synthetic Dev 10,synth_dev_10@devalign.research,00000000-0000-0000-0000-0000000061d2,Synthetic Task 5,00000000-0000-0000-0000-00000000273a,Synthetic Project 1,11.6,UNAVAILABLE,0.0,60.5,4,1745.0,2.0,3,OVERLOADED,3,60.0,HIGH,3,LOW,1,TODO,3,0,0.0,77.17,0.0,-77.17,-86.6,0.0,0,0
00000000-0000-0000-0000-0000000007fa,Synthetic Dev 2,synth_dev_2@devalign.research,00000000-0000-0000-0000-0000000186ca,Synthetic Task 20,00000000-0000-0000-0000-00000000273a,Synthetic Project 1,0.9,UNAVAILABLE,0.0,63.6,6,1585.0,2.0,4,OVERLOADED,3,13.3,LOW,1,CRITICAL,4,TODO,3,2,0.6667,69.5,48.1,-21.4,-65.0,61.48,0,0
00000000-0000-0000-0000-000000007d2a,Synthetic Dev 32,synth_dev_32@devalign.research,00000000-0000-0000-0000-00000001e872,Synthetic Task 25,00000000-0000-0000-0000-00000000273a,Synthetic Project 1,10.0,AVAILABLE,1.0,55.2,4,0.0,40.0,0,AVAILABLE,0,5.2,MEDIUM,2,HIGH,3,TODO,4,2,0.5,82.55,32.08,-50.47,-81.0,36.61,0,0
00000000-0000-0000-0000-000000007172,Synthetic Dev 29,synth_dev_29@devalign.research,00000000-0000-0000-0000-0000000186ca,Synthetic Task 20,00000000-0000-0000-0000-00000000273a,Synthetic Project 1,13.6,UNAVAILABLE,0.0,81.5,3,785.0,2.0,2,OVERLOADED,3,13.3,LOW,1,CRITICAL,4,TODO,3,1,0.3333,69.5,22.57,-46.93,-81.8,33.33,0,0
00000000-0000-0000-0000-00000000bbaa,Synthetic Dev 48,synth_dev_48@devalign.research,00000000-0000-0000-0000-00000001c162,Synthetic Task 23,00000000-0000-0000-0000-000000009c6a,Synthetic Project 4,14.1,PARTIAL,0.5,75.5,3,0.0,20.0,0,AVAILABLE,0,54.3,HIGH,3,LOW,1,TODO,4,2,0.5,70.15,29.07,-41.08,-67.7,38.93,0,0
00000000-0000-0000-0000-00000000561a,Synthetic Dev 22,synth_dev_22@devalign.research,00000000-0000-0000-0000-00000000273a,Synthetic Task 2,00000000-0000-0000-0000-00000000755a,Synthetic Project 3,2.8,PARTIAL,0.5,74.0,3,134.0,20.0,3,OVERLOADED,3,54.9,HIGH,3,MEDIUM,2,TODO,2,2,1.0,59.45,61.9,2.45,-22.7,81.78,0,0
00000000-0000-0000-0000-000000004e4a,Synthetic Dev 20,synth_dev_20@devalign.research,00000000-0000-0000-0000-00000000ea8a,Synthetic Task 12,00000000-0000-0000-0000-00000000755a,Synthetic Project 3,4.8,UNAVAILABLE,0.0,83.5,3,345.0,2.0,1,OVERLOADED,3,32.5,HIGH,3,HIGH,3,TODO,3,1,0.3333,65.7,16.1,-49.6,-72.1,24.66,0,0
00000000-0000-0000-0000-000000009c6a,Synthetic Dev 40,synth_dev_40@devalign.research,00000000-0000-0000-0000-00000000c37a,Synthetic Task 10,00000000-0000-0000-0000-00000000273a,Synthetic Project 1,9.3,UNAVAILABLE,0.0,87.2,4,0.0,2.0,0,AVAILABLE,0,21.4,HIGH,3,MEDIUM,2,TODO,1,0,0.0,66.3,0.0,-66.3,-66.3,0.0,0,0
00000000-0000-0000-0000-000000002f0a,Synthetic Dev 12,synth_dev_12@devalign.research,00000000-0000-0000-0000-00000000c37a,Synthetic Task 10,00000000-0000-0000-0000-00000000273a,Synthetic Project 1,13.0,AVAILABLE,1.0,58.0,6,17.2,40.0,1,AVAILABLE,0,21.4,HIGH,3,MEDIUM,2,TODO,1,1,1.0,66.3,81.0,14.7,14.7,100.0,0,1
00000000-0000-0000-0000-0000000061d2,Synthetic Dev 25,synth_dev_25@devalign.research,00000000-0000-0000-0000-00000000755a,Synthetic Task 6,00000000-0000-0000-0000-000000004e4a,Synthetic Project 2,2.8,PARTIAL,0.5,85.2,6,166.5,20.0,3,OVERLOADED,3,39.5,LOW,1,CRITICAL,4,TODO,4,3,0.75,71.9,45.17,-26.73,-84.3,60.8,0,0
00000000-0000-0000-0000-000000002f0a,Synthetic Dev 12,synth_dev_12@devalign.research,00000000-0000-0000-0000-000000015fba,Synthetic Task 18,00000000-0000-0000-0000-000000009c6a,Synthetic Project 4,13.0,AVAILABLE,1.0,58.0,6,17.2,40.0,1,AVAILABLE,0,23.0,MEDIUM,2,HIGH,3,TODO,4,3,0.75,75.42,45.73,-29.7,-75.1,58.26,0,0
00000000-0000-0000-0000-000000005232,Synthetic Dev 21,synth_dev_21@devalign.research,00000000-0000-0000-0000-00000000aff2,Synthetic Task 9,00000000-0000-0000-0000-00000000c37a,Synthetic Project 5,9.7,UNAVAILABLE,0.0,66.4,3,1015.0,2.0,3,OVERLOADED,3,34.8,LOW,1,HIGH,3,TODO,3,1,0.3333,69.47,10.97,-58.5,-75.2,13.37,0,0
00000000-0000-0000-0000-000000004292,Synthetic Dev 17,synth_dev_17@devalign.research,00000000-0000-0000-0000-00000000755a,Synthetic Task 6,00000000-0000-0000-0000-000000004e4a,Synthetic Project 2,13.8,UNAVAILABLE,0.0,77.8,3,0.0,2.0,0,AVAILABLE,0,39.5,LOW,1,CRITICAL,4,TODO,4,1,0.25,71.9,11.32,-60.58,-84.3,17.89,0,0
00000000-0000-0000-0000-00000000273a,Synthetic Dev 10,synth_dev_10@devalign.research,00000000-0000-0000-0000-0000000138aa,Synthetic Task 16,00000000-0000-0000-0000-000000004e4a,Synthetic Project 2,11.6,UNAVAILABLE,0.0,60.5,4,1745.0,2.0,3,OVERLOADED,3,59.4,MEDIUM,2,CRITICAL,4,TODO,2,0,0.0,71.8,0.0,-71.8,-88.6,0.0,0,0
00000000-0000-0000-0000-0000000032f2,Synthetic Dev 13,synth_dev_13@devalign.research,00000000-0000-0000-0000-00000001119a,Synthetic Task 14,00000000-0000-0000-0000-00000000c37a,Synthetic Project 5,6.5,PARTIAL,0.5,92.1,3,0.0,20.0,0,AVAILABLE,0,52.5,HIGH,3,CRITICAL,4,TODO,4,1,0.25,68.72,10.62,-58.1,-72.1,15.58,0,0
00000000-0000-0000-0000-0000000061d2,Synthetic Dev 25,synth_dev_25@devalign.research,00000000-0000-0000-0000-0000000138aa,Synthetic Task 16,00000000-0000-0000-0000-000000004e4a,Synthetic Project 2,2.8,PARTIAL,0.5,85.2,6,166.5,20.0,3,OVERLOADED,3,59.4,MEDIUM,2,CRITICAL,4,TODO,2,1,0.5,71.8,27.95,-43.85,-88.6,50.0,0,0
00000000-0000-0000-0000-00000000b7c2,Synthetic Dev 47,synth_dev_47@devalign.research,00000000-0000-0000-0000-00000000ea8a,Synthetic Task 12,00000000-0000-0000-0000-00000000755a,Synthetic Project 3,4.5,AVAILABLE,1.0,96.9,4,70.5,40.0,4,BALANCED,1,32.5,HIGH,3,HIGH,3,TODO,3,1,0.3333,65.7,16.17,-49.53,-65.3,22.42,0,0
00000000-0000-0000-0000-000000007172,Synthetic Dev 29,synth_dev_29@devalign.research,00000000-0000-0000-0000-0000000138aa,Synthetic Task 16,00000000-0000-0000-0000-000000004e4a,Synthetic Project 2,13.6,UNAVAILABLE,0.0,81.5,3,785.0,2.0,2,OVERLOADED,3,59.4,MEDIUM,2,CRITICAL,4,TODO,2,0,0.0,71.8,0.0,-71.8,-88.6,0.0,0,0
00000000-0000-0000-0000-000000002352,Synthetic Dev 9,synth_dev_9@devalign.research,00000000-0000-0000-0000-00000001adda,Synthetic Task 22,00000000-0000-0000-0000-00000000755a,Synthetic Project 3,14.3,UNAVAILABLE,0.0,94.7,6,0.0,2.0,0,AVAILABLE,0,31.9,HIGH,3,MEDIUM,2,TODO,2,0,0.0,71.95,0.0,-71.95,-75.5,0.0,0,0
00000000-0000-0000-0000-00000000aff2,Synthetic Dev 45,synth_dev_45@devalign.research,00000000-0000-0000-0000-00000000c37a,Synthetic Task 10,00000000-0000-0000-0000-00000000273a,Synthetic Project 1,7.4,PARTIAL,0.5,77.8,7,179.5,20.0,3,OVERLOADED,3,21.4,HIGH,3,MEDIUM,2,TODO,1,1,1.0,66.3,42.0,-24.3,-24.3,63.35,0,0
00000000-0000-0000-0000-000000003eaa,Synthetic Dev 16,synth_dev_16@devalign.research,00000000-0000-0000-0000-000000014c32,Synthetic Task 17,00000000-0000-0000-0000-00000000755a,Synthetic Project 3,10.1,UNAVAILABLE,0.0,75.9,3,355.0,2.0,1,OVERLOADED,3,53.0,MEDIUM,2,LOW,1,TODO,4,2,0.5,69.43,25.43,-44.0,-78.9,37.69,0,0
00000000-0000-0000-0000-000000008cca,Synthetic Dev 36,synth_dev_36@devalign.research,00000000-0000-0000-0000-00000000c37a,Synthetic Task 10,00000000-0000-0000-0000-00000000273a,Synthetic Project 1,13.5,UNAVAILABLE,0.0,76.0,3,805.0,2.0,2,OVERLOADED,3,21.4,HIGH,3,MEDIUM,2,TODO,1,0,0.0,66.3,0.0,-66.3,-66.3,0.0,0,0
00000000-0000-0000-0000-000000002352,Synthetic Dev 9,synth_dev_9@devalign.research,00000000-0000-0000-0000-000000009c6a,Synthetic Task 8,00000000-0000-0000-0000-000000009c6a,Synthetic Project 4,14.3,UNAVAILABLE,0.0,94.7,6,0.0,2.0,0,AVAILABLE,0,40.8,HIGH,3,LOW,1,TODO,4,2,0.5,75.05,17.35,-57.7,-80.4,24.32,0,0
00000000-0000-0000-0000-000000007942,Synthetic Dev 31,synth_dev_31@devalign.research,00000000-0000-0000-0000-00000001119a,Synthetic Task 14,00000000-0000-0000-0000-00000000c37a,Synthetic Project 5,2.6,AVAILABLE,1.0,57.0,3,69.5,40.0,3,BALANCED,1,52.5,HIGH,3,CRITICAL,4,TODO,4,1,0.25,68.72,19.18,-49.55,-72.1,25.0,0,0
00000000-0000-0000-0000-00000000949a,Synthetic Dev 38,synth_dev_38@devalign.research,00000000-0000-0000-0000-00000000aff2,Synthetic Task 9,00000000-0000-0000-0000-00000000c37a,Synthetic Project 5,3.6,PARTIAL,0.5,69.1,6,104.0,20.0,3,OVERLOADED,3,34.8,LOW,1,HIGH,3,TODO,3,3,1.0,69.47,56.37,-13.1,-42.6,76.82,0,0
00000000-0000-0000-0000-00000000aff2,Synthetic Dev 45,synth_dev_45@devalign.research,00000000-0000-0000-0000-00000001119a,Synthetic Task 14,00000000-0000-0000-0000-00000000c37a,Synthetic Project 5,7.4,PARTIAL,0.5,77.8,7,179.5,20.0,3,OVERLOADED,3,52.5,HIGH,3,CRITICAL,4,TODO,4,4,1.0,68.72,45.6,-23.12,-33.9,66.6,0,0
00000000-0000-0000-0000-000000007d2a,Synthetic Dev 32,synth_dev_32@devalign.research,00000000-0000-0000-0000-000000003ac2,Synthetic Task 3,00000000-0000-0000-0000-000000009c6a,Synthetic Project 4,10.0,AVAILABLE,1.0,55.2,4,0.0,40.0,0,AVAILABLE,0,28.6,HIGH,3,HIGH,3,TODO,4,1,0.25,74.65,9.47,-65.17,-73.9,11.07,0,0
00000000-0000-0000-0000-000000007d2a,Synthetic Dev 32,synth_dev_32@devalign.research,00000000-0000-0000-0000-000000009c6a,Synthetic Task 8,00000000-0000-0000-0000-000000009c6a,Synthetic Project 4,10.0,AVAILABLE,1.0,55.2,4,0.0,40.0,0,AVAILABLE,0,40.8,HIGH,3,LOW,1,TODO,4,1,0.25,75.05,9.68,-65.38,-80.4,12.05,0,0
00000000-0000-0000-0000-000000003eaa,Synthetic Dev 16,synth_dev_16@devalign.research,00000000-0000-0000-0000-00000000c37a,Synthetic Task 10,00000000-0000-0000-0000-00000000273a,Synthetic Project 1,10.1,UNAVAILABLE,0.0,75.9,3,355.0,2.0,1,OVERLOADED,3,21.4,HIGH,3,MEDIUM,2,TODO,1,1,1.0,66.3,33.7,-32.6,-32.6,50.83,0,0
00000000-0000-0000-0000-000000008cca,Synthetic Dev 36,synth_dev_36@devalign.research,00000000-0000-0000-0000-00000000fe12,Synthetic Task 13,00000000-0000-0000-0000-000000009c6a,Synthetic Project 4,13.5,UNAVAILABLE,0.0,76.0,3,805.0,2.0,2,OVERLOADED,3,52.4,HIGH,3,MEDIUM,2,TODO,3,2,0.6667,68.67,53.9,-14.77,-61.9,64.37,0,0
00000000-0000-0000-0000-0000000069a2,Synthetic Dev 27,synth_dev_27@devalign.research,00000000-0000-0000-0000-00000002230a,Synthetic Task 28,00000000-0000-0000-0000-000000009c6a,Synthetic Project 4,6.8,UNAVAILABLE,0.0,86.3,7,805.0,2.0,2,OVERLOADED,3,45.0,LOW,1,HIGH,3,TODO,1,0,0.0,63.1,0.0,-63.1,-63.1,0.0,0,0
